dataset,seed,budget_per_class,learner,method,selected,selection_sec
digits,0,1,knn3,random,10,0.015732100000604987
digits,0,1,knn3,herding,10,0.017073700000764802
digits,0,1,knn3,kcenter,10,0.018096799991326407
digits,0,1,knn3,boundary,10,0.009882499987725168
digits,0,1,knn3,kmeans,10,0.013866099994629622
digits,0,1,knn3,marc,10,0.019882699998561293
digits,0,1,knn3,badge,10,0.019118900003377348
digits,0,2,knn3,random,20,0.00629390001995489
digits,0,2,knn3,herding,20,0.0070155000139493495
digits,0,2,knn3,kcenter,20,0.009154100000159815
digits,0,2,knn3,boundary,20,0.007062999997287989
digits,0,2,knn3,kmeans,20,0.04285830000299029
digits,0,2,knn3,marc,20,0.0407749000005424
digits,0,2,knn3,badge,20,0.0063381000072695315
digits,1,1,knn3,random,10,0.006501900003058836
digits,1,1,knn3,herding,10,0.007280499994521961
digits,1,1,knn3,kcenter,10,0.011936199996853247
digits,1,1,knn3,boundary,10,0.006883099995320663
digits,1,1,knn3,kmeans,10,0.006631299998844042
digits,1,1,knn3,marc,10,0.007881199999246746
digits,1,1,knn3,badge,10,0.006237699999473989
digits,1,2,knn3,random,20,0.007108400022843853
digits,1,2,knn3,herding,20,0.007058999995933846
digits,1,2,knn3,kcenter,20,0.009698900015791878
digits,1,2,knn3,boundary,20,0.006150800007162616
digits,1,2,knn3,kmeans,20,0.04659770001308061
digits,1,2,knn3,marc,20,0.046389900002395734
digits,1,2,knn3,badge,20,0.006768399995053187
digits,2,1,knn3,random,10,0.006890299991937354
digits,2,1,knn3,herding,10,0.006854500010376796
digits,2,1,knn3,kcenter,10,0.006377800018526614
digits,2,1,knn3,boundary,10,0.005737700004829094
digits,2,1,knn3,kmeans,10,0.006914900004630908
digits,2,1,knn3,marc,10,0.008606899995356798
digits,2,1,knn3,badge,10,0.005818399979034439
digits,2,2,knn3,random,20,0.0071635000058449805
digits,2,2,knn3,herding,20,0.00780220000888221
digits,2,2,knn3,kcenter,20,0.011522000015247613
digits,2,2,knn3,boundary,20,0.01048529997933656
digits,2,2,knn3,kmeans,20,0.04610420000972226
digits,2,2,knn3,marc,20,0.04541439999593422
digits,2,2,knn3,badge,20,0.009252799995010719
digits,3,1,knn3,random,10,0.005103300005430356
digits,3,1,knn3,herding,10,0.006076899997424334
digits,3,1,knn3,kcenter,10,0.0069247000210452825
digits,3,1,knn3,boundary,10,0.005677400011336431
digits,3,1,knn3,kmeans,10,0.005766300018876791
digits,3,1,knn3,marc,10,0.009331599983852357
digits,3,1,knn3,badge,10,0.006375700002536178
digits,3,2,knn3,random,20,0.012430199974915013
digits,3,2,knn3,herding,20,0.005412099999375641
digits,3,2,knn3,kcenter,20,0.01969210000243038
digits,3,2,knn3,boundary,20,0.009688100020866841
digits,3,2,knn3,kmeans,20,0.07405460000154562
digits,3,2,knn3,marc,20,0.06718220000038855
digits,3,2,knn3,badge,20,0.016414400015491992
digits,4,1,knn3,random,10,0.008323899994138628
digits,4,1,knn3,herding,10,0.022198299993760884
digits,4,1,knn3,kcenter,10,0.014595100015867501
digits,4,1,knn3,boundary,10,0.01774519999162294
digits,4,1,knn3,kmeans,10,0.012424399988958612
digits,4,1,knn3,marc,10,0.006837299995822832
digits,4,1,knn3,badge,10,0.004965500003891066
digits,4,2,knn3,random,20,0.011364299978595227
digits,4,2,knn3,herding,20,0.010724499996285886
digits,4,2,knn3,kcenter,20,0.020670900004915893
digits,4,2,knn3,boundary,20,0.009265400003641844
digits,4,2,knn3,kmeans,20,0.05880929998238571
digits,4,2,knn3,marc,20,0.11028180000721477
digits,4,2,knn3,badge,20,0.01436570001533255
digits,5,1,knn3,random,10,0.00594709999859333
digits,5,1,knn3,herding,10,0.006879799999296665
digits,5,1,knn3,kcenter,10,0.008410100010223687
digits,5,1,knn3,boundary,10,0.006166999984998256
digits,5,1,knn3,kmeans,10,0.006804799981182441
digits,5,1,knn3,marc,10,0.00882139999885112
digits,5,1,knn3,badge,10,0.00542410000343807
digits,5,2,knn3,random,20,0.008386800007428974
digits,5,2,knn3,herding,20,0.00726280000526458
digits,5,2,knn3,kcenter,20,0.013641899975482374
digits,5,2,knn3,boundary,20,0.008364599983906373
digits,5,2,knn3,kmeans,20,0.05045360000804067
digits,5,2,knn3,marc,20,0.04475169998477213
digits,5,2,knn3,badge,20,0.004871300014201552
digits,6,1,knn3,random,10,0.006040200009010732
digits,6,1,knn3,herding,10,0.007686099997954443
digits,6,1,knn3,kcenter,10,0.01712429997860454
digits,6,1,knn3,boundary,10,0.018450000003213063
digits,6,1,knn3,kmeans,10,0.01747390002128668
digits,6,1,knn3,marc,10,0.017930800007889047
digits,6,1,knn3,badge,10,0.01478629998746328
digits,6,2,knn3,random,20,0.0062135999905876815
digits,6,2,knn3,herding,20,0.0065224999852944165
digits,6,2,knn3,kcenter,20,0.011342299985699356
digits,6,2,knn3,boundary,20,0.0049875999975483865
digits,6,2,knn3,kmeans,20,0.03765969999949448
digits,6,2,knn3,marc,20,0.05199869998614304
digits,6,2,knn3,badge,20,0.013942999998107553
digits,7,1,knn3,random,10,0.0060381999937817454
digits,7,1,knn3,herding,10,0.005865600018296391
digits,7,1,knn3,kcenter,10,0.006845900003099814
digits,7,1,knn3,boundary,10,0.005703799979528412
digits,7,1,knn3,kmeans,10,0.008820399991236627
digits,7,1,knn3,marc,10,0.00952079999842681
digits,7,1,knn3,badge,10,0.006784700002754107
digits,7,2,knn3,random,20,0.005577700008871034
digits,7,2,knn3,herding,20,0.005764800007455051
digits,7,2,knn3,kcenter,20,0.017932999995537102
digits,7,2,knn3,boundary,20,0.005969200021354482
digits,7,2,knn3,kmeans,20,0.04490609999629669
digits,7,2,knn3,marc,20,0.03858799999579787
digits,7,2,knn3,badge,20,0.006591899989871308
iris,0,1,knn3,random,3,0.0008219000010285527
iris,0,1,knn3,herding,3,0.0011781999783124775
iris,0,1,knn3,kcenter,3,0.001041999988956377
iris,0,1,knn3,boundary,3,0.000987200008239597
iris,0,1,knn3,kmeans,3,0.0009126999939326197
iris,0,1,knn3,marc,3,0.0012796999944839627
iris,0,1,knn3,badge,3,0.0007366999925579876
iris,0,2,knn3,random,6,0.0008070000039879233
iris,0,2,knn3,herding,6,0.0012735000054817647
iris,0,2,knn3,kcenter,6,0.0012566999939735979
iris,0,2,knn3,boundary,6,0.0007743999885860831
iris,0,2,knn3,kmeans,6,0.004157799994572997
iris,0,2,knn3,marc,6,0.005890600004931912
iris,0,2,knn3,badge,6,0.000758999987738207
iris,1,1,knn3,random,3,0.0009417999826837331
iris,1,1,knn3,herding,3,0.0009554999996908009
iris,1,1,knn3,kcenter,3,0.000968100008321926
iris,1,1,knn3,boundary,3,0.0007995000050868839
iris,1,1,knn3,kmeans,3,0.000901999999769032
iris,1,1,knn3,marc,3,0.0021182000054977834
iris,1,1,knn3,badge,3,0.0007055000169202685
iris,1,2,knn3,random,6,0.0009037999843712896
iris,1,2,knn3,herding,6,0.0009051999950315803
iris,1,2,knn3,kcenter,6,0.001122299989219755
iris,1,2,knn3,boundary,6,0.0007562999962829053
iris,1,2,knn3,kmeans,6,0.005276699987007305
iris,1,2,knn3,marc,6,0.009403399977600202
iris,1,2,knn3,badge,6,0.0011551000061444938
iris,2,1,knn3,random,3,0.0022889999963808805
iris,2,1,knn3,herding,3,0.0026529000024311244
iris,2,1,knn3,kcenter,3,0.0036572000244632363
iris,2,1,knn3,boundary,3,0.003814700001385063
iris,2,1,knn3,kmeans,3,0.0014297000016085804
iris,2,1,knn3,marc,3,0.0010646000155247748
iris,2,1,knn3,badge,3,0.0014432999887503684
iris,2,2,knn3,random,6,0.0010787000064738095
iris,2,2,knn3,herding,6,0.0010423000203445554
iris,2,2,knn3,kcenter,6,0.002424700011033565
iris,2,2,knn3,boundary,6,0.0021172999986447394
iris,2,2,knn3,kmeans,6,0.006947500020032749
iris,2,2,knn3,marc,6,0.012889800011180341
iris,2,2,knn3,badge,6,0.0015449000056833029
iris,3,1,knn3,random,3,0.0008972000214271247
iris,3,1,knn3,herding,3,0.0011378999915905297
iris,3,1,knn3,kcenter,3,0.001493599993409589
iris,3,1,knn3,boundary,3,0.0013455999724101275
iris,3,1,knn3,kmeans,3,0.003836200019577518
iris,3,1,knn3,marc,3,0.0028882000187877566
iris,3,1,knn3,badge,3,0.0011658000003080815
iris,3,2,knn3,random,6,0.0012846000026911497
iris,3,2,knn3,herding,6,0.0009054000256583095
iris,3,2,knn3,kcenter,6,0.004588599986163899
iris,3,2,knn3,boundary,6,0.0032543000124860555
iris,3,2,knn3,kmeans,6,0.009002100006910041
iris,3,2,knn3,marc,6,0.006637199985561892
iris,3,2,knn3,badge,6,0.0007186000002548099
iris,4,1,knn3,random,3,0.0008171999943442643
iris,4,1,knn3,herding,3,0.000974599999608472
iris,4,1,knn3,kcenter,3,0.0010173000046052039
iris,4,1,knn3,boundary,3,0.0006930999807082117
iris,4,1,knn3,kmeans,3,0.0008845999836921692
iris,4,1,knn3,marc,3,0.001574800000526011
iris,4,1,knn3,badge,3,0.000812700018286705
iris,4,2,knn3,random,6,0.0009125999931711704
iris,4,2,knn3,herding,6,0.0010176000068895519
iris,4,2,knn3,kcenter,6,0.003121599991573021
iris,4,2,knn3,boundary,6,0.0007825999928172678
iris,4,2,knn3,kmeans,6,0.011281400016741827
iris,4,2,knn3,marc,6,0.015800099994521588
iris,4,2,knn3,badge,6,0.0012987000227440149
iris,5,1,knn3,random,3,0.0025089000118896365
iris,5,1,knn3,herding,3,0.001300199975958094
iris,5,1,knn3,kcenter,3,0.0017892999749165028
iris,5,1,knn3,boundary,3,0.001323700009379536
iris,5,1,knn3,kmeans,3,0.0014983000000938773
iris,5,1,knn3,marc,3,0.0011089000036008656
iris,5,1,knn3,badge,3,0.0009207999974023551
iris,5,2,knn3,random,6,0.0009577000164426863
iris,5,2,knn3,herding,6,0.0010209000029135495
iris,5,2,knn3,kcenter,6,0.0011698999733198434
iris,5,2,knn3,boundary,6,0.0009483000030741096
iris,5,2,knn3,kmeans,6,0.003755999990971759
iris,5,2,knn3,marc,6,0.005728599993744865
iris,5,2,knn3,badge,6,0.000834399979794398
iris,6,1,knn3,random,3,0.0027184000064153224
iris,6,1,knn3,herding,3,0.0008769999840296805
iris,6,1,knn3,kcenter,3,0.0018446000176481903
iris,6,1,knn3,boundary,3,0.0008456000068690628
iris,6,1,knn3,kmeans,3,0.0015947000065352768
iris,6,1,knn3,marc,3,0.0010220000112894922
iris,6,1,knn3,badge,3,0.0007863999926485121
iris,6,2,knn3,random,6,0.0011916999937966466
iris,6,2,knn3,herding,6,0.0011857000063173473
iris,6,2,knn3,kcenter,6,0.001602899981662631
iris,6,2,knn3,boundary,6,0.001190200011478737
iris,6,2,knn3,kmeans,6,0.015585900022415444
iris,6,2,knn3,marc,6,0.005433500016806647
iris,6,2,knn3,badge,6,0.0007678000256419182
iris,7,1,knn3,random,3,0.0009104999771807343
iris,7,1,knn3,herding,3,0.000904799991985783
iris,7,1,knn3,kcenter,3,0.0013106999977026135
iris,7,1,knn3,boundary,3,0.00321660001645796
iris,7,1,knn3,kmeans,3,0.001036700006807223
iris,7,1,knn3,marc,3,0.0010160999954678118
iris,7,1,knn3,badge,3,0.0009203999943565577
iris,7,2,knn3,random,6,0.0010278999980073422
iris,7,2,knn3,herding,6,0.0009095999994315207
iris,7,2,knn3,kcenter,6,0.0013103000237606466
iris,7,2,knn3,boundary,6,0.0007968000136315823
iris,7,2,knn3,kmeans,6,0.0033598000009078532
iris,7,2,knn3,marc,6,0.003222800005460158
iris,7,2,knn3,badge,6,0.0007419000030495226
wine,0,1,knn3,random,3,0.000964700011536479
wine,0,1,knn3,herding,3,0.0009479000000283122
wine,0,1,knn3,kcenter,3,0.001124100002925843
wine,0,1,knn3,boundary,3,0.0031589000136591494
wine,0,1,knn3,kmeans,3,0.003042299998924136
wine,0,1,knn3,marc,3,0.0030869999900460243
wine,0,1,knn3,badge,3,0.004098400007933378
wine,0,2,knn3,random,6,0.0025864999915938824
wine,0,2,knn3,herding,6,0.0013855000142939389
wine,0,2,knn3,kcenter,6,0.001422800007276237
wine,0,2,knn3,boundary,6,0.0020447999995667487
wine,0,2,knn3,kmeans,6,0.014071099983993918
wine,0,2,knn3,marc,6,0.010302300011971965
wine,0,2,knn3,badge,6,0.0011670000094454736
wine,1,1,knn3,random,3,0.0008403999963775277
wine,1,1,knn3,herding,3,0.0028833000105805695
wine,1,1,knn3,kcenter,3,0.0014787999971304089
wine,1,1,knn3,boundary,3,0.0009876999829430133
wine,1,1,knn3,kmeans,3,0.001272099994821474
wine,1,1,knn3,marc,3,0.0016164999979082495
wine,1,1,knn3,badge,3,0.0013917999749537557
wine,1,2,knn3,random,6,0.0027156999858561903
wine,1,2,knn3,herding,6,0.002861699991626665
wine,1,2,knn3,kcenter,6,0.004734700021799654
wine,1,2,knn3,boundary,6,0.0017216000123880804
wine,1,2,knn3,kmeans,6,0.01799989998107776
wine,1,2,knn3,marc,6,0.0170116999943275
wine,1,2,knn3,badge,6,0.0011437000066507608
wine,2,1,knn3,random,3,0.002476499998010695
wine,2,1,knn3,herding,3,0.0019178999937139452
wine,2,1,knn3,kcenter,3,0.0021244999952614307
wine,2,1,knn3,boundary,3,0.001206200016895309
wine,2,1,knn3,kmeans,3,0.001043500000378117
wine,2,1,knn3,marc,3,0.0010037000174634159
wine,2,1,knn3,badge,3,0.0008034999773371965
wine,2,2,knn3,random,6,0.001288400002522394
wine,2,2,knn3,herding,6,0.006321699998807162
wine,2,2,knn3,kcenter,6,0.0033860999974422157
wine,2,2,knn3,boundary,6,0.0015869999770075083
wine,2,2,knn3,kmeans,6,0.005337799986591563
wine,2,2,knn3,marc,6,0.008544700016500428
wine,2,2,knn3,badge,6,0.0013179999950807542
wine,3,1,knn3,random,3,0.0009667000267654657
wine,3,1,knn3,herding,3,0.003474199998890981
wine,3,1,knn3,kcenter,3,0.0018214000156149268
wine,3,1,knn3,boundary,3,0.0012146999943070114
wine,3,1,knn3,kmeans,3,0.0019626999855972826
wine,3,1,knn3,marc,3,0.0012308000004850328
wine,3,1,knn3,badge,3,0.001220199977979064
wine,3,2,knn3,random,6,0.002519999979995191
wine,3,2,knn3,herding,6,0.0011757999891415238
wine,3,2,knn3,kcenter,6,0.0014937999949324876
wine,3,2,knn3,boundary,6,0.0009465999901294708
wine,3,2,knn3,kmeans,6,0.005939199996646494
wine,3,2,knn3,marc,6,0.006801599985919893
wine,3,2,knn3,badge,6,0.003041899995878339
wine,4,1,knn3,random,3,0.0008397999918088317
wine,4,1,knn3,herding,3,0.0009238000202458352
wine,4,1,knn3,kcenter,3,0.001806799991754815
wine,4,1,knn3,boundary,3,0.000811200006864965
wine,4,1,knn3,kmeans,3,0.001737599988700822
wine,4,1,knn3,marc,3,0.0015297000063583255
wine,4,1,knn3,badge,3,0.0009253000025637448
wine,4,2,knn3,random,6,0.0012974000128451735
wine,4,2,knn3,herding,6,0.0010660999978426844
wine,4,2,knn3,kcenter,6,0.00134830002207309
wine,4,2,knn3,boundary,6,0.0009240000217687339
wine,4,2,knn3,kmeans,6,0.004640500003006309
wine,4,2,knn3,marc,6,0.0085073999944143
wine,4,2,knn3,badge,6,0.0020660999871324748
wine,5,1,knn3,random,3,0.0009703999967314303
wine,5,1,knn3,herding,3,0.0011607999913394451
wine,5,1,knn3,kcenter,3,0.001079899986507371
wine,5,1,knn3,boundary,3,0.0010202999983448535
wine,5,1,knn3,kmeans,3,0.0012716999917756766
wine,5,1,knn3,marc,3,0.0013213000202085823
wine,5,1,knn3,badge,3,0.0011471999750938267
wine,5,2,knn3,random,6,0.0011983999866060913
wine,5,2,knn3,herding,6,0.0012685999972745776
wine,5,2,knn3,kcenter,6,0.0023566000163555145
wine,5,2,knn3,boundary,6,0.0010276999964844435
wine,5,2,knn3,kmeans,6,0.00598420001915656
wine,5,2,knn3,marc,6,0.01033849999657832
wine,5,2,knn3,badge,6,0.0009413000079803169
wine,6,1,knn3,random,3,0.0010890999983530492
wine,6,1,knn3,herding,3,0.003448999981628731
wine,6,1,knn3,kcenter,3,0.0014665999915450811
wine,6,1,knn3,boundary,3,0.0017800999921746552
wine,6,1,knn3,kmeans,3,0.0013715999957639724
wine,6,1,knn3,marc,3,0.0016179000085685402
wine,6,1,knn3,badge,3,0.0012085999769624323
wine,6,2,knn3,random,6,0.0009469999931752682
wine,6,2,knn3,herding,6,0.0010085999965667725
wine,6,2,knn3,kcenter,6,0.001186500012408942
wine,6,2,knn3,boundary,6,0.0008621000160928816
wine,6,2,knn3,kmeans,6,0.005267600005026907
wine,6,2,knn3,marc,6,0.004816600005142391
wine,6,2,knn3,badge,6,0.0008719000034034252
wine,7,1,knn3,random,3,0.0008496000082232058
wine,7,1,knn3,herding,3,0.0009037999843712896
wine,7,1,knn3,kcenter,3,0.0016939000051934272
wine,7,1,knn3,boundary,3,0.0016423999913968146
wine,7,1,knn3,kmeans,3,0.00235280001652427
wine,7,1,knn3,marc,3,0.003568899992387742
wine,7,1,knn3,badge,3,0.0015170999977272004
wine,7,2,knn3,random,6,0.0008502999844495207
wine,7,2,knn3,herding,6,0.0009031000081449747
wine,7,2,knn3,kcenter,6,0.0011455000203568488
wine,7,2,knn3,boundary,6,0.0008011999889276922
wine,7,2,knn3,kmeans,6,0.005491799995070323
wine,7,2,knn3,marc,6,0.007049800013191998
wine,7,2,knn3,badge,6,0.0007987999997567385
breast_cancer,0,1,knn3,random,2,0.0020420000073499978
breast_cancer,0,1,knn3,herding,2,0.001712900004349649
breast_cancer,0,1,knn3,kcenter,2,0.0027860999980475754
breast_cancer,0,1,knn3,boundary,2,0.00162830000044778
breast_cancer,0,1,knn3,kmeans,2,0.0017392000008840114
breast_cancer,0,1,knn3,marc,2,0.001891699997941032
breast_cancer,0,1,knn3,badge,2,0.0016310999926645309
breast_cancer,0,2,knn3,random,4,0.0018288999854121357
breast_cancer,0,2,knn3,herding,4,0.0029380999912973493
breast_cancer,0,2,knn3,kcenter,4,0.002239200024632737
breast_cancer,0,2,knn3,boundary,4,0.0016901000053621829
breast_cancer,0,2,knn3,kmeans,4,0.009512700024060905
breast_cancer,0,2,knn3,marc,4,0.012222799996379763
breast_cancer,0,2,knn3,badge,4,0.0020687999785877764
breast_cancer,1,1,knn3,random,2,0.0018415999948047101
breast_cancer,1,1,knn3,herding,2,0.0019001000036951154
breast_cancer,1,1,knn3,kcenter,2,0.002753799984930083
breast_cancer,1,1,knn3,boundary,2,0.0036213999846950173
breast_cancer,1,1,knn3,kmeans,2,0.0029682000167667866
breast_cancer,1,1,knn3,marc,2,0.002159900002880022
breast_cancer,1,1,knn3,badge,2,0.001648300007218495
breast_cancer,1,2,knn3,random,4,0.0018409999902360141
breast_cancer,1,2,knn3,herding,4,0.001871999993454665
breast_cancer,1,2,knn3,kcenter,4,0.002303699991898611
breast_cancer,1,2,knn3,boundary,4,0.0017117999959737062
breast_cancer,1,2,knn3,kmeans,4,0.011582400009501725
breast_cancer,1,2,knn3,marc,4,0.013207200012402609
breast_cancer,1,2,knn3,badge,4,0.004505400022026151
breast_cancer,2,1,knn3,random,2,0.0049909999943338335
breast_cancer,2,1,knn3,herding,2,0.003729499992914498
breast_cancer,2,1,knn3,kcenter,2,0.004783300013514236
breast_cancer,2,1,knn3,boundary,2,0.004058399994391948
breast_cancer,2,1,knn3,kmeans,2,0.010499700001673773
breast_cancer,2,1,knn3,marc,2,0.00432780000846833
breast_cancer,2,1,knn3,badge,2,0.0035672000085469335
breast_cancer,2,2,knn3,random,4,0.0069269000086933374
breast_cancer,2,2,knn3,herding,4,0.0021840000117663294
breast_cancer,2,2,knn3,kcenter,4,0.0033254000009037554
breast_cancer,2,2,knn3,boundary,4,0.0018585000070743263
breast_cancer,2,2,knn3,kmeans,4,0.008900599990738556
breast_cancer,2,2,knn3,marc,4,0.010837699985131621
breast_cancer,2,2,knn3,badge,4,0.0023153999936766922
breast_cancer,3,1,knn3,random,2,0.001883999997517094
breast_cancer,3,1,knn3,herding,2,0.002593499986687675
breast_cancer,3,1,knn3,kcenter,2,0.002398900018306449
breast_cancer,3,1,knn3,boundary,2,0.001806199987186119
breast_cancer,3,1,knn3,kmeans,2,0.002241100009996444
breast_cancer,3,1,knn3,marc,2,0.0018330000166315585
breast_cancer,3,1,knn3,badge,2,0.0017587000038474798
breast_cancer,3,2,knn3,random,4,0.0025388000067323446
breast_cancer,3,2,knn3,herding,4,0.002502999996067956
breast_cancer,3,2,knn3,kcenter,4,0.004893999983323738
breast_cancer,3,2,knn3,boundary,4,0.005751299991970882
breast_cancer,3,2,knn3,kmeans,4,0.017538200016133487
breast_cancer,3,2,knn3,marc,4,0.022069499973440543
breast_cancer,3,2,knn3,badge,4,0.004133799986448139
breast_cancer,4,1,knn3,random,2,0.0022582999954465777
breast_cancer,4,1,knn3,herding,2,0.0021955999836791307
breast_cancer,4,1,knn3,kcenter,2,0.003001600009156391
breast_cancer,4,1,knn3,boundary,2,0.0020795000018551946
breast_cancer,4,1,knn3,kmeans,2,0.0028753000078722835
breast_cancer,4,1,knn3,marc,2,0.001995099999476224
breast_cancer,4,1,knn3,badge,2,0.0023615999962203205
breast_cancer,4,2,knn3,random,4,0.0016408999799750745
breast_cancer,4,2,knn3,herding,4,0.0018948000215459615
breast_cancer,4,2,knn3,kcenter,4,0.002745300007518381
breast_cancer,4,2,knn3,boundary,4,0.0018216999887954444
breast_cancer,4,2,knn3,kmeans,4,0.007631900021806359
breast_cancer,4,2,knn3,marc,4,0.008183600002666935
breast_cancer,4,2,knn3,badge,4,0.00156460001016967
breast_cancer,5,1,knn3,random,2,0.002120899996953085
breast_cancer,5,1,knn3,herding,2,0.0018266999977640808
breast_cancer,5,1,knn3,kcenter,2,0.0022044999932404608
breast_cancer,5,1,knn3,boundary,2,0.0016376000130549073
breast_cancer,5,1,knn3,kmeans,2,0.0020308000093791634
breast_cancer,5,1,knn3,marc,2,0.002386000007390976
breast_cancer,5,1,knn3,badge,2,0.003802999999606982
breast_cancer,5,2,knn3,random,4,0.004152599984081462
breast_cancer,5,2,knn3,herding,4,0.0017115999944508076
breast_cancer,5,2,knn3,kcenter,4,0.00622280000243336
breast_cancer,5,2,knn3,boundary,4,0.004514700005529448
breast_cancer,5,2,knn3,kmeans,4,0.04301120000309311
breast_cancer,5,2,knn3,marc,4,0.0324378999939654
breast_cancer,5,2,knn3,badge,4,0.005075400025816634
breast_cancer,6,1,knn3,random,2,0.0018666000105440617
breast_cancer,6,1,knn3,herding,2,0.00358099999721162
breast_cancer,6,1,knn3,kcenter,2,0.002670299989404157
breast_cancer,6,1,knn3,boundary,2,0.002493700012564659
breast_cancer,6,1,knn3,kmeans,2,0.0017641999875195324
breast_cancer,6,1,knn3,marc,2,0.0028335000097285956
breast_cancer,6,1,knn3,badge,2,0.0017340000194963068
breast_cancer,6,2,knn3,random,4,0.002655599993886426
breast_cancer,6,2,knn3,herding,4,0.0018935000116471201
breast_cancer,6,2,knn3,kcenter,4,0.0028091999993193895
breast_cancer,6,2,knn3,boundary,4,0.0017585000023245811
breast_cancer,6,2,knn3,kmeans,4,0.012643599999137223
breast_cancer,6,2,knn3,marc,4,0.011214600002858788
breast_cancer,6,2,knn3,badge,4,0.0015736999921500683
breast_cancer,7,1,knn3,random,2,0.0016175000055227429
breast_cancer,7,1,knn3,herding,2,0.0026698000147007406
breast_cancer,7,1,knn3,kcenter,2,0.0020469999872148037
breast_cancer,7,1,knn3,boundary,2,0.001874100009445101
breast_cancer,7,1,knn3,kmeans,2,0.0026453000027686357
breast_cancer,7,1,knn3,marc,2,0.003260900004534051
breast_cancer,7,1,knn3,badge,2,0.0017858999781310558
breast_cancer,7,2,knn3,random,4,0.002594699995825067
breast_cancer,7,2,knn3,herding,4,0.0028861000027973205
breast_cancer,7,2,knn3,kcenter,4,0.0028566000110004097
breast_cancer,7,2,knn3,boundary,4,0.0016849999956320971
breast_cancer,7,2,knn3,kmeans,4,0.008649399998830631
breast_cancer,7,2,knn3,marc,4,0.0254420000128448
breast_cancer,7,2,knn3,badge,4,0.0016937000036705285
20newsgroups,0,1,knn3,random,20,0.46693900000536814
20newsgroups,0,1,knn3,herding,20,0.6966385999985505
20newsgroups,0,1,knn3,kcenter,20,0.6314951000094879
20newsgroups,0,1,knn3,boundary,20,0.4485323000117205
20newsgroups,0,1,knn3,kmeans,20,0.9832553000014741
20newsgroups,0,1,knn3,marc,20,0.7765696999849752
20newsgroups,0,1,knn3,badge,20,0.5851351999735925
20newsgroups,0,2,knn3,random,40,0.4872315999818966
20newsgroups,0,2,knn3,herding,40,0.7206197000050452
20newsgroups,0,2,knn3,kcenter,40,0.7534354999952484
20newsgroups,0,2,knn3,boundary,40,0.5022658000234514
20newsgroups,0,2,knn3,kmeans,40,3.083182200003648
20newsgroups,0,2,knn3,marc,40,3.348348100000294
20newsgroups,0,2,knn3,badge,40,0.5373969000065699
20newsgroups,1,1,knn3,random,20,0.4088984999980312
20newsgroups,1,1,knn3,herding,20,0.6668946999998298
20newsgroups,1,1,knn3,kcenter,20,0.5949238000030164
20newsgroups,1,1,knn3,boundary,20,0.39564400000381283
20newsgroups,1,1,knn3,kmeans,20,0.6572223999828566
20newsgroups,1,1,knn3,marc,20,0.8869558000005782
20newsgroups,1,1,knn3,badge,20,0.4970296999963466
20newsgroups,1,2,knn3,random,40,0.4179695999773685
20newsgroups,1,2,knn3,herding,40,0.6498668999993242
20newsgroups,1,2,knn3,kcenter,40,0.6972498000250198
20newsgroups,1,2,knn3,boundary,40,0.5415332000120543
20newsgroups,1,2,knn3,kmeans,40,3.724609500000952
20newsgroups,1,2,knn3,marc,40,3.910469299997203
20newsgroups,1,2,knn3,badge,40,0.4732555000227876
20newsgroups,2,1,knn3,random,20,0.5042735999741126
20newsgroups,2,1,knn3,herding,20,0.7784623999905307
20newsgroups,2,1,knn3,kcenter,20,0.7265683000150602
20newsgroups,2,1,knn3,boundary,20,0.5374028999940492
20newsgroups,2,1,knn3,kmeans,20,0.8059205999888945
20newsgroups,2,1,knn3,marc,20,0.9109444999776315
20newsgroups,2,1,knn3,badge,20,0.44532080000499263
20newsgroups,2,2,knn3,random,40,0.47033430001465604
20newsgroups,2,2,knn3,herding,40,0.642047300003469
20newsgroups,2,2,knn3,kcenter,40,0.6586917000240646
20newsgroups,2,2,knn3,boundary,40,0.5182043999957386
20newsgroups,2,2,knn3,kmeans,40,2.721585599996615
20newsgroups,2,2,knn3,marc,40,1.8309236000059173
20newsgroups,2,2,knn3,badge,40,0.2951510999992024
20newsgroups,3,1,knn3,random,20,0.542066199996043
20newsgroups,3,1,knn3,herding,20,0.8554856000118889
20newsgroups,3,1,knn3,kcenter,20,0.7628534999967087
20newsgroups,3,1,knn3,boundary,20,0.5420067000086419
20newsgroups,3,1,knn3,kmeans,20,0.8268051999912132
20newsgroups,3,1,knn3,marc,20,0.8627311000018381
20newsgroups,3,1,knn3,badge,20,0.45253159999265336
20newsgroups,3,2,knn3,random,40,0.4615823999920394
20newsgroups,3,2,knn3,herding,40,0.6929633999825455
20newsgroups,3,2,knn3,kcenter,40,0.618250600004103
20newsgroups,3,2,knn3,boundary,40,0.42250639997655526
20newsgroups,3,2,knn3,kmeans,40,2.727495300001465
20newsgroups,3,2,knn3,marc,40,2.846664199983934
20newsgroups,3,2,knn3,badge,40,0.4883126000058837
20newsgroups,4,1,knn3,random,20,0.38840549997985363
20newsgroups,4,1,knn3,herding,20,0.6891391000244766
20newsgroups,4,1,knn3,kcenter,20,0.5352674000023399
20newsgroups,4,1,knn3,boundary,20,0.4375716999929864
20newsgroups,4,1,knn3,kmeans,20,0.7004916000005323
20newsgroups,4,1,knn3,marc,20,0.6524580999976024
20newsgroups,4,1,knn3,badge,20,0.39631830001599155
20newsgroups,4,2,knn3,random,40,0.2922488999902271
20newsgroups,4,2,knn3,herding,40,0.44211730000097305
20newsgroups,4,2,knn3,kcenter,40,0.3734935999964364
20newsgroups,4,2,knn3,boundary,40,0.2558638999762479
20newsgroups,4,2,knn3,kmeans,40,2.099298999994062
20newsgroups,4,2,knn3,marc,40,2.173640399996657
20newsgroups,4,2,knn3,badge,40,0.35640009999042377
20newsgroups,5,1,knn3,random,20,0.28673479999997653
20newsgroups,5,1,knn3,herding,20,0.510905900009675
20newsgroups,5,1,knn3,kcenter,20,0.37211940000997856
20newsgroups,5,1,knn3,boundary,20,0.31546959999832325
20newsgroups,5,1,knn3,kmeans,20,0.553621099999873
20newsgroups,5,1,knn3,marc,20,0.6334847999969497
20newsgroups,5,1,knn3,badge,20,0.3295164000010118
20newsgroups,5,2,knn3,random,40,0.36905680000199936
20newsgroups,5,2,knn3,herding,40,0.6666341999953147
20newsgroups,5,2,knn3,kcenter,40,0.608759499998996
20newsgroups,5,2,knn3,boundary,40,0.4181113999802619
20newsgroups,5,2,knn3,kmeans,40,1.8174125000077765
20newsgroups,5,2,knn3,marc,40,2.0105485999956727
20newsgroups,5,2,knn3,badge,40,0.34002860001055524
20newsgroups,6,1,knn3,random,20,0.3109573000110686
20newsgroups,6,1,knn3,herding,20,0.5810738000145648
20newsgroups,6,1,knn3,kcenter,20,0.3787720999971498
20newsgroups,6,1,knn3,boundary,20,0.27761499999905936
20newsgroups,6,1,knn3,kmeans,20,0.5711751000199001
20newsgroups,6,1,knn3,marc,20,0.5318766999989748
20newsgroups,6,1,knn3,badge,20,0.3282692000211682
20newsgroups,6,2,knn3,random,40,0.2545308999833651
20newsgroups,6,2,knn3,herding,40,0.44314019999001175
20newsgroups,6,2,knn3,kcenter,40,0.3754751000087708
20newsgroups,6,2,knn3,boundary,40,0.30087259999709204
20newsgroups,6,2,knn3,kmeans,40,2.794922000000952
20newsgroups,6,2,knn3,marc,40,1.9646841999783646
20newsgroups,6,2,knn3,badge,40,0.295967699988978
20newsgroups,7,1,knn3,random,20,0.4994554999866523
20newsgroups,7,1,knn3,herding,20,0.7003919999988284
20newsgroups,7,1,knn3,kcenter,20,0.6319235999835655
20newsgroups,7,1,knn3,boundary,20,0.4778291000111494
20newsgroups,7,1,knn3,kmeans,20,1.0597447999753058
20newsgroups,7,1,knn3,marc,20,1.0118141999992076
20newsgroups,7,1,knn3,badge,20,0.46944700001040474
20newsgroups,7,2,knn3,random,40,0.2940346999967005
20newsgroups,7,2,knn3,herding,40,0.5131337000057101
20newsgroups,7,2,knn3,kcenter,40,0.39046560000861064
20newsgroups,7,2,knn3,boundary,40,0.28676719998475164
20newsgroups,7,2,knn3,kmeans,40,1.6588526999985334
20newsgroups,7,2,knn3,marc,40,1.8392602000094485
20newsgroups,7,2,knn3,badge,40,0.27467969999997877
