budget_per_class,method,accuracy_mean,macro_f1_mean
1,badge,0.37490639378976465,0.3599734379670142
1,boundary,0.30301884897855613,0.29458859014851607
1,herding,0.7035394235204803,0.6923559956238171
1,kcenter,0.7037693492367872,0.6923769697360193
1,kmeans,0.7037693492367872,0.6923769697360193
1,marc,0.7037693492367872,0.6923769697360193
1,random,0.650099310395235,0.6385840354828276
1,vacs,0.7041284853449505,0.6997866101197221
2,badge,0.40350847198174655,0.3906867096537351
2,boundary,0.3406678128475692,0.3306492998494684
2,herding,0.7083272955853849,0.6969749339645388
2,kcenter,0.6422615774786571,0.624512149206075
2,kmeans,0.7020894788212523,0.6902903774307994
2,marc,0.7072361292976181,0.6964098125754401
2,random,0.6684505673500656,0.6573651194233723
2,vacs,0.7081626706342558,0.7038126515820676
4,badge,0.46263081614837703,0.4525598101754886
4,boundary,0.3944539609005614,0.3870733121020199
4,herding,0.7088540630208151,0.6973813309109201
4,kcenter,0.651661927831803,0.6366819371892305
4,kmeans,0.7227909263637812,0.7121833527302215
4,marc,0.7252490405109184,0.7155367785707547
4,random,0.7012069919276043,0.6908562791423074
4,vacs,0.7248472023118756,0.7214117044443962
8,badge,0.5459144735980186,0.5393230372811424
8,boundary,0.4471692494954322,0.4423115645271423
8,herding,0.7170609639296922,0.706056997535611
8,kcenter,0.6959061207335834,0.6851204048857801
8,kmeans,0.7271584013732795,0.7175574746705957
8,marc,0.7278451678364641,0.7184763942055784
8,random,0.7096684996252373,0.7000652989769531
8,vacs,0.7313943956942626,0.7300098977072772
