source,variant,units,accuracy,macro_f1,best_pooled_static_method,best_pooled_static_accuracy,delta_vs_best_pooled_static,delta_vs_dataset_best,dataset_best_ci,fallback_rate,median_validation_gap,selector_counts
single_0.33,no_boundary|herding_first|lcb=0|fb=none|gap=0,64,0.6932909835521575,0.685460607667113,herding,0.7059333595529326,-0.012642376000775113,-0.008190604268674875,"[-1.54,-0.25]",0.0,0.0049926980649872,"{""boundary"": 0, ""herding"": 28, ""kcenter"": 3, ""kmeans"": 8, ""marc"": 6, ""random"": 19}"
single_0.33,no_boundary|kmeans_first|lcb=0|fb=none|gap=0,64,0.6932909835521575,0.685460607667113,herding,0.7059333595529326,-0.012642376000775113,-0.008190604268674875,"[-1.54,-0.25]",0.0,0.0049926980649872,"{""boundary"": 0, ""herding"": 8, ""kcenter"": 3, ""kmeans"": 28, ""marc"": 6, ""random"": 19}"
single_0.33,no_boundary|marc_first|lcb=0|fb=none|gap=0,64,0.6932909835521575,0.685460607667113,herding,0.7059333595529326,-0.012642376000775113,-0.008190604268674875,"[-1.54,-0.25]",0.0,0.0049926980649872,"{""boundary"": 0, ""herding"": 8, ""kcenter"": 3, ""kmeans"": 8, ""marc"": 26, ""random"": 19}"
single_0.33,no_boundary|herding_first|lcb=0|fb=herding|gap=0,64,0.6929254864761342,0.6850565888617361,herding,0.7059333595529326,-0.013007873076798404,-0.008556101344698268,"[-1.57,-0.29]",0.375,0.0049926980649872,"{""boundary"": 0, ""herding"": 30, ""kcenter"": 3, ""kmeans"": 7, ""marc"": 5, ""random"": 19}"
single_0.33,no_boundary|kmeans_first|lcb=0|fb=herding|gap=0,64,0.6929254864761342,0.6850565888617361,herding,0.7059333595529326,-0.013007873076798404,-0.008556101344698268,"[-1.57,-0.29]",0.375,0.0049926980649872,"{""boundary"": 0, ""herding"": 30, ""kcenter"": 3, ""kmeans"": 7, ""marc"": 5, ""random"": 19}"
single_0.33,no_boundary|default|lcb=0|fb=herding|gap=0,64,0.6929254864761342,0.6850565888617361,herding,0.7059333595529326,-0.013007873076798404,-0.008556101344698268,"[-1.57,-0.29]",0.375,0.0049926980649872,"{""boundary"": 0, ""herding"": 30, ""kcenter"": 3, ""kmeans"": 7, ""marc"": 5, ""random"": 19}"
single_0.33,no_boundary|marc_first|lcb=0|fb=herding|gap=0,64,0.6929254864761342,0.6850565888617361,herding,0.7059333595529326,-0.013007873076798404,-0.008556101344698268,"[-1.57,-0.29]",0.375,0.0049926980649872,"{""boundary"": 0, ""herding"": 30, ""kcenter"": 3, ""kmeans"": 7, ""marc"": 5, ""random"": 19}"
single_0.33,no_boundary|kmeans_first|lcb=0|fb=kmeans|gap=0,64,0.692422927996602,0.6845638230501998,herding,0.7059333595529326,-0.013510431556330582,-0.00905865982423043,"[-1.63,-0.34]",0.375,0.0049926980649872,"{""boundary"": 0, ""herding"": 6, ""kcenter"": 3, ""kmeans"": 31, ""marc"": 5, ""random"": 19}"
single_0.33,no_boundary|herding_first|lcb=0|fb=kmeans|gap=0,64,0.692422927996602,0.6845638230501998,herding,0.7059333595529326,-0.013510431556330582,-0.00905865982423043,"[-1.63,-0.34]",0.375,0.0049926980649872,"{""boundary"": 0, ""herding"": 6, ""kcenter"": 3, ""kmeans"": 31, ""marc"": 5, ""random"": 19}"
single_0.33,no_boundary|marc_first|lcb=0|fb=kmeans|gap=0,64,0.692422927996602,0.6845638230501998,herding,0.7059333595529326,-0.013510431556330582,-0.00905865982423043,"[-1.63,-0.34]",0.375,0.0049926980649872,"{""boundary"": 0, ""herding"": 6, ""kcenter"": 3, ""kmeans"": 31, ""marc"": 5, ""random"": 19}"
single_0.33,no_boundary|default|lcb=0|fb=kmeans|gap=0,64,0.692422927996602,0.6845638230501998,herding,0.7059333595529326,-0.013510431556330582,-0.00905865982423043,"[-1.63,-0.34]",0.375,0.0049926980649872,"{""boundary"": 0, ""herding"": 6, ""kcenter"": 3, ""kmeans"": 31, ""marc"": 5, ""random"": 19}"
single_0.33,no_boundary|default|lcb=0|fb=none|gap=0,64,0.6924229279966019,0.6845919710562889,herding,0.7059333595529326,-0.013510431556330693,-0.00905865982423043,"[-1.63,-0.32]",0.0,0.0049926980649872,"{""boundary"": 0, ""herding"": 27, ""kcenter"": 3, ""kmeans"": 8, ""marc"": 6, ""random"": 20}"
single_0.33,all6|herding_first|lcb=0|fb=none|gap=0,64,0.6923596738599043,0.688237002972333,herding,0.7059333595529326,-0.013573685693028303,-0.009121913960928148,"[-1.69,-0.24]",0.0,0.013253012048192792,"{""boundary"": 8, ""herding"": 28, ""kcenter"": 0, ""kmeans"": 8, ""marc"": 6, ""random"": 14}"
single_0.33,all6|marc_first|lcb=0|fb=none|gap=0,64,0.6923596738599043,0.688237002972333,herding,0.7059333595529326,-0.013573685693028303,-0.009121913960928148,"[-1.69,-0.24]",0.0,0.013253012048192792,"{""boundary"": 8, ""herding"": 8, ""kcenter"": 0, ""kmeans"": 8, ""marc"": 26, ""random"": 14}"
single_0.33,all6|kmeans_first|lcb=0|fb=none|gap=0,64,0.6923596738599043,0.688237002972333,herding,0.7059333595529326,-0.013573685693028303,-0.009121913960928148,"[-1.69,-0.24]",0.0,0.013253012048192792,"{""boundary"": 8, ""herding"": 8, ""kcenter"": 0, ""kmeans"": 28, ""marc"": 6, ""random"": 14}"
single_0.33,all6|marc_first|lcb=0|fb=herding|gap=0,64,0.6919941767838809,0.6878329841669563,herding,0.7059333595529326,-0.013939182769051706,-0.009487411036951542,"[-1.72,-0.28]",0.375,0.013253012048192792,"{""boundary"": 8, ""herding"": 30, ""kcenter"": 0, ""kmeans"": 7, ""marc"": 5, ""random"": 14}"
single_0.33,all6|kmeans_first|lcb=0|fb=herding|gap=0,64,0.6919941767838809,0.6878329841669563,herding,0.7059333595529326,-0.013939182769051706,-0.009487411036951542,"[-1.72,-0.28]",0.375,0.013253012048192792,"{""boundary"": 8, ""herding"": 30, ""kcenter"": 0, ""kmeans"": 7, ""marc"": 5, ""random"": 14}"
single_0.33,all6|default|lcb=0|fb=herding|gap=0,64,0.6919941767838809,0.6878329841669563,herding,0.7059333595529326,-0.013939182769051706,-0.009487411036951542,"[-1.72,-0.28]",0.375,0.013253012048192792,"{""boundary"": 8, ""herding"": 30, ""kcenter"": 0, ""kmeans"": 7, ""marc"": 5, ""random"": 14}"
single_0.33,all6|herding_first|lcb=0|fb=herding|gap=0,64,0.6919941767838809,0.6878329841669563,herding,0.7059333595529326,-0.013939182769051706,-0.009487411036951542,"[-1.72,-0.28]",0.375,0.013253012048192792,"{""boundary"": 8, ""herding"": 30, ""kcenter"": 0, ""kmeans"": 7, ""marc"": 5, ""random"": 14}"
single_0.33,all6|default|lcb=0|fb=herding|gap=0.005,64,0.6918997254613166,0.6874110905774552,herding,0.7059333595529326,-0.014033634091615954,-0.009581862359515704,"[-1.73,-0.29]",0.40625,0.013253012048192792,"{""boundary"": 8, ""herding"": 32, ""kcenter"": 0, ""kmeans"": 6, ""marc"": 5, ""random"": 13}"
single_0.33,all6|kmeans_first|lcb=0|fb=herding|gap=0.005,64,0.6918997254613166,0.6874110905774552,herding,0.7059333595529326,-0.014033634091615954,-0.009581862359515704,"[-1.73,-0.29]",0.40625,0.013253012048192792,"{""boundary"": 8, ""herding"": 32, ""kcenter"": 0, ""kmeans"": 6, ""marc"": 5, ""random"": 13}"
single_0.33,all6|herding_first|lcb=0|fb=herding|gap=0.005,64,0.6918997254613166,0.6874110905774552,herding,0.7059333595529326,-0.014033634091615954,-0.009581862359515704,"[-1.73,-0.29]",0.40625,0.013253012048192792,"{""boundary"": 8, ""herding"": 32, ""kcenter"": 0, ""kmeans"": 6, ""marc"": 5, ""random"": 13}"
single_0.33,all6|marc_first|lcb=0|fb=herding|gap=0.005,64,0.6918997254613166,0.6874110905774552,herding,0.7059333595529326,-0.014033634091615954,-0.009581862359515704,"[-1.73,-0.29]",0.40625,0.013253012048192792,"{""boundary"": 8, ""herding"": 32, ""kcenter"": 0, ""kmeans"": 6, ""marc"": 5, ""random"": 13}"
single_0.33,all6|herding_first|lcb=0|fb=kmeans|gap=0.01,64,0.6916009959224299,0.6866443215200295,herding,0.7059333595529326,-0.01433236363050272,-0.009880591898402421,"[-1.76,-0.32]",0.484375,0.013253012048192792,"{""boundary"": 7, ""herding"": 6, ""kcenter"": 0, ""kmeans"": 36, ""marc"": 3, ""random"": 12}"
single_0.33,all6|kmeans_first|lcb=0|fb=kmeans|gap=0.01,64,0.6916009959224299,0.6866443215200295,herding,0.7059333595529326,-0.01433236363050272,-0.009880591898402421,"[-1.76,-0.32]",0.484375,0.013253012048192792,"{""boundary"": 7, ""herding"": 6, ""kcenter"": 0, ""kmeans"": 36, ""marc"": 3, ""random"": 12}"
single_0.33,all6|marc_first|lcb=0|fb=kmeans|gap=0.01,64,0.6916009959224299,0.6866443215200295,herding,0.7059333595529326,-0.01433236363050272,-0.009880591898402421,"[-1.76,-0.32]",0.484375,0.013253012048192792,"{""boundary"": 7, ""herding"": 6, ""kcenter"": 0, ""kmeans"": 36, ""marc"": 3, ""random"": 12}"
single_0.33,all6|default|lcb=0|fb=kmeans|gap=0.01,64,0.6916009959224299,0.6866443215200295,herding,0.7059333595529326,-0.01433236363050272,-0.009880591898402421,"[-1.76,-0.32]",0.484375,0.013253012048192792,"{""boundary"": 7, ""herding"": 6, ""kcenter"": 0, ""kmeans"": 36, ""marc"": 3, ""random"": 12}"
single_0.33,all6|marc_first|lcb=0|fb=kmeans|gap=0,64,0.6914916183043487,0.6873402183554198,herding,0.7059333595529326,-0.014441741248583884,-0.009989969516483704,"[-1.77,-0.33]",0.375,0.013253012048192792,"{""boundary"": 8, ""herding"": 6, ""kcenter"": 0, ""kmeans"": 31, ""marc"": 5, ""random"": 14}"
single_0.33,all6|default|lcb=0|fb=kmeans|gap=0,64,0.6914916183043487,0.6873402183554198,herding,0.7059333595529326,-0.014441741248583884,-0.009989969516483704,"[-1.77,-0.33]",0.375,0.013253012048192792,"{""boundary"": 8, ""herding"": 6, ""kcenter"": 0, ""kmeans"": 31, ""marc"": 5, ""random"": 14}"
single_0.33,all6|default|lcb=0|fb=none|gap=0,64,0.6914916183043487,0.6873683663615089,herding,0.7059333595529326,-0.014441741248583884,-0.009989969516483704,"[-1.77,-0.32]",0.0,0.013253012048192792,"{""boundary"": 8, ""herding"": 27, ""kcenter"": 0, ""kmeans"": 8, ""marc"": 6, ""random"": 15}"
single_0.33,all6|kmeans_first|lcb=0|fb=kmeans|gap=0,64,0.6914916183043487,0.6873402183554198,herding,0.7059333595529326,-0.014441741248583884,-0.009989969516483704,"[-1.77,-0.33]",0.375,0.013253012048192792,"{""boundary"": 8, ""herding"": 6, ""kcenter"": 0, ""kmeans"": 31, ""marc"": 5, ""random"": 14}"
single_0.33,all6|herding_first|lcb=0|fb=kmeans|gap=0,64,0.6914916183043487,0.6873402183554198,herding,0.7059333595529326,-0.014441741248583884,-0.009989969516483704,"[-1.77,-0.33]",0.375,0.013253012048192792,"{""boundary"": 8, ""herding"": 6, ""kcenter"": 0, ""kmeans"": 31, ""marc"": 5, ""random"": 14}"
single_0.33,all6|kmeans_first|lcb=0|fb=kmeans|gap=0.005,64,0.6912456641126259,0.6868848467480941,herding,0.7059333595529326,-0.01468769544030668,-0.010235923708206378,"[-1.80,-0.35]",0.40625,0.013253012048192792,"{""boundary"": 8, ""herding"": 6, ""kcenter"": 0, ""kmeans"": 32, ""marc"": 5, ""random"": 13}"
single_0.33,all6|herding_first|lcb=0|fb=kmeans|gap=0.005,64,0.6912456641126259,0.6868848467480941,herding,0.7059333595529326,-0.01468769544030668,-0.010235923708206378,"[-1.80,-0.35]",0.40625,0.013253012048192792,"{""boundary"": 8, ""herding"": 6, ""kcenter"": 0, ""kmeans"": 32, ""marc"": 5, ""random"": 13}"
single_0.33,all6|marc_first|lcb=0|fb=kmeans|gap=0.005,64,0.6912456641126259,0.6868848467480941,herding,0.7059333595529326,-0.01468769544030668,-0.010235923708206378,"[-1.80,-0.35]",0.40625,0.013253012048192792,"{""boundary"": 8, ""herding"": 6, ""kcenter"": 0, ""kmeans"": 32, ""marc"": 5, ""random"": 13}"
single_0.33,all6|default|lcb=0|fb=kmeans|gap=0.005,64,0.6912456641126259,0.6868848467480941,herding,0.7059333595529326,-0.01468769544030668,-0.010235923708206378,"[-1.80,-0.35]",0.40625,0.013253012048192792,"{""boundary"": 8, ""herding"": 6, ""kcenter"": 0, ""kmeans"": 32, ""marc"": 5, ""random"": 13}"
single_0.33,all6|herding_first|lcb=0|fb=herding|gap=0.01,64,0.6912250685398597,0.6860282427459201,herding,0.7059333595529326,-0.014708291013072916,-0.01025651928097274,"[-1.80,-0.36]",0.484375,0.013253012048192792,"{""boundary"": 7, ""herding"": 37, ""kcenter"": 0, ""kmeans"": 5, ""marc"": 3, ""random"": 12}"
single_0.33,all6|marc_first|lcb=0|fb=herding|gap=0.01,64,0.6912250685398597,0.6860282427459201,herding,0.7059333595529326,-0.014708291013072916,-0.01025651928097274,"[-1.80,-0.36]",0.484375,0.013253012048192792,"{""boundary"": 7, ""herding"": 37, ""kcenter"": 0, ""kmeans"": 5, ""marc"": 3, ""random"": 12}"
single_0.33,all6|kmeans_first|lcb=0|fb=herding|gap=0.01,64,0.6912250685398597,0.6860282427459201,herding,0.7059333595529326,-0.014708291013072916,-0.01025651928097274,"[-1.80,-0.36]",0.484375,0.013253012048192792,"{""boundary"": 7, ""herding"": 37, ""kcenter"": 0, ""kmeans"": 5, ""marc"": 3, ""random"": 12}"
single_0.33,all6|default|lcb=0|fb=herding|gap=0.01,64,0.6912250685398597,0.6860282427459201,herding,0.7059333595529326,-0.014708291013072916,-0.01025651928097274,"[-1.80,-0.36]",0.484375,0.013253012048192792,"{""boundary"": 7, ""herding"": 37, ""kcenter"": 0, ""kmeans"": 5, ""marc"": 3, ""random"": 12}"
single_0.33,no_boundary|herding_first|lcb=0|fb=herding|gap=0.05,64,0.6911792397272953,0.6808610445103807,herding,0.7059333595529326,-0.014754119825637235,-0.01030234809353691,"[-1.83,-0.41]",0.890625,0.0049926980649872,"{""boundary"": 0, ""herding"": 57, ""kcenter"": 0, ""kmeans"": 0, ""marc"": 0, ""random"": 7}"
single_0.33,no_boundary|kmeans_first|lcb=0|fb=herding|gap=0.05,64,0.6911792397272953,0.6808610445103807,herding,0.7059333595529326,-0.014754119825637235,-0.01030234809353691,"[-1.83,-0.41]",0.890625,0.0049926980649872,"{""boundary"": 0, ""herding"": 57, ""kcenter"": 0, ""kmeans"": 0, ""marc"": 0, ""random"": 7}"
single_0.33,all6|marc_first|lcb=0|fb=herding|gap=0.05,64,0.6911792397272953,0.6808610445103807,herding,0.7059333595529326,-0.014754119825637235,-0.01030234809353691,"[-1.83,-0.41]",0.890625,0.013253012048192792,"{""boundary"": 0, ""herding"": 57, ""kcenter"": 0, ""kmeans"": 0, ""marc"": 0, ""random"": 7}"
single_0.33,all6|default|lcb=0|fb=herding|gap=0.05,64,0.6911792397272953,0.6808610445103807,herding,0.7059333595529326,-0.014754119825637235,-0.01030234809353691,"[-1.83,-0.41]",0.890625,0.013253012048192792,"{""boundary"": 0, ""herding"": 57, ""kcenter"": 0, ""kmeans"": 0, ""marc"": 0, ""random"": 7}"
single_0.33,all6|herding_first|lcb=0|fb=herding|gap=0.05,64,0.6911792397272953,0.6808610445103807,herding,0.7059333595529326,-0.014754119825637235,-0.01030234809353691,"[-1.83,-0.41]",0.890625,0.013253012048192792,"{""boundary"": 0, ""herding"": 57, ""kcenter"": 0, ""kmeans"": 0, ""marc"": 0, ""random"": 7}"
single_0.33,no_boundary|marc_first|lcb=0|fb=herding|gap=0.05,64,0.6911792397272953,0.6808610445103807,herding,0.7059333595529326,-0.014754119825637235,-0.01030234809353691,"[-1.83,-0.41]",0.890625,0.0049926980649872,"{""boundary"": 0, ""herding"": 57, ""kcenter"": 0, ""kmeans"": 0, ""marc"": 0, ""random"": 7}"
single_0.33,all6|kmeans_first|lcb=0|fb=herding|gap=0.05,64,0.6911792397272953,0.6808610445103807,herding,0.7059333595529326,-0.014754119825637235,-0.01030234809353691,"[-1.83,-0.41]",0.890625,0.013253012048192792,"{""boundary"": 0, ""herding"": 57, ""kcenter"": 0, ""kmeans"": 0, ""marc"": 0, ""random"": 7}"
single_0.33,no_boundary|default|lcb=0|fb=herding|gap=0.05,64,0.6911792397272953,0.6808610445103807,herding,0.7059333595529326,-0.014754119825637235,-0.01030234809353691,"[-1.83,-0.41]",0.890625,0.0049926980649872,"{""boundary"": 0, ""herding"": 57, ""kcenter"": 0, ""kmeans"": 0, ""marc"": 0, ""random"": 7}"
single_0.33,all6|marc_first|lcb=0|fb=kmeans|gap=0.02,64,0.6905174027849317,0.6833284582671468,herding,0.7059333595529326,-0.015415956768000894,-0.010964185035900686,"[-1.95,-0.38]",0.609375,0.013253012048192792,"{""boundary"": 4, ""herding"": 5, ""kcenter"": 0, ""kmeans"": 42, ""marc"": 2, ""random"": 11}"
single_0.33,all6|default|lcb=0|fb=kmeans|gap=0.02,64,0.6905174027849317,0.6833284582671468,herding,0.7059333595529326,-0.015415956768000894,-0.010964185035900686,"[-1.95,-0.38]",0.609375,0.013253012048192792,"{""boundary"": 4, ""herding"": 5, ""kcenter"": 0, ""kmeans"": 42, ""marc"": 2, ""random"": 11}"
single_0.33,all6|kmeans_first|lcb=0|fb=kmeans|gap=0.02,64,0.6905174027849317,0.6833284582671468,herding,0.7059333595529326,-0.015415956768000894,-0.010964185035900686,"[-1.95,-0.38]",0.609375,0.013253012048192792,"{""boundary"": 4, ""herding"": 5, ""kcenter"": 0, ""kmeans"": 42, ""marc"": 2, ""random"": 11}"
single_0.33,all6|herding_first|lcb=0|fb=kmeans|gap=0.02,64,0.6905174027849317,0.6833284582671468,herding,0.7059333595529326,-0.015415956768000894,-0.010964185035900686,"[-1.95,-0.38]",0.609375,0.013253012048192792,"{""boundary"": 4, ""herding"": 5, ""kcenter"": 0, ""kmeans"": 42, ""marc"": 2, ""random"": 11}"
single_0.33,no_boundary|kmeans_first|lcb=0|fb=kmeans|gap=0.05,64,0.6899782396504122,0.6800670015692161,herding,0.7059333595529326,-0.01595511990252041,-0.011503348170420159,"[-2.02,-0.44]",0.890625,0.0049926980649872,"{""boundary"": 0, ""herding"": 0, ""kcenter"": 0, ""kmeans"": 57, ""marc"": 0, ""random"": 7}"
single_0.33,no_boundary|herding_first|lcb=0|fb=kmeans|gap=0.05,64,0.6899782396504122,0.6800670015692161,herding,0.7059333595529326,-0.01595511990252041,-0.011503348170420159,"[-2.02,-0.44]",0.890625,0.0049926980649872,"{""boundary"": 0, ""herding"": 0, ""kcenter"": 0, ""kmeans"": 57, ""marc"": 0, ""random"": 7}"
single_0.33,all6|default|lcb=0|fb=kmeans|gap=0.05,64,0.6899782396504122,0.6800670015692161,herding,0.7059333595529326,-0.01595511990252041,-0.011503348170420159,"[-2.02,-0.44]",0.890625,0.013253012048192792,"{""boundary"": 0, ""herding"": 0, ""kcenter"": 0, ""kmeans"": 57, ""marc"": 0, ""random"": 7}"
single_0.33,no_boundary|marc_first|lcb=0|fb=kmeans|gap=0.05,64,0.6899782396504122,0.6800670015692161,herding,0.7059333595529326,-0.01595511990252041,-0.011503348170420159,"[-2.02,-0.44]",0.890625,0.0049926980649872,"{""boundary"": 0, ""herding"": 0, ""kcenter"": 0, ""kmeans"": 57, ""marc"": 0, ""random"": 7}"
single_0.33,no_boundary|default|lcb=0|fb=kmeans|gap=0.05,64,0.6899782396504122,0.6800670015692161,herding,0.7059333595529326,-0.01595511990252041,-0.011503348170420159,"[-2.02,-0.44]",0.890625,0.0049926980649872,"{""boundary"": 0, ""herding"": 0, ""kcenter"": 0, ""kmeans"": 57, ""marc"": 0, ""random"": 7}"
single_0.33,all6|herding_first|lcb=0|fb=kmeans|gap=0.05,64,0.6899782396504122,0.6800670015692161,herding,0.7059333595529326,-0.01595511990252041,-0.011503348170420159,"[-2.02,-0.44]",0.890625,0.013253012048192792,"{""boundary"": 0, ""herding"": 0, ""kcenter"": 0, ""kmeans"": 57, ""marc"": 0, ""random"": 7}"
single_0.33,all6|marc_first|lcb=0|fb=kmeans|gap=0.05,64,0.6899782396504122,0.6800670015692161,herding,0.7059333595529326,-0.01595511990252041,-0.011503348170420159,"[-2.02,-0.44]",0.890625,0.013253012048192792,"{""boundary"": 0, ""herding"": 0, ""kcenter"": 0, ""kmeans"": 57, ""marc"": 0, ""random"": 7}"
single_0.33,all6|kmeans_first|lcb=0|fb=kmeans|gap=0.05,64,0.6899782396504122,0.6800670015692161,herding,0.7059333595529326,-0.01595511990252041,-0.011503348170420159,"[-2.02,-0.44]",0.890625,0.013253012048192792,"{""boundary"": 0, ""herding"": 0, ""kcenter"": 0, ""kmeans"": 57, ""marc"": 0, ""random"": 7}"
single_0.33,all6|kmeans_first|lcb=0|fb=herding|gap=0.02,64,0.6896364356713078,0.6821395021108945,herding,0.7059333595529326,-0.016296923881624736,-0.011845152149524462,"[-2.03,-0.46]",0.609375,0.013253012048192792,"{""boundary"": 4, ""herding"": 44, ""kcenter"": 0, ""kmeans"": 3, ""marc"": 2, ""random"": 11}"
single_0.33,all6|herding_first|lcb=0|fb=herding|gap=0.02,64,0.6896364356713078,0.6821395021108945,herding,0.7059333595529326,-0.016296923881624736,-0.011845152149524462,"[-2.03,-0.46]",0.609375,0.013253012048192792,"{""boundary"": 4, ""herding"": 44, ""kcenter"": 0, ""kmeans"": 3, ""marc"": 2, ""random"": 11}"
single_0.33,all6|marc_first|lcb=0|fb=herding|gap=0.02,64,0.6896364356713078,0.6821395021108945,herding,0.7059333595529326,-0.016296923881624736,-0.011845152149524462,"[-2.03,-0.46]",0.609375,0.013253012048192792,"{""boundary"": 4, ""herding"": 44, ""kcenter"": 0, ""kmeans"": 3, ""marc"": 2, ""random"": 11}"
single_0.33,all6|default|lcb=0|fb=herding|gap=0.02,64,0.6896364356713078,0.6821395021108945,herding,0.7059333595529326,-0.016296923881624736,-0.011845152149524462,"[-2.03,-0.46]",0.609375,0.013253012048192792,"{""boundary"": 4, ""herding"": 44, ""kcenter"": 0, ""kmeans"": 3, ""marc"": 2, ""random"": 11}"
single_0.33,no_boundary|herding_first|lcb=0|fb=kmeans|gap=0.01,64,0.6894095164388785,0.6802469218462321,herding,0.7059333595529326,-0.016523843114054082,-0.012072071381953889,"[-2.08,-0.48]",0.5625,0.0049926980649872,"{""boundary"": 0, ""herding"": 6, ""kcenter"": 0, ""kmeans"": 41, ""marc"": 3, ""random"": 14}"
single_0.33,no_boundary|marc_first|lcb=0|fb=kmeans|gap=0.01,64,0.6894095164388785,0.6802469218462321,herding,0.7059333595529326,-0.016523843114054082,-0.012072071381953889,"[-2.08,-0.48]",0.5625,0.0049926980649872,"{""boundary"": 0, ""herding"": 6, ""kcenter"": 0, ""kmeans"": 41, ""marc"": 3, ""random"": 14}"
single_0.33,no_boundary|default|lcb=0|fb=kmeans|gap=0.01,64,0.6894095164388785,0.6802469218462321,herding,0.7059333595529326,-0.016523843114054082,-0.012072071381953889,"[-2.08,-0.48]",0.5625,0.0049926980649872,"{""boundary"": 0, ""herding"": 6, ""kcenter"": 0, ""kmeans"": 41, ""marc"": 3, ""random"": 14}"
single_0.33,no_boundary|kmeans_first|lcb=0|fb=kmeans|gap=0.01,64,0.6894095164388785,0.6802469218462321,herding,0.7059333595529326,-0.016523843114054082,-0.012072071381953889,"[-2.08,-0.48]",0.5625,0.0049926980649872,"{""boundary"": 0, ""herding"": 6, ""kcenter"": 0, ""kmeans"": 41, ""marc"": 3, ""random"": 14}"
single_0.33,no_boundary|herding_first|lcb=0|fb=herding|gap=0.005,64,0.6893904399996966,0.6798639187929973,herding,0.7059333595529326,-0.016542919553235946,-0.012091147821135795,"[-2.09,-0.48]",0.5,0.0049926980649872,"{""boundary"": 0, ""herding"": 38, ""kcenter"": 0, ""kmeans"": 6, ""marc"": 5, ""random"": 15}"
single_0.33,no_boundary|marc_first|lcb=0|fb=herding|gap=0.005,64,0.6893904399996966,0.6798639187929973,herding,0.7059333595529326,-0.016542919553235946,-0.012091147821135795,"[-2.09,-0.48]",0.5,0.0049926980649872,"{""boundary"": 0, ""herding"": 38, ""kcenter"": 0, ""kmeans"": 6, ""marc"": 5, ""random"": 15}"
single_0.33,no_boundary|kmeans_first|lcb=0|fb=herding|gap=0.005,64,0.6893904399996966,0.6798639187929973,herding,0.7059333595529326,-0.016542919553235946,-0.012091147821135795,"[-2.09,-0.48]",0.5,0.0049926980649872,"{""boundary"": 0, ""herding"": 38, ""kcenter"": 0, ""kmeans"": 6, ""marc"": 5, ""random"": 15}"
single_0.33,no_boundary|default|lcb=0|fb=herding|gap=0.005,64,0.6893904399996966,0.6798639187929973,herding,0.7059333595529326,-0.016542919553235946,-0.012091147821135795,"[-2.09,-0.48]",0.5,0.0049926980649872,"{""boundary"": 0, ""herding"": 38, ""kcenter"": 0, ""kmeans"": 6, ""marc"": 5, ""random"": 15}"
single_0.33,no_boundary|herding_first|lcb=0|fb=herding|gap=0.01,64,0.6892076914616849,0.6796469204700122,herding,0.7059333595529326,-0.016725668091247647,-0.012273896359147485,"[-2.10,-0.50]",0.5625,0.0049926980649872,"{""boundary"": 0, ""herding"": 42, ""kcenter"": 0, ""kmeans"": 5, ""marc"": 3, ""random"": 14}"
single_0.33,no_boundary|default|lcb=0|fb=herding|gap=0.01,64,0.6892076914616849,0.6796469204700122,herding,0.7059333595529326,-0.016725668091247647,-0.012273896359147485,"[-2.10,-0.50]",0.5625,0.0049926980649872,"{""boundary"": 0, ""herding"": 42, ""kcenter"": 0, ""kmeans"": 5, ""marc"": 3, ""random"": 14}"
single_0.33,no_boundary|marc_first|lcb=0|fb=herding|gap=0.01,64,0.6892076914616849,0.6796469204700122,herding,0.7059333595529326,-0.016725668091247647,-0.012273896359147485,"[-2.10,-0.50]",0.5625,0.0049926980649872,"{""boundary"": 0, ""herding"": 42, ""kcenter"": 0, ""kmeans"": 5, ""marc"": 3, ""random"": 14}"
single_0.33,no_boundary|kmeans_first|lcb=0|fb=herding|gap=0.01,64,0.6892076914616849,0.6796469204700122,herding,0.7059333595529326,-0.016725668091247647,-0.012273896359147485,"[-2.10,-0.50]",0.5625,0.0049926980649872,"{""boundary"": 0, ""herding"": 42, ""kcenter"": 0, ""kmeans"": 5, ""marc"": 3, ""random"": 14}"
single_0.33,no_boundary|marc_first|lcb=0|fb=kmeans|gap=0.02,64,0.688944954076053,0.6793803222560295,herding,0.7059333595529326,-0.01698840547687952,-0.012536633744779356,"[-2.12,-0.53]",0.65625,0.0049926980649872,"{""boundary"": 0, ""herding"": 5, ""kcenter"": 0, ""kmeans"": 45, ""marc"": 2, ""random"": 12}"
single_0.33,no_boundary|default|lcb=0|fb=kmeans|gap=0.02,64,0.688944954076053,0.6793803222560295,herding,0.7059333595529326,-0.01698840547687952,-0.012536633744779356,"[-2.12,-0.53]",0.65625,0.0049926980649872,"{""boundary"": 0, ""herding"": 5, ""kcenter"": 0, ""kmeans"": 45, ""marc"": 2, ""random"": 12}"
single_0.33,no_boundary|herding_first|lcb=0|fb=kmeans|gap=0.02,64,0.688944954076053,0.6793803222560295,herding,0.7059333595529326,-0.01698840547687952,-0.012536633744779356,"[-2.12,-0.53]",0.65625,0.0049926980649872,"{""boundary"": 0, ""herding"": 5, ""kcenter"": 0, ""kmeans"": 45, ""marc"": 2, ""random"": 12}"
single_0.33,no_boundary|kmeans_first|lcb=0|fb=kmeans|gap=0.02,64,0.688944954076053,0.6793803222560295,herding,0.7059333595529326,-0.01698840547687952,-0.012536633744779356,"[-2.12,-0.53]",0.65625,0.0049926980649872,"{""boundary"": 0, ""herding"": 5, ""kcenter"": 0, ""kmeans"": 45, ""marc"": 2, ""random"": 12}"
single_0.33,no_boundary|marc_first|lcb=0|fb=kmeans|gap=0.005,64,0.6885871480178258,0.679379326114886,herding,0.7059333595529326,-0.017346211535106737,-0.01289443980300652,"[-2.17,-0.56]",0.5,0.0049926980649872,"{""boundary"": 0, ""herding"": 6, ""kcenter"": 0, ""kmeans"": 38, ""marc"": 5, ""random"": 15}"
single_0.33,no_boundary|herding_first|lcb=0|fb=kmeans|gap=0.005,64,0.6885871480178258,0.679379326114886,herding,0.7059333595529326,-0.017346211535106737,-0.01289443980300652,"[-2.17,-0.56]",0.5,0.0049926980649872,"{""boundary"": 0, ""herding"": 6, ""kcenter"": 0, ""kmeans"": 38, ""marc"": 5, ""random"": 15}"
single_0.33,no_boundary|default|lcb=0|fb=kmeans|gap=0.005,64,0.6885871480178258,0.679379326114886,herding,0.7059333595529326,-0.017346211535106737,-0.01289443980300652,"[-2.17,-0.56]",0.5,0.0049926980649872,"{""boundary"": 0, ""herding"": 6, ""kcenter"": 0, ""kmeans"": 38, ""marc"": 5, ""random"": 15}"
single_0.33,no_boundary|kmeans_first|lcb=0|fb=kmeans|gap=0.005,64,0.6885871480178258,0.679379326114886,herding,0.7059333595529326,-0.017346211535106737,-0.01289443980300652,"[-2.17,-0.56]",0.5,0.0049926980649872,"{""boundary"": 0, ""herding"": 6, ""kcenter"": 0, ""kmeans"": 38, ""marc"": 5, ""random"": 15}"
single_0.33,no_boundary|kmeans_first|lcb=0|fb=herding|gap=0.02,64,0.6882187446560974,0.6781703081163917,herding,0.7059333595529326,-0.017714614896835124,-0.013262843164734934,"[-2.19,-0.60]",0.65625,0.0049926980649872,"{""boundary"": 0, ""herding"": 47, ""kcenter"": 0, ""kmeans"": 3, ""marc"": 2, ""random"": 12}"
single_0.33,no_boundary|default|lcb=0|fb=herding|gap=0.02,64,0.6882187446560974,0.6781703081163917,herding,0.7059333595529326,-0.017714614896835124,-0.013262843164734934,"[-2.19,-0.60]",0.65625,0.0049926980649872,"{""boundary"": 0, ""herding"": 47, ""kcenter"": 0, ""kmeans"": 3, ""marc"": 2, ""random"": 12}"
single_0.33,no_boundary|marc_first|lcb=0|fb=herding|gap=0.02,64,0.6882187446560974,0.6781703081163917,herding,0.7059333595529326,-0.017714614896835124,-0.013262843164734934,"[-2.19,-0.60]",0.65625,0.0049926980649872,"{""boundary"": 0, ""herding"": 47, ""kcenter"": 0, ""kmeans"": 3, ""marc"": 2, ""random"": 12}"
single_0.33,no_boundary|herding_first|lcb=0|fb=herding|gap=0.02,64,0.6882187446560974,0.6781703081163917,herding,0.7059333595529326,-0.017714614896835124,-0.013262843164734934,"[-2.19,-0.60]",0.65625,0.0049926980649872,"{""boundary"": 0, ""herding"": 47, ""kcenter"": 0, ""kmeans"": 3, ""marc"": 2, ""random"": 12}"
single_0.33,no_random|default|lcb=0|fb=none|gap=0,64,0.6876477308927902,0.6851764844386014,herding,0.7059333595529326,-0.018285628660142383,-0.013833856928042114,"[-2.37,-0.52]",0.0,0.0059697804874654405,"{""boundary"": 16, ""herding"": 33, ""kcenter"": 0, ""kmeans"": 9, ""marc"": 6, ""random"": 0}"
single_0.33,no_random|marc_first|lcb=0|fb=none|gap=0,64,0.6876477308927902,0.6851764844386014,herding,0.7059333595529326,-0.018285628660142383,-0.013833856928042114,"[-2.37,-0.52]",0.0,0.0059697804874654405,"{""boundary"": 16, ""herding"": 8, ""kcenter"": 0, ""kmeans"": 9, ""marc"": 31, ""random"": 0}"
single_0.33,no_random|kmeans_first|lcb=0|fb=none|gap=0,64,0.6876477308927902,0.6851764844386014,herding,0.7059333595529326,-0.018285628660142383,-0.013833856928042114,"[-2.37,-0.52]",0.0,0.0059697804874654405,"{""boundary"": 16, ""herding"": 9, ""kcenter"": 0, ""kmeans"": 33, ""marc"": 6, ""random"": 0}"
single_0.33,no_random|herding_first|lcb=0|fb=none|gap=0,64,0.6876477308927902,0.6851764844386014,herding,0.7059333595529326,-0.018285628660142383,-0.013833856928042114,"[-2.37,-0.52]",0.0,0.0059697804874654405,"{""boundary"": 16, ""herding"": 33, ""kcenter"": 0, ""kmeans"": 9, ""marc"": 6, ""random"": 0}"
single_0.33,no_random|marc_first|lcb=0|fb=herding|gap=0,64,0.6870994852787551,0.6845739461564029,herding,0.7059333595529326,-0.018833874274177487,-0.0143821025420772,"[-2.42,-0.58]",0.453125,0.0059697804874654405,"{""boundary"": 16, ""herding"": 36, ""kcenter"": 0, ""kmeans"": 7, ""marc"": 5, ""random"": 0}"
single_0.33,no_random|herding_first|lcb=0|fb=herding|gap=0,64,0.6870994852787551,0.6845739461564029,herding,0.7059333595529326,-0.018833874274177487,-0.0143821025420772,"[-2.42,-0.58]",0.453125,0.0059697804874654405,"{""boundary"": 16, ""herding"": 36, ""kcenter"": 0, ""kmeans"": 7, ""marc"": 5, ""random"": 0}"
single_0.33,no_random|default|lcb=0|fb=herding|gap=0,64,0.6870994852787551,0.6845739461564029,herding,0.7059333595529326,-0.018833874274177487,-0.0143821025420772,"[-2.42,-0.58]",0.453125,0.0059697804874654405,"{""boundary"": 16, ""herding"": 36, ""kcenter"": 0, ""kmeans"": 7, ""marc"": 5, ""random"": 0}"
single_0.33,no_random|kmeans_first|lcb=0|fb=herding|gap=0,64,0.6870994852787551,0.6845739461564029,herding,0.7059333595529326,-0.018833874274177487,-0.0143821025420772,"[-2.42,-0.58]",0.453125,0.0059697804874654405,"{""boundary"": 16, ""herding"": 36, ""kcenter"": 0, ""kmeans"": 7, ""marc"": 5, ""random"": 0}"
single_0.33,no_random|default|lcb=0|fb=kmeans|gap=0,64,0.6867796753372346,0.684279699821688,herding,0.7059333595529326,-0.019153684215697964,-0.01470191248359767,"[-2.45,-0.60]",0.453125,0.0059697804874654405,"{""boundary"": 16, ""herding"": 7, ""kcenter"": 0, ""kmeans"": 36, ""marc"": 5, ""random"": 0}"
single_0.33,no_random|herding_first|lcb=0|fb=kmeans|gap=0,64,0.6867796753372346,0.684279699821688,herding,0.7059333595529326,-0.019153684215697964,-0.01470191248359767,"[-2.45,-0.60]",0.453125,0.0059697804874654405,"{""boundary"": 16, ""herding"": 7, ""kcenter"": 0, ""kmeans"": 36, ""marc"": 5, ""random"": 0}"
single_0.33,no_random|kmeans_first|lcb=0|fb=kmeans|gap=0,64,0.6867796753372346,0.684279699821688,herding,0.7059333595529326,-0.019153684215697964,-0.01470191248359767,"[-2.45,-0.60]",0.453125,0.0059697804874654405,"{""boundary"": 16, ""herding"": 7, ""kcenter"": 0, ""kmeans"": 36, ""marc"": 5, ""random"": 0}"
single_0.33,no_random|marc_first|lcb=0|fb=kmeans|gap=0,64,0.6867796753372346,0.684279699821688,herding,0.7059333595529326,-0.019153684215697964,-0.01470191248359767,"[-2.45,-0.60]",0.453125,0.0059697804874654405,"{""boundary"": 16, ""herding"": 7, ""kcenter"": 0, ""kmeans"": 36, ""marc"": 5, ""random"": 0}"
single_0.33,no_random|kmeans_first|lcb=0|fb=herding|gap=0.01,64,0.6866181397220205,0.6827403573337639,herding,0.7059333595529326,-0.01931521983091211,-0.014863448098811861,"[-2.50,-0.59]",0.515625,0.0059697804874654405,"{""boundary"": 14, ""herding"": 40, ""kcenter"": 0, ""kmeans"": 6, ""marc"": 4, ""random"": 0}"
single_0.33,no_random|kmeans_first|lcb=0|fb=herding|gap=0.005,64,0.6866181397220205,0.6827551425448048,herding,0.7059333595529326,-0.01931521983091211,-0.014863448098811861,"[-2.50,-0.59]",0.5,0.0059697804874654405,"{""boundary"": 14, ""herding"": 39, ""kcenter"": 0, ""kmeans"": 6, ""marc"": 5, ""random"": 0}"
single_0.33,no_random|marc_first|lcb=0|fb=herding|gap=0.01,64,0.6866181397220205,0.6827403573337639,herding,0.7059333595529326,-0.01931521983091211,-0.014863448098811861,"[-2.50,-0.59]",0.515625,0.0059697804874654405,"{""boundary"": 14, ""herding"": 40, ""kcenter"": 0, ""kmeans"": 6, ""marc"": 4, ""random"": 0}"
single_0.33,no_random|marc_first|lcb=0|fb=herding|gap=0.005,64,0.6866181397220205,0.6827551425448048,herding,0.7059333595529326,-0.01931521983091211,-0.014863448098811861,"[-2.50,-0.59]",0.5,0.0059697804874654405,"{""boundary"": 14, ""herding"": 39, ""kcenter"": 0, ""kmeans"": 6, ""marc"": 5, ""random"": 0}"
single_0.33,no_random|default|lcb=0|fb=herding|gap=0.005,64,0.6866181397220205,0.6827551425448048,herding,0.7059333595529326,-0.01931521983091211,-0.014863448098811861,"[-2.50,-0.59]",0.5,0.0059697804874654405,"{""boundary"": 14, ""herding"": 39, ""kcenter"": 0, ""kmeans"": 6, ""marc"": 5, ""random"": 0}"
single_0.33,no_random|default|lcb=0|fb=herding|gap=0.01,64,0.6866181397220205,0.6827403573337639,herding,0.7059333595529326,-0.01931521983091211,-0.014863448098811861,"[-2.50,-0.59]",0.515625,0.0059697804874654405,"{""boundary"": 14, ""herding"": 40, ""kcenter"": 0, ""kmeans"": 6, ""marc"": 4, ""random"": 0}"
single_0.33,no_random|herding_first|lcb=0|fb=herding|gap=0.01,64,0.6866181397220205,0.6827403573337639,herding,0.7059333595529326,-0.01931521983091211,-0.014863448098811861,"[-2.50,-0.59]",0.515625,0.0059697804874654405,"{""boundary"": 14, ""herding"": 40, ""kcenter"": 0, ""kmeans"": 6, ""marc"": 4, ""random"": 0}"
single_0.33,no_random|herding_first|lcb=0|fb=herding|gap=0.005,64,0.6866181397220205,0.6827551425448048,herding,0.7059333595529326,-0.01931521983091211,-0.014863448098811861,"[-2.50,-0.59]",0.5,0.0059697804874654405,"{""boundary"": 14, ""herding"": 39, ""kcenter"": 0, ""kmeans"": 6, ""marc"": 5, ""random"": 0}"
single_0.33,no_random|marc_first|lcb=0|fb=kmeans|gap=0.01,64,0.6864846886849242,0.6827573257645358,herding,0.7059333595529326,-0.01944867086800839,-0.014996899135908202,"[-2.51,-0.60]",0.515625,0.0059697804874654405,"{""boundary"": 14, ""herding"": 7, ""kcenter"": 0, ""kmeans"": 39, ""marc"": 4, ""random"": 0}"
single_0.33,no_random|default|lcb=0|fb=kmeans|gap=0.01,64,0.6864846886849242,0.6827573257645358,herding,0.7059333595529326,-0.01944867086800839,-0.014996899135908202,"[-2.51,-0.60]",0.515625,0.0059697804874654405,"{""boundary"": 14, ""herding"": 7, ""kcenter"": 0, ""kmeans"": 39, ""marc"": 4, ""random"": 0}"
single_0.33,no_random|herding_first|lcb=0|fb=kmeans|gap=0.01,64,0.6864846886849242,0.6827573257645358,herding,0.7059333595529326,-0.01944867086800839,-0.014996899135908202,"[-2.51,-0.60]",0.515625,0.0059697804874654405,"{""boundary"": 14, ""herding"": 7, ""kcenter"": 0, ""kmeans"": 39, ""marc"": 4, ""random"": 0}"
single_0.33,no_random|kmeans_first|lcb=0|fb=kmeans|gap=0.01,64,0.6864846886849242,0.6827573257645358,herding,0.7059333595529326,-0.01944867086800839,-0.014996899135908202,"[-2.51,-0.60]",0.515625,0.0059697804874654405,"{""boundary"": 14, ""herding"": 7, ""kcenter"": 0, ""kmeans"": 39, ""marc"": 4, ""random"": 0}"
single_0.33,no_random|kmeans_first|lcb=0|fb=kmeans|gap=0.005,64,0.6861191916089008,0.6823820272902986,herding,0.7059333595529326,-0.01981416794403179,-0.015362396211931594,"[-2.54,-0.64]",0.5,0.0059697804874654405,"{""boundary"": 14, ""herding"": 7, ""kcenter"": 0, ""kmeans"": 38, ""marc"": 5, ""random"": 0}"
single_0.33,no_random|herding_first|lcb=0|fb=kmeans|gap=0.005,64,0.6861191916089008,0.6823820272902986,herding,0.7059333595529326,-0.01981416794403179,-0.015362396211931594,"[-2.54,-0.64]",0.5,0.0059697804874654405,"{""boundary"": 14, ""herding"": 7, ""kcenter"": 0, ""kmeans"": 38, ""marc"": 5, ""random"": 0}"
single_0.33,no_random|marc_first|lcb=0|fb=kmeans|gap=0.005,64,0.6861191916089008,0.6823820272902986,herding,0.7059333595529326,-0.01981416794403179,-0.015362396211931594,"[-2.54,-0.64]",0.5,0.0059697804874654405,"{""boundary"": 14, ""herding"": 7, ""kcenter"": 0, ""kmeans"": 38, ""marc"": 5, ""random"": 0}"
single_0.33,no_random|default|lcb=0|fb=kmeans|gap=0.005,64,0.6861191916089008,0.6823820272902986,herding,0.7059333595529326,-0.01981416794403179,-0.015362396211931594,"[-2.54,-0.64]",0.5,0.0059697804874654405,"{""boundary"": 14, ""herding"": 7, ""kcenter"": 0, ""kmeans"": 38, ""marc"": 5, ""random"": 0}"
single_0.33,no_random|marc_first|lcb=0|fb=kmeans|gap=0.02,64,0.6848737945836616,0.6767870907413276,herding,0.7059333595529326,-0.021059564969270972,-0.016607793237170675,"[-2.75,-0.70]",0.703125,0.0059697804874654405,"{""boundary"": 8, ""herding"": 6, ""kcenter"": 0, ""kmeans"": 48, ""marc"": 2, ""random"": 0}"
single_0.33,no_random|kmeans_first|lcb=0|fb=kmeans|gap=0.02,64,0.6848737945836616,0.6767870907413276,herding,0.7059333595529326,-0.021059564969270972,-0.016607793237170675,"[-2.75,-0.70]",0.703125,0.0059697804874654405,"{""boundary"": 8, ""herding"": 6, ""kcenter"": 0, ""kmeans"": 48, ""marc"": 2, ""random"": 0}"
single_0.33,no_random|herding_first|lcb=0|fb=kmeans|gap=0.02,64,0.6848737945836616,0.6767870907413276,herding,0.7059333595529326,-0.021059564969270972,-0.016607793237170675,"[-2.75,-0.70]",0.703125,0.0059697804874654405,"{""boundary"": 8, ""herding"": 6, ""kcenter"": 0, ""kmeans"": 48, ""marc"": 2, ""random"": 0}"
single_0.33,no_random|default|lcb=0|fb=kmeans|gap=0.02,64,0.6848737945836616,0.6767870907413276,herding,0.7059333595529326,-0.021059564969270972,-0.016607793237170675,"[-2.75,-0.70]",0.703125,0.0059697804874654405,"{""boundary"": 8, ""herding"": 6, ""kcenter"": 0, ""kmeans"": 48, ""marc"": 2, ""random"": 0}"
single_0.33,no_random|default|lcb=0|fb=herding|gap=0.02,64,0.6838712321392986,0.6756425047311486,herding,0.7059333595529326,-0.022062127413634003,-0.017610355681533747,"[-2.86,-0.79]",0.703125,0.0059697804874654405,"{""boundary"": 8, ""herding"": 51, ""kcenter"": 0, ""kmeans"": 3, ""marc"": 2, ""random"": 0}"
single_0.33,no_random|herding_first|lcb=0|fb=herding|gap=0.02,64,0.6838712321392986,0.6756425047311486,herding,0.7059333595529326,-0.022062127413634003,-0.017610355681533747,"[-2.86,-0.79]",0.703125,0.0059697804874654405,"{""boundary"": 8, ""herding"": 51, ""kcenter"": 0, ""kmeans"": 3, ""marc"": 2, ""random"": 0}"
single_0.33,no_random|marc_first|lcb=0|fb=herding|gap=0.02,64,0.6838712321392986,0.6756425047311486,herding,0.7059333595529326,-0.022062127413634003,-0.017610355681533747,"[-2.86,-0.79]",0.703125,0.0059697804874654405,"{""boundary"": 8, ""herding"": 51, ""kcenter"": 0, ""kmeans"": 3, ""marc"": 2, ""random"": 0}"
single_0.33,no_random|kmeans_first|lcb=0|fb=herding|gap=0.02,64,0.6838712321392986,0.6756425047311486,herding,0.7059333595529326,-0.022062127413634003,-0.017610355681533747,"[-2.86,-0.79]",0.703125,0.0059697804874654405,"{""boundary"": 8, ""herding"": 51, ""kcenter"": 0, ""kmeans"": 3, ""marc"": 2, ""random"": 0}"
single_0.33,coverage3|marc_first|lcb=0|fb=herding|gap=0.005,64,0.6830715483690408,0.6694678747237066,herding,0.7059333595529326,-0.022861811183891745,-0.018410039451791448,"[-2.98,-0.85]",0.703125,0.0,"{""boundary"": 0, ""herding"": 55, ""kcenter"": 0, ""kmeans"": 9, ""marc"": 0, ""random"": 0}"
single_0.33,coverage3|default|lcb=0|fb=herding|gap=0.005,64,0.6830715483690408,0.6694678747237066,herding,0.7059333595529326,-0.022861811183891745,-0.018410039451791448,"[-2.98,-0.85]",0.703125,0.0,"{""boundary"": 0, ""herding"": 55, ""kcenter"": 0, ""kmeans"": 9, ""marc"": 0, ""random"": 0}"
single_0.33,coverage3|kmeans_first|lcb=0|fb=herding|gap=0.005,64,0.6830715483690408,0.6694678747237066,herding,0.7059333595529326,-0.022861811183891745,-0.018410039451791448,"[-2.98,-0.85]",0.703125,0.0,"{""boundary"": 0, ""herding"": 55, ""kcenter"": 0, ""kmeans"": 9, ""marc"": 0, ""random"": 0}"
single_0.33,coverage3|herding_first|lcb=0|fb=herding|gap=0.005,64,0.6830715483690408,0.6694678747237066,herding,0.7059333595529326,-0.022861811183891745,-0.018410039451791448,"[-2.98,-0.85]",0.703125,0.0,"{""boundary"": 0, ""herding"": 55, ""kcenter"": 0, ""kmeans"": 9, ""marc"": 0, ""random"": 0}"
single_0.33,coverage3|herding_first|lcb=0|fb=herding|gap=0,64,0.6828868831369534,0.6697140818052116,herding,0.7059333595529326,-0.023046476415979122,-0.01859470468387886,"[-3.00,-0.87]",0.53125,0.0,"{""boundary"": 0, ""herding"": 47, ""kcenter"": 7, ""kmeans"": 10, ""marc"": 0, ""random"": 0}"
single_0.33,coverage3|marc_first|lcb=0|fb=herding|gap=0,64,0.6828868831369534,0.6697140818052116,herding,0.7059333595529326,-0.023046476415979122,-0.01859470468387886,"[-3.00,-0.87]",0.53125,0.0,"{""boundary"": 0, ""herding"": 47, ""kcenter"": 7, ""kmeans"": 10, ""marc"": 0, ""random"": 0}"
single_0.33,coverage3|kmeans_first|lcb=0|fb=herding|gap=0,64,0.6828868831369534,0.6697140818052116,herding,0.7059333595529326,-0.023046476415979122,-0.01859470468387886,"[-3.00,-0.87]",0.53125,0.0,"{""boundary"": 0, ""herding"": 47, ""kcenter"": 7, ""kmeans"": 10, ""marc"": 0, ""random"": 0}"
single_0.33,coverage3|default|lcb=0|fb=herding|gap=0,64,0.6828868831369534,0.6697140818052116,herding,0.7059333595529326,-0.023046476415979122,-0.01859470468387886,"[-3.00,-0.87]",0.53125,0.0,"{""boundary"": 0, ""herding"": 47, ""kcenter"": 7, ""kmeans"": 10, ""marc"": 0, ""random"": 0}"
single_0.33,coverage3|marc_first|lcb=0|fb=herding|gap=0.01,64,0.682431928486,0.6687822066879618,herding,0.7059333595529326,-0.023501431066932588,-0.01904965933483238,"[-3.04,-0.91]",0.734375,0.0,"{""boundary"": 0, ""herding"": 57, ""kcenter"": 0, ""kmeans"": 7, ""marc"": 0, ""random"": 0}"
single_0.33,coverage3|herding_first|lcb=0|fb=herding|gap=0.01,64,0.682431928486,0.6687822066879618,herding,0.7059333595529326,-0.023501431066932588,-0.01904965933483238,"[-3.04,-0.91]",0.734375,0.0,"{""boundary"": 0, ""herding"": 57, ""kcenter"": 0, ""kmeans"": 7, ""marc"": 0, ""random"": 0}"
single_0.33,coverage3|default|lcb=0|fb=herding|gap=0.01,64,0.682431928486,0.6687822066879618,herding,0.7059333595529326,-0.023501431066932588,-0.01904965933483238,"[-3.04,-0.91]",0.734375,0.0,"{""boundary"": 0, ""herding"": 57, ""kcenter"": 0, ""kmeans"": 7, ""marc"": 0, ""random"": 0}"
single_0.33,coverage3|kmeans_first|lcb=0|fb=herding|gap=0.01,64,0.682431928486,0.6687822066879618,herding,0.7059333595529326,-0.023501431066932588,-0.01904965933483238,"[-3.04,-0.91]",0.734375,0.0,"{""boundary"": 0, ""herding"": 57, ""kcenter"": 0, ""kmeans"": 7, ""marc"": 0, ""random"": 0}"
single_0.33,centroid3|kmeans_first|lcb=0|fb=none|gap=0,64,0.6820488186182943,0.6687114304214312,herding,0.7059333595529326,-0.02388454093463832,-0.019432769202538044,"[-3.06,-0.96]",0.0,0.0,"{""boundary"": 0, ""herding"": 14, ""kcenter"": 0, ""kmeans"": 41, ""marc"": 9, ""random"": 0}"
single_0.33,centroid3|marc_first|lcb=0|fb=none|gap=0,64,0.6820488186182943,0.6687114171960962,herding,0.7059333595529326,-0.02388454093463832,-0.019432769202538044,"[-3.06,-0.96]",0.0,0.0,"{""boundary"": 0, ""herding"": 13, ""kcenter"": 0, ""kmeans"": 12, ""marc"": 39, ""random"": 0}"
single_0.33,centroid3|herding_first|lcb=0|fb=none|gap=0,64,0.6820460550880503,0.6687007658067922,herding,0.7059333595529326,-0.023887304464882297,-0.019435532732782118,"[-3.06,-0.97]",0.0,0.0,"{""boundary"": 0, ""herding"": 41, ""kcenter"": 0, ""kmeans"": 14, ""marc"": 9, ""random"": 0}"
single_0.33,centroid3|default|lcb=0|fb=none|gap=0,64,0.6820460550880503,0.6687007658067922,herding,0.7059333595529326,-0.023887304464882297,-0.019435532732782118,"[-3.06,-0.97]",0.0,0.0,"{""boundary"": 0, ""herding"": 41, ""kcenter"": 0, ""kmeans"": 14, ""marc"": 9, ""random"": 0}"
single_0.33,representative4|kmeans_first|lcb=0|fb=none|gap=0,64,0.682037764497318,0.6687175154796483,herding,0.7059333595529326,-0.02389559505561456,-0.01944382332351434,"[-3.06,-0.97]",0.0,0.0,"{""boundary"": 0, ""herding"": 13, ""kcenter"": 6, ""kmeans"": 38, ""marc"": 7, ""random"": 0}"
single_0.33,representative4|marc_first|lcb=0|fb=none|gap=0,64,0.682037764497318,0.6687175022543133,herding,0.7059333595529326,-0.02389559505561456,-0.01944382332351434,"[-3.06,-0.97]",0.0,0.0,"{""boundary"": 0, ""herding"": 12, ""kcenter"": 6, ""kmeans"": 9, ""marc"": 37, ""random"": 0}"
single_0.33,representative4|herding_first|lcb=0|fb=none|gap=0,64,0.6820350009670739,0.6687068508650093,herding,0.7059333595529326,-0.023898358585858648,-0.01944658685375842,"[-3.06,-0.97]",0.0,0.0,"{""boundary"": 0, ""herding"": 40, ""kcenter"": 6, ""kmeans"": 11, ""marc"": 7, ""random"": 0}"
single_0.33,representative4|default|lcb=0|fb=none|gap=0,64,0.6820350009670739,0.6687068508650093,herding,0.7059333595529326,-0.023898358585858648,-0.01944658685375842,"[-3.06,-0.97]",0.0,0.0,"{""boundary"": 0, ""herding"": 40, ""kcenter"": 8, ""kmeans"": 9, ""marc"": 7, ""random"": 0}"
single_0.33,coverage3|kmeans_first|lcb=0|fb=none|gap=0,64,0.6817922945967629,0.6684069020336874,herding,0.7059333595529326,-0.024141064956169633,-0.01968929322406949,"[-3.11,-0.96]",0.0,0.0,"{""boundary"": 0, ""herding"": 15, ""kcenter"": 7, ""kmeans"": 42, ""marc"": 0, ""random"": 0}"
single_0.33,coverage3|marc_first|lcb=0|fb=none|gap=0,64,0.6817922945967629,0.6684069020336874,herding,0.7059333595529326,-0.024141064956169633,-0.01968929322406949,"[-3.11,-0.96]",0.0,0.0,"{""boundary"": 0, ""herding"": 15, ""kcenter"": 7, ""kmeans"": 42, ""marc"": 0, ""random"": 0}"
single_0.33,coverage3|default|lcb=0|fb=none|gap=0,64,0.6817895310665187,0.6683962374190484,herding,0.7059333595529326,-0.024143828486413832,-0.019692056754313562,"[-3.11,-0.96]",0.0,0.0,"{""boundary"": 0, ""herding"": 42, ""kcenter"": 9, ""kmeans"": 13, ""marc"": 0, ""random"": 0}"
single_0.33,coverage3|herding_first|lcb=0|fb=none|gap=0,64,0.6817895310665187,0.6683962374190484,herding,0.7059333595529326,-0.024143828486413832,-0.019692056754313562,"[-3.11,-0.96]",0.0,0.0,"{""boundary"": 0, ""herding"": 42, ""kcenter"": 7, ""kmeans"": 15, ""marc"": 0, ""random"": 0}"
single_0.33,centroid3|default|lcb=0|fb=kmeans|gap=0.02,64,0.6817288971659043,0.6683607644638734,herding,0.7059333595529326,-0.024204462387028225,-0.01975269065492801,"[-3.09,-1.00]",0.828125,0.0,"{""boundary"": 0, ""herding"": 6, ""kcenter"": 0, ""kmeans"": 56, ""marc"": 2, ""random"": 0}"
single_0.33,representative4|marc_first|lcb=0|fb=kmeans|gap=0.02,64,0.6817288971659043,0.6683607644638734,herding,0.7059333595529326,-0.024204462387028225,-0.01975269065492801,"[-3.09,-1.00]",0.828125,0.0,"{""boundary"": 0, ""herding"": 6, ""kcenter"": 0, ""kmeans"": 56, ""marc"": 2, ""random"": 0}"
single_0.33,representative4|kmeans_first|lcb=0|fb=kmeans|gap=0.02,64,0.6817288971659043,0.6683607644638734,herding,0.7059333595529326,-0.024204462387028225,-0.01975269065492801,"[-3.09,-1.00]",0.828125,0.0,"{""boundary"": 0, ""herding"": 6, ""kcenter"": 0, ""kmeans"": 56, ""marc"": 2, ""random"": 0}"
single_0.33,representative4|herding_first|lcb=0|fb=kmeans|gap=0.02,64,0.6817288971659043,0.6683607644638734,herding,0.7059333595529326,-0.024204462387028225,-0.01975269065492801,"[-3.09,-1.00]",0.828125,0.0,"{""boundary"": 0, ""herding"": 6, ""kcenter"": 0, ""kmeans"": 56, ""marc"": 2, ""random"": 0}"
single_0.33,representative4|default|lcb=0|fb=kmeans|gap=0.02,64,0.6817288971659043,0.6683607644638734,herding,0.7059333595529326,-0.024204462387028225,-0.01975269065492801,"[-3.09,-1.00]",0.828125,0.0,"{""boundary"": 0, ""herding"": 6, ""kcenter"": 0, ""kmeans"": 56, ""marc"": 2, ""random"": 0}"
single_0.33,centroid3|herding_first|lcb=0|fb=kmeans|gap=0.02,64,0.6817288971659043,0.6683607644638734,herding,0.7059333595529326,-0.024204462387028225,-0.01975269065492801,"[-3.09,-1.00]",0.828125,0.0,"{""boundary"": 0, ""herding"": 6, ""kcenter"": 0, ""kmeans"": 56, ""marc"": 2, ""random"": 0}"
single_0.33,centroid3|marc_first|lcb=0|fb=kmeans|gap=0.02,64,0.6817288971659043,0.6683607644638734,herding,0.7059333595529326,-0.024204462387028225,-0.01975269065492801,"[-3.09,-1.00]",0.828125,0.0,"{""boundary"": 0, ""herding"": 6, ""kcenter"": 0, ""kmeans"": 56, ""marc"": 2, ""random"": 0}"
single_0.33,centroid3|kmeans_first|lcb=0|fb=kmeans|gap=0.02,64,0.6817288971659043,0.6683607644638734,herding,0.7059333595529326,-0.024204462387028225,-0.01975269065492801,"[-3.09,-1.00]",0.828125,0.0,"{""boundary"": 0, ""herding"": 6, ""kcenter"": 0, ""kmeans"": 56, ""marc"": 2, ""random"": 0}"
single_0.33,centroid3|marc_first|lcb=0|fb=kmeans|gap=0.01,64,0.6815379695480299,0.6682100192660663,herding,0.7059333595529326,-0.02439539000490265,-0.019943618272802433,"[-3.11,-1.02]",0.71875,0.0,"{""boundary"": 0, ""herding"": 8, ""kcenter"": 0, ""kmeans"": 52, ""marc"": 4, ""random"": 0}"
single_0.33,representative4|marc_first|lcb=0|fb=kmeans|gap=0.01,64,0.6815379695480299,0.6682100192660663,herding,0.7059333595529326,-0.02439539000490265,-0.019943618272802433,"[-3.11,-1.02]",0.71875,0.0,"{""boundary"": 0, ""herding"": 8, ""kcenter"": 0, ""kmeans"": 52, ""marc"": 4, ""random"": 0}"
single_0.33,representative4|kmeans_first|lcb=0|fb=kmeans|gap=0.01,64,0.6815379695480299,0.6682100192660663,herding,0.7059333595529326,-0.02439539000490265,-0.019943618272802433,"[-3.11,-1.02]",0.71875,0.0,"{""boundary"": 0, ""herding"": 8, ""kcenter"": 0, ""kmeans"": 52, ""marc"": 4, ""random"": 0}"
single_0.33,centroid3|default|lcb=0|fb=kmeans|gap=0.01,64,0.6815379695480299,0.6682100192660663,herding,0.7059333595529326,-0.02439539000490265,-0.019943618272802433,"[-3.11,-1.02]",0.71875,0.0,"{""boundary"": 0, ""herding"": 8, ""kcenter"": 0, ""kmeans"": 52, ""marc"": 4, ""random"": 0}"
single_0.33,centroid3|kmeans_first|lcb=0|fb=kmeans|gap=0.01,64,0.6815379695480299,0.6682100192660663,herding,0.7059333595529326,-0.02439539000490265,-0.019943618272802433,"[-3.11,-1.02]",0.71875,0.0,"{""boundary"": 0, ""herding"": 8, ""kcenter"": 0, ""kmeans"": 52, ""marc"": 4, ""random"": 0}"
single_0.33,representative4|herding_first|lcb=0|fb=kmeans|gap=0.01,64,0.6815379695480299,0.6682100192660663,herding,0.7059333595529326,-0.02439539000490265,-0.019943618272802433,"[-3.11,-1.02]",0.71875,0.0,"{""boundary"": 0, ""herding"": 8, ""kcenter"": 0, ""kmeans"": 52, ""marc"": 4, ""random"": 0}"
single_0.33,representative4|default|lcb=0|fb=kmeans|gap=0.01,64,0.6815379695480299,0.6682100192660663,herding,0.7059333595529326,-0.02439539000490265,-0.019943618272802433,"[-3.11,-1.02]",0.71875,0.0,"{""boundary"": 0, ""herding"": 8, ""kcenter"": 0, ""kmeans"": 52, ""marc"": 4, ""random"": 0}"
single_0.33,centroid3|herding_first|lcb=0|fb=kmeans|gap=0.01,64,0.6815379695480299,0.6682100192660663,herding,0.7059333595529326,-0.02439539000490265,-0.019943618272802433,"[-3.11,-1.02]",0.71875,0.0,"{""boundary"": 0, ""herding"": 8, ""kcenter"": 0, ""kmeans"": 52, ""marc"": 4, ""random"": 0}"
single_0.33,coverage3|herding_first|lcb=0|fb=herding|gap=0.02,64,0.6815181857959415,0.6677718653588144,herding,0.7059333595529326,-0.024415173756991093,-0.019963402024890862,"[-3.13,-1.01]",0.8125,0.0,"{""boundary"": 0, ""herding"": 60, ""kcenter"": 0, ""kmeans"": 4, ""marc"": 0, ""random"": 0}"
single_0.33,coverage3|marc_first|lcb=0|fb=herding|gap=0.02,64,0.6815181857959415,0.6677718653588144,herding,0.7059333595529326,-0.024415173756991093,-0.019963402024890862,"[-3.13,-1.01]",0.8125,0.0,"{""boundary"": 0, ""herding"": 60, ""kcenter"": 0, ""kmeans"": 4, ""marc"": 0, ""random"": 0}"
single_0.33,coverage3|default|lcb=0|fb=herding|gap=0.02,64,0.6815181857959415,0.6677718653588144,herding,0.7059333595529326,-0.024415173756991093,-0.019963402024890862,"[-3.13,-1.01]",0.8125,0.0,"{""boundary"": 0, ""herding"": 60, ""kcenter"": 0, ""kmeans"": 4, ""marc"": 0, ""random"": 0}"
single_0.33,coverage3|kmeans_first|lcb=0|fb=herding|gap=0.02,64,0.6815181857959415,0.6677718653588144,herding,0.7059333595529326,-0.024415173756991093,-0.019963402024890862,"[-3.13,-1.01]",0.8125,0.0,"{""boundary"": 0, ""herding"": 60, ""kcenter"": 0, ""kmeans"": 4, ""marc"": 0, ""random"": 0}"
single_0.33,representative4|default|lcb=0|fb=herding|gap=0.005,64,0.681516662891458,0.6678491903717321,herding,0.7059333595529326,-0.024416696661474613,-0.01996492492937429,"[-3.13,-1.01]",0.703125,0.0,"{""boundary"": 0, ""herding"": 53, ""kcenter"": 0, ""kmeans"": 6, ""marc"": 5, ""random"": 0}"
single_0.33,centroid3|marc_first|lcb=0|fb=herding|gap=0.01,64,0.681516662891458,0.6678344051606911,herding,0.7059333595529326,-0.024416696661474613,-0.01996492492937429,"[-3.13,-1.01]",0.71875,0.0,"{""boundary"": 0, ""herding"": 54, ""kcenter"": 0, ""kmeans"": 6, ""marc"": 4, ""random"": 0}"
single_0.33,centroid3|marc_first|lcb=0|fb=herding|gap=0.005,64,0.681516662891458,0.6678491903717321,herding,0.7059333595529326,-0.024416696661474613,-0.01996492492937429,"[-3.13,-1.01]",0.703125,0.0,"{""boundary"": 0, ""herding"": 53, ""kcenter"": 0, ""kmeans"": 6, ""marc"": 5, ""random"": 0}"
single_0.33,centroid3|kmeans_first|lcb=0|fb=herding|gap=0.005,64,0.681516662891458,0.6678491903717321,herding,0.7059333595529326,-0.024416696661474613,-0.01996492492937429,"[-3.13,-1.01]",0.703125,0.0,"{""boundary"": 0, ""herding"": 53, ""kcenter"": 0, ""kmeans"": 6, ""marc"": 5, ""random"": 0}"
single_0.33,centroid3|kmeans_first|lcb=0|fb=herding|gap=0.01,64,0.681516662891458,0.6678344051606911,herding,0.7059333595529326,-0.024416696661474613,-0.01996492492937429,"[-3.13,-1.01]",0.71875,0.0,"{""boundary"": 0, ""herding"": 54, ""kcenter"": 0, ""kmeans"": 6, ""marc"": 4, ""random"": 0}"
single_0.33,representative4|default|lcb=0|fb=herding|gap=0.01,64,0.681516662891458,0.6678344051606911,herding,0.7059333595529326,-0.024416696661474613,-0.01996492492937429,"[-3.13,-1.01]",0.71875,0.0,"{""boundary"": 0, ""herding"": 54, ""kcenter"": 0, ""kmeans"": 6, ""marc"": 4, ""random"": 0}"
single_0.33,representative4|herding_first|lcb=0|fb=herding|gap=0.01,64,0.681516662891458,0.6678344051606911,herding,0.7059333595529326,-0.024416696661474613,-0.01996492492937429,"[-3.13,-1.01]",0.71875,0.0,"{""boundary"": 0, ""herding"": 54, ""kcenter"": 0, ""kmeans"": 6, ""marc"": 4, ""random"": 0}"
single_0.33,centroid3|herding_first|lcb=0|fb=herding|gap=0.005,64,0.681516662891458,0.6678491903717321,herding,0.7059333595529326,-0.024416696661474613,-0.01996492492937429,"[-3.13,-1.01]",0.703125,0.0,"{""boundary"": 0, ""herding"": 53, ""kcenter"": 0, ""kmeans"": 6, ""marc"": 5, ""random"": 0}"
single_0.33,representative4|kmeans_first|lcb=0|fb=herding|gap=0.005,64,0.681516662891458,0.6678491903717321,herding,0.7059333595529326,-0.024416696661474613,-0.01996492492937429,"[-3.13,-1.01]",0.703125,0.0,"{""boundary"": 0, ""herding"": 53, ""kcenter"": 0, ""kmeans"": 6, ""marc"": 5, ""random"": 0}"
single_0.33,representative4|kmeans_first|lcb=0|fb=herding|gap=0.01,64,0.681516662891458,0.6678344051606911,herding,0.7059333595529326,-0.024416696661474613,-0.01996492492937429,"[-3.13,-1.01]",0.71875,0.0,"{""boundary"": 0, ""herding"": 54, ""kcenter"": 0, ""kmeans"": 6, ""marc"": 4, ""random"": 0}"
single_0.33,representative4|marc_first|lcb=0|fb=herding|gap=0.005,64,0.681516662891458,0.6678491903717321,herding,0.7059333595529326,-0.024416696661474613,-0.01996492492937429,"[-3.13,-1.01]",0.703125,0.0,"{""boundary"": 0, ""herding"": 53, ""kcenter"": 0, ""kmeans"": 6, ""marc"": 5, ""random"": 0}"
single_0.33,representative4|marc_first|lcb=0|fb=herding|gap=0.01,64,0.681516662891458,0.6678344051606911,herding,0.7059333595529326,-0.024416696661474613,-0.01996492492937429,"[-3.13,-1.01]",0.71875,0.0,"{""boundary"": 0, ""herding"": 54, ""kcenter"": 0, ""kmeans"": 6, ""marc"": 4, ""random"": 0}"
single_0.33,representative4|herding_first|lcb=0|fb=herding|gap=0.005,64,0.681516662891458,0.6678491903717321,herding,0.7059333595529326,-0.024416696661474613,-0.01996492492937429,"[-3.13,-1.01]",0.703125,0.0,"{""boundary"": 0, ""herding"": 53, ""kcenter"": 0, ""kmeans"": 6, ""marc"": 5, ""random"": 0}"
single_0.33,centroid3|herding_first|lcb=0|fb=herding|gap=0.01,64,0.681516662891458,0.6678344051606911,herding,0.7059333595529326,-0.024416696661474613,-0.01996492492937429,"[-3.13,-1.01]",0.71875,0.0,"{""boundary"": 0, ""herding"": 54, ""kcenter"": 0, ""kmeans"": 6, ""marc"": 4, ""random"": 0}"
single_0.33,centroid3|default|lcb=0|fb=herding|gap=0.005,64,0.681516662891458,0.6678491903717321,herding,0.7059333595529326,-0.024416696661474613,-0.01996492492937429,"[-3.13,-1.01]",0.703125,0.0,"{""boundary"": 0, ""herding"": 53, ""kcenter"": 0, ""kmeans"": 6, ""marc"": 5, ""random"": 0}"
single_0.33,centroid3|default|lcb=0|fb=herding|gap=0.01,64,0.681516662891458,0.6678344051606911,herding,0.7059333595529326,-0.024416696661474613,-0.01996492492937429,"[-3.13,-1.01]",0.71875,0.0,"{""boundary"": 0, ""herding"": 54, ""kcenter"": 0, ""kmeans"": 6, ""marc"": 4, ""random"": 0}"
single_0.33,coverage3|marc_first|lcb=0|fb=kmeans|gap=0.005,64,0.6815029427449111,0.6681090779762697,herding,0.7059333595529326,-0.024430416808021493,-0.019978645075921342,"[-3.13,-0.99]",0.703125,0.0,"{""boundary"": 0, ""herding"": 10, ""kcenter"": 0, ""kmeans"": 54, ""marc"": 0, ""random"": 0}"
single_0.33,coverage3|herding_first|lcb=0|fb=kmeans|gap=0,64,0.6815029427449111,0.6681005294846677,herding,0.7059333595529326,-0.024430416808021493,-0.019978645075921342,"[-3.13,-0.99]",0.53125,0.0,"{""boundary"": 0, ""herding"": 13, ""kcenter"": 7, ""kmeans"": 44, ""marc"": 0, ""random"": 0}"
single_0.33,coverage3|marc_first|lcb=0|fb=kmeans|gap=0,64,0.6815029427449111,0.6681005294846677,herding,0.7059333595529326,-0.024430416808021493,-0.019978645075921342,"[-3.13,-0.99]",0.53125,0.0,"{""boundary"": 0, ""herding"": 13, ""kcenter"": 7, ""kmeans"": 44, ""marc"": 0, ""random"": 0}"
single_0.33,coverage3|herding_first|lcb=0|fb=kmeans|gap=0.01,64,0.6815029427449111,0.6681090779762697,herding,0.7059333595529326,-0.024430416808021493,-0.019978645075921342,"[-3.13,-0.99]",0.734375,0.0,"{""boundary"": 0, ""herding"": 10, ""kcenter"": 0, ""kmeans"": 54, ""marc"": 0, ""random"": 0}"
single_0.33,coverage3|default|lcb=0|fb=kmeans|gap=0.01,64,0.6815029427449111,0.6681090779762697,herding,0.7059333595529326,-0.024430416808021493,-0.019978645075921342,"[-3.13,-0.99]",0.734375,0.0,"{""boundary"": 0, ""herding"": 10, ""kcenter"": 0, ""kmeans"": 54, ""marc"": 0, ""random"": 0}"
single_0.33,coverage3|kmeans_first|lcb=0|fb=kmeans|gap=0,64,0.6815029427449111,0.6681005294846677,herding,0.7059333595529326,-0.024430416808021493,-0.019978645075921342,"[-3.13,-0.99]",0.53125,0.0,"{""boundary"": 0, ""herding"": 13, ""kcenter"": 7, ""kmeans"": 44, ""marc"": 0, ""random"": 0}"
single_0.33,coverage3|kmeans_first|lcb=0|fb=kmeans|gap=0.005,64,0.6815029427449111,0.6681090779762697,herding,0.7059333595529326,-0.024430416808021493,-0.019978645075921342,"[-3.13,-0.99]",0.703125,0.0,"{""boundary"": 0, ""herding"": 10, ""kcenter"": 0, ""kmeans"": 54, ""marc"": 0, ""random"": 0}"
single_0.33,coverage3|kmeans_first|lcb=0|fb=kmeans|gap=0.01,64,0.6815029427449111,0.6681090779762697,herding,0.7059333595529326,-0.024430416808021493,-0.019978645075921342,"[-3.13,-0.99]",0.734375,0.0,"{""boundary"": 0, ""herding"": 10, ""kcenter"": 0, ""kmeans"": 54, ""marc"": 0, ""random"": 0}"
single_0.33,coverage3|marc_first|lcb=0|fb=kmeans|gap=0.01,64,0.6815029427449111,0.6681090779762697,herding,0.7059333595529326,-0.024430416808021493,-0.019978645075921342,"[-3.13,-0.99]",0.734375,0.0,"{""boundary"": 0, ""herding"": 10, ""kcenter"": 0, ""kmeans"": 54, ""marc"": 0, ""random"": 0}"
single_0.33,coverage3|default|lcb=0|fb=kmeans|gap=0,64,0.6815029427449111,0.6681005294846677,herding,0.7059333595529326,-0.024430416808021493,-0.019978645075921342,"[-3.13,-0.99]",0.53125,0.0,"{""boundary"": 0, ""herding"": 13, ""kcenter"": 7, ""kmeans"": 44, ""marc"": 0, ""random"": 0}"
single_0.33,coverage3|default|lcb=0|fb=kmeans|gap=0.005,64,0.6815029427449111,0.6681090779762697,herding,0.7059333595529326,-0.024430416808021493,-0.019978645075921342,"[-3.13,-0.99]",0.703125,0.0,"{""boundary"": 0, ""herding"": 10, ""kcenter"": 0, ""kmeans"": 54, ""marc"": 0, ""random"": 0}"
single_0.33,coverage3|herding_first|lcb=0|fb=kmeans|gap=0.005,64,0.6815029427449111,0.6681090779762697,herding,0.7059333595529326,-0.024430416808021493,-0.019978645075921342,"[-3.13,-0.99]",0.703125,0.0,"{""boundary"": 0, ""herding"": 10, ""kcenter"": 0, ""kmeans"": 54, ""marc"": 0, ""random"": 0}"
single_0.33,coverage3|kmeans_first|lcb=0|fb=kmeans|gap=0.02,64,0.6814395453140525,0.6680356832270162,herding,0.7059333595529326,-0.024493814238880085,-0.020042042506779864,"[-3.14,-1.00]",0.8125,0.0,"{""boundary"": 0, ""herding"": 8, ""kcenter"": 0, ""kmeans"": 56, ""marc"": 0, ""random"": 0}"
single_0.33,coverage3|herding_first|lcb=0|fb=kmeans|gap=0.02,64,0.6814395453140525,0.6680356832270162,herding,0.7059333595529326,-0.024493814238880085,-0.020042042506779864,"[-3.14,-1.00]",0.8125,0.0,"{""boundary"": 0, ""herding"": 8, ""kcenter"": 0, ""kmeans"": 56, ""marc"": 0, ""random"": 0}"
single_0.33,coverage3|marc_first|lcb=0|fb=kmeans|gap=0.02,64,0.6814395453140525,0.6680356832270162,herding,0.7059333595529326,-0.024493814238880085,-0.020042042506779864,"[-3.14,-1.00]",0.8125,0.0,"{""boundary"": 0, ""herding"": 8, ""kcenter"": 0, ""kmeans"": 56, ""marc"": 0, ""random"": 0}"
single_0.33,coverage3|default|lcb=0|fb=kmeans|gap=0.02,64,0.6814395453140525,0.6680356832270162,herding,0.7059333595529326,-0.024493814238880085,-0.020042042506779864,"[-3.14,-1.00]",0.8125,0.0,"{""boundary"": 0, ""herding"": 8, ""kcenter"": 0, ""kmeans"": 56, ""marc"": 0, ""random"": 0}"
single_0.33,representative4|herding_first|lcb=0|fb=herding|gap=0,64,0.6813292341291266,0.6680899560157452,herding,0.7059333595529326,-0.024604125423805967,-0.02015235369170578,"[-3.15,-1.03]",0.53125,0.0,"{""boundary"": 0, ""herding"": 45, ""kcenter"": 6, ""kmeans"": 7, ""marc"": 6, ""random"": 0}"
single_0.33,representative4|kmeans_first|lcb=0|fb=herding|gap=0,64,0.6813292341291266,0.6680899560157452,herding,0.7059333595529326,-0.024604125423805967,-0.02015235369170578,"[-3.15,-1.03]",0.53125,0.0,"{""boundary"": 0, ""herding"": 45, ""kcenter"": 6, ""kmeans"": 7, ""marc"": 6, ""random"": 0}"
single_0.33,representative4|default|lcb=0|fb=herding|gap=0,64,0.6813292341291266,0.6680899560157452,herding,0.7059333595529326,-0.024604125423805967,-0.02015235369170578,"[-3.15,-1.03]",0.53125,0.0,"{""boundary"": 0, ""herding"": 45, ""kcenter"": 6, ""kmeans"": 7, ""marc"": 6, ""random"": 0}"
single_0.33,representative4|marc_first|lcb=0|fb=herding|gap=0,64,0.6813292341291266,0.6680899560157452,herding,0.7059333595529326,-0.024604125423805967,-0.02015235369170578,"[-3.15,-1.03]",0.53125,0.0,"{""boundary"": 0, ""herding"": 45, ""kcenter"": 6, ""kmeans"": 7, ""marc"": 6, ""random"": 0}"
single_0.33,centroid3|default|lcb=0|fb=herding|gap=0,64,0.6812905447057096,0.6679911723428872,herding,0.7059333595529326,-0.02464281484722297,-0.020191043115122827,"[-3.15,-1.03]",0.546875,0.0,"{""boundary"": 0, ""herding"": 47, ""kcenter"": 0, ""kmeans"": 9, ""marc"": 8, ""random"": 0}"
single_0.33,centroid3|kmeans_first|lcb=0|fb=herding|gap=0,64,0.6812905447057096,0.6679911723428872,herding,0.7059333595529326,-0.02464281484722297,-0.020191043115122827,"[-3.15,-1.03]",0.546875,0.0,"{""boundary"": 0, ""herding"": 47, ""kcenter"": 0, ""kmeans"": 9, ""marc"": 8, ""random"": 0}"
single_0.33,centroid3|herding_first|lcb=0|fb=herding|gap=0,64,0.6812905447057096,0.6679911723428872,herding,0.7059333595529326,-0.02464281484722297,-0.020191043115122827,"[-3.15,-1.03]",0.546875,0.0,"{""boundary"": 0, ""herding"": 47, ""kcenter"": 0, ""kmeans"": 9, ""marc"": 8, ""random"": 0}"
single_0.33,centroid3|marc_first|lcb=0|fb=herding|gap=0,64,0.6812905447057096,0.6679911723428872,herding,0.7059333595529326,-0.02464281484722297,-0.020191043115122827,"[-3.15,-1.03]",0.546875,0.0,"{""boundary"": 0, ""herding"": 47, ""kcenter"": 0, ""kmeans"": 9, ""marc"": 8, ""random"": 0}"
single_0.33,centroid3|marc_first|lcb=0|fb=kmeans|gap=0,64,0.6811807630627387,0.6678146458045179,herding,0.7059333595529326,-0.0247525964901939,-0.020300824758093597,"[-3.15,-1.05]",0.546875,0.0,"{""boundary"": 0, ""herding"": 12, ""kcenter"": 0, ""kmeans"": 44, ""marc"": 8, ""random"": 0}"
single_0.33,centroid3|kmeans_first|lcb=0|fb=kmeans|gap=0,64,0.6811807630627387,0.6678146458045179,herding,0.7059333595529326,-0.0247525964901939,-0.020300824758093597,"[-3.15,-1.05]",0.546875,0.0,"{""boundary"": 0, ""herding"": 12, ""kcenter"": 0, ""kmeans"": 44, ""marc"": 8, ""random"": 0}"
single_0.33,centroid3|default|lcb=0|fb=kmeans|gap=0,64,0.6811807630627387,0.6678146458045179,herding,0.7059333595529326,-0.0247525964901939,-0.020300824758093597,"[-3.15,-1.05]",0.546875,0.0,"{""boundary"": 0, ""herding"": 12, ""kcenter"": 0, ""kmeans"": 44, ""marc"": 8, ""random"": 0}"
single_0.33,centroid3|herding_first|lcb=0|fb=kmeans|gap=0,64,0.6811807630627387,0.6678146458045179,herding,0.7059333595529326,-0.0247525964901939,-0.020300824758093597,"[-3.15,-1.05]",0.546875,0.0,"{""boundary"": 0, ""herding"": 12, ""kcenter"": 0, ""kmeans"": 44, ""marc"": 8, ""random"": 0}"
single_0.33,centroid3|herding_first|lcb=0|fb=kmeans|gap=0.005,64,0.6811724724720065,0.6678347207918289,herding,0.7059333595529326,-0.024760887080926053,-0.020309115348825825,"[-3.15,-1.05]",0.703125,0.0,"{""boundary"": 0, ""herding"": 8, ""kcenter"": 0, ""kmeans"": 51, ""marc"": 5, ""random"": 0}"
single_0.33,representative4|marc_first|lcb=0|fb=kmeans|gap=0.005,64,0.6811724724720065,0.6678347207918289,herding,0.7059333595529326,-0.024760887080926053,-0.020309115348825825,"[-3.15,-1.05]",0.703125,0.0,"{""boundary"": 0, ""herding"": 8, ""kcenter"": 0, ""kmeans"": 51, ""marc"": 5, ""random"": 0}"
single_0.33,centroid3|marc_first|lcb=0|fb=kmeans|gap=0.005,64,0.6811724724720065,0.6678347207918289,herding,0.7059333595529326,-0.024760887080926053,-0.020309115348825825,"[-3.15,-1.05]",0.703125,0.0,"{""boundary"": 0, ""herding"": 8, ""kcenter"": 0, ""kmeans"": 51, ""marc"": 5, ""random"": 0}"
single_0.33,representative4|default|lcb=0|fb=kmeans|gap=0.005,64,0.6811724724720065,0.6678347207918289,herding,0.7059333595529326,-0.024760887080926053,-0.020309115348825825,"[-3.15,-1.05]",0.703125,0.0,"{""boundary"": 0, ""herding"": 8, ""kcenter"": 0, ""kmeans"": 51, ""marc"": 5, ""random"": 0}"
single_0.33,representative4|herding_first|lcb=0|fb=kmeans|gap=0.005,64,0.6811724724720065,0.6678347207918289,herding,0.7059333595529326,-0.024760887080926053,-0.020309115348825825,"[-3.15,-1.05]",0.703125,0.0,"{""boundary"": 0, ""herding"": 8, ""kcenter"": 0, ""kmeans"": 51, ""marc"": 5, ""random"": 0}"
single_0.33,centroid3|default|lcb=0|fb=kmeans|gap=0.005,64,0.6811724724720065,0.6678347207918289,herding,0.7059333595529326,-0.024760887080926053,-0.020309115348825825,"[-3.15,-1.05]",0.703125,0.0,"{""boundary"": 0, ""herding"": 8, ""kcenter"": 0, ""kmeans"": 51, ""marc"": 5, ""random"": 0}"
single_0.33,representative4|kmeans_first|lcb=0|fb=kmeans|gap=0.005,64,0.6811724724720065,0.6678347207918289,herding,0.7059333595529326,-0.024760887080926053,-0.020309115348825825,"[-3.15,-1.05]",0.703125,0.0,"{""boundary"": 0, ""herding"": 8, ""kcenter"": 0, ""kmeans"": 51, ""marc"": 5, ""random"": 0}"
single_0.33,centroid3|kmeans_first|lcb=0|fb=kmeans|gap=0.005,64,0.6811724724720065,0.6678347207918289,herding,0.7059333595529326,-0.024760887080926053,-0.020309115348825825,"[-3.15,-1.05]",0.703125,0.0,"{""boundary"": 0, ""herding"": 8, ""kcenter"": 0, ""kmeans"": 51, ""marc"": 5, ""random"": 0}"
single_0.33,representative4|default|lcb=0|fb=kmeans|gap=0,64,0.6811697089417624,0.6678207308627351,herding,0.7059333595529326,-0.02476365061117014,-0.0203118788790699,"[-3.15,-1.05]",0.53125,0.0,"{""boundary"": 0, ""herding"": 11, ""kcenter"": 6, ""kmeans"": 41, ""marc"": 6, ""random"": 0}"
single_0.33,representative4|kmeans_first|lcb=0|fb=kmeans|gap=0,64,0.6811697089417624,0.6678207308627351,herding,0.7059333595529326,-0.02476365061117014,-0.0203118788790699,"[-3.15,-1.05]",0.53125,0.0,"{""boundary"": 0, ""herding"": 11, ""kcenter"": 6, ""kmeans"": 41, ""marc"": 6, ""random"": 0}"
single_0.33,representative4|marc_first|lcb=0|fb=kmeans|gap=0,64,0.6811697089417624,0.6678207308627351,herding,0.7059333595529326,-0.02476365061117014,-0.0203118788790699,"[-3.15,-1.05]",0.53125,0.0,"{""boundary"": 0, ""herding"": 11, ""kcenter"": 6, ""kmeans"": 41, ""marc"": 6, ""random"": 0}"
single_0.33,representative4|herding_first|lcb=0|fb=kmeans|gap=0,64,0.6811697089417624,0.6678207308627351,herding,0.7059333595529326,-0.02476365061117014,-0.0203118788790699,"[-3.15,-1.05]",0.53125,0.0,"{""boundary"": 0, ""herding"": 11, ""kcenter"": 6, ""kmeans"": 41, ""marc"": 6, ""random"": 0}"
single_0.33,coverage3|kmeans_first|lcb=0|fb=herding|gap=0.05,64,0.6807963290707953,0.6670077308265415,herding,0.7059333595529326,-0.025137030482137224,-0.02068525875003706,"[-3.20,-1.09]",0.953125,0.0,"{""boundary"": 0, ""herding"": 63, ""kcenter"": 0, ""kmeans"": 1, ""marc"": 0, ""random"": 0}"
single_0.33,coverage3|herding_first|lcb=0|fb=herding|gap=0.05,64,0.6807963290707953,0.6670077308265415,herding,0.7059333595529326,-0.025137030482137224,-0.02068525875003706,"[-3.20,-1.09]",0.953125,0.0,"{""boundary"": 0, ""herding"": 63, ""kcenter"": 0, ""kmeans"": 1, ""marc"": 0, ""random"": 0}"
single_0.33,coverage3|default|lcb=0|fb=herding|gap=0.05,64,0.6807963290707953,0.6670077308265415,herding,0.7059333595529326,-0.025137030482137224,-0.02068525875003706,"[-3.20,-1.09]",0.953125,0.0,"{""boundary"": 0, ""herding"": 63, ""kcenter"": 0, ""kmeans"": 1, ""marc"": 0, ""random"": 0}"
single_0.33,coverage3|marc_first|lcb=0|fb=herding|gap=0.05,64,0.6807963290707953,0.6670077308265415,herding,0.7059333595529326,-0.025137030482137224,-0.02068525875003706,"[-3.20,-1.09]",0.953125,0.0,"{""boundary"": 0, ""herding"": 63, ""kcenter"": 0, ""kmeans"": 1, ""marc"": 0, ""random"": 0}"
single_0.33,centroid3|herding_first|lcb=0|fb=herding|gap=0.02,64,0.6807567335542262,0.6669373743339881,herding,0.7059333595529326,-0.025176625998706403,-0.020724854266606262,"[-3.20,-1.08]",0.828125,0.0,"{""boundary"": 0, ""herding"": 59, ""kcenter"": 0, ""kmeans"": 3, ""marc"": 2, ""random"": 0}"
single_0.33,representative4|kmeans_first|lcb=0|fb=herding|gap=0.02,64,0.6807567335542262,0.6669373743339881,herding,0.7059333595529326,-0.025176625998706403,-0.020724854266606262,"[-3.20,-1.08]",0.828125,0.0,"{""boundary"": 0, ""herding"": 59, ""kcenter"": 0, ""kmeans"": 3, ""marc"": 2, ""random"": 0}"
single_0.33,representative4|herding_first|lcb=0|fb=herding|gap=0.02,64,0.6807567335542262,0.6669373743339881,herding,0.7059333595529326,-0.025176625998706403,-0.020724854266606262,"[-3.20,-1.08]",0.828125,0.0,"{""boundary"": 0, ""herding"": 59, ""kcenter"": 0, ""kmeans"": 3, ""marc"": 2, ""random"": 0}"
single_0.33,representative4|marc_first|lcb=0|fb=herding|gap=0.02,64,0.6807567335542262,0.6669373743339881,herding,0.7059333595529326,-0.025176625998706403,-0.020724854266606262,"[-3.20,-1.08]",0.828125,0.0,"{""boundary"": 0, ""herding"": 59, ""kcenter"": 0, ""kmeans"": 3, ""marc"": 2, ""random"": 0}"
single_0.33,representative4|default|lcb=0|fb=herding|gap=0.02,64,0.6807567335542262,0.6669373743339881,herding,0.7059333595529326,-0.025176625998706403,-0.020724854266606262,"[-3.20,-1.08]",0.828125,0.0,"{""boundary"": 0, ""herding"": 59, ""kcenter"": 0, ""kmeans"": 3, ""marc"": 2, ""random"": 0}"
single_0.33,centroid3|default|lcb=0|fb=herding|gap=0.02,64,0.6807567335542262,0.6669373743339881,herding,0.7059333595529326,-0.025176625998706403,-0.020724854266606262,"[-3.20,-1.08]",0.828125,0.0,"{""boundary"": 0, ""herding"": 59, ""kcenter"": 0, ""kmeans"": 3, ""marc"": 2, ""random"": 0}"
single_0.33,centroid3|kmeans_first|lcb=0|fb=herding|gap=0.02,64,0.6807567335542262,0.6669373743339881,herding,0.7059333595529326,-0.025176625998706403,-0.020724854266606262,"[-3.20,-1.08]",0.828125,0.0,"{""boundary"": 0, ""herding"": 59, ""kcenter"": 0, ""kmeans"": 3, ""marc"": 2, ""random"": 0}"
single_0.33,centroid3|marc_first|lcb=0|fb=herding|gap=0.02,64,0.6807567335542262,0.6669373743339881,herding,0.7059333595529326,-0.025176625998706403,-0.020724854266606262,"[-3.20,-1.08]",0.828125,0.0,"{""boundary"": 0, ""herding"": 59, ""kcenter"": 0, ""kmeans"": 3, ""marc"": 2, ""random"": 0}"
single_0.33,centroid3|default|lcb=0|fb=herding|gap=0.05,64,0.6806805883300545,0.6668396028209406,herding,0.7059333595529326,-0.025252771222878057,-0.0208009994907778,"[-3.21,-1.10]",1.0,0.0,"{""boundary"": 0, ""herding"": 64, ""kcenter"": 0, ""kmeans"": 0, ""marc"": 0, ""random"": 0}"
single_0.33,representative4|kmeans_first|lcb=0|fb=herding|gap=0.05,64,0.6806805883300545,0.6668396028209406,herding,0.7059333595529326,-0.025252771222878057,-0.0208009994907778,"[-3.21,-1.10]",1.0,0.0,"{""boundary"": 0, ""herding"": 64, ""kcenter"": 0, ""kmeans"": 0, ""marc"": 0, ""random"": 0}"
single_0.33,no_random|kmeans_first|lcb=0|fb=herding|gap=0.05,64,0.6806805883300545,0.6668396028209406,herding,0.7059333595529326,-0.025252771222878057,-0.0208009994907778,"[-3.21,-1.10]",1.0,0.0059697804874654405,"{""boundary"": 0, ""herding"": 64, ""kcenter"": 0, ""kmeans"": 0, ""marc"": 0, ""random"": 0}"
single_0.33,representative4|marc_first|lcb=0|fb=herding|gap=0.05,64,0.6806805883300545,0.6668396028209406,herding,0.7059333595529326,-0.025252771222878057,-0.0208009994907778,"[-3.21,-1.10]",1.0,0.0,"{""boundary"": 0, ""herding"": 64, ""kcenter"": 0, ""kmeans"": 0, ""marc"": 0, ""random"": 0}"
single_0.33,centroid3|kmeans_first|lcb=0|fb=herding|gap=0.05,64,0.6806805883300545,0.6668396028209406,herding,0.7059333595529326,-0.025252771222878057,-0.0208009994907778,"[-3.21,-1.10]",1.0,0.0,"{""boundary"": 0, ""herding"": 64, ""kcenter"": 0, ""kmeans"": 0, ""marc"": 0, ""random"": 0}"
single_0.33,centroid3|herding_first|lcb=0|fb=herding|gap=0.05,64,0.6806805883300545,0.6668396028209406,herding,0.7059333595529326,-0.025252771222878057,-0.0208009994907778,"[-3.21,-1.10]",1.0,0.0,"{""boundary"": 0, ""herding"": 64, ""kcenter"": 0, ""kmeans"": 0, ""marc"": 0, ""random"": 0}"
single_0.33,no_random|marc_first|lcb=0|fb=herding|gap=0.05,64,0.6806805883300545,0.6668396028209406,herding,0.7059333595529326,-0.025252771222878057,-0.0208009994907778,"[-3.21,-1.10]",1.0,0.0059697804874654405,"{""boundary"": 0, ""herding"": 64, ""kcenter"": 0, ""kmeans"": 0, ""marc"": 0, ""random"": 0}"
single_0.33,centroid3|marc_first|lcb=0|fb=herding|gap=0.05,64,0.6806805883300545,0.6668396028209406,herding,0.7059333595529326,-0.025252771222878057,-0.0208009994907778,"[-3.21,-1.10]",1.0,0.0,"{""boundary"": 0, ""herding"": 64, ""kcenter"": 0, ""kmeans"": 0, ""marc"": 0, ""random"": 0}"
single_0.33,no_random|herding_first|lcb=0|fb=herding|gap=0.05,64,0.6806805883300545,0.6668396028209406,herding,0.7059333595529326,-0.025252771222878057,-0.0208009994907778,"[-3.21,-1.10]",1.0,0.0059697804874654405,"{""boundary"": 0, ""herding"": 64, ""kcenter"": 0, ""kmeans"": 0, ""marc"": 0, ""random"": 0}"
single_0.33,representative4|default|lcb=0|fb=herding|gap=0.05,64,0.6806805883300545,0.6668396028209406,herding,0.7059333595529326,-0.025252771222878057,-0.0208009994907778,"[-3.21,-1.10]",1.0,0.0,"{""boundary"": 0, ""herding"": 64, ""kcenter"": 0, ""kmeans"": 0, ""marc"": 0, ""random"": 0}"
single_0.33,no_random|default|lcb=0|fb=herding|gap=0.05,64,0.6806805883300545,0.6668396028209406,herding,0.7059333595529326,-0.025252771222878057,-0.0208009994907778,"[-3.21,-1.10]",1.0,0.0059697804874654405,"{""boundary"": 0, ""herding"": 64, ""kcenter"": 0, ""kmeans"": 0, ""marc"": 0, ""random"": 0}"
single_0.33,representative4|herding_first|lcb=0|fb=herding|gap=0.05,64,0.6806805883300545,0.6668396028209406,herding,0.7059333595529326,-0.025252771222878057,-0.0208009994907778,"[-3.21,-1.10]",1.0,0.0,"{""boundary"": 0, ""herding"": 64, ""kcenter"": 0, ""kmeans"": 0, ""marc"": 0, ""random"": 0}"
single_0.33,coverage3|marc_first|lcb=0|fb=kmeans|gap=0.05,64,0.6799927860547932,0.6665175912800017,herding,0.7059333595529326,-0.025940573498139385,-0.021488801766039123,"[-3.30,-1.12]",0.953125,0.0,"{""boundary"": 0, ""herding"": 2, ""kcenter"": 0, ""kmeans"": 62, ""marc"": 0, ""random"": 0}"
single_0.33,coverage3|kmeans_first|lcb=0|fb=kmeans|gap=0.05,64,0.6799927860547932,0.6665175912800017,herding,0.7059333595529326,-0.025940573498139385,-0.021488801766039123,"[-3.30,-1.12]",0.953125,0.0,"{""boundary"": 0, ""herding"": 2, ""kcenter"": 0, ""kmeans"": 62, ""marc"": 0, ""random"": 0}"
single_0.33,coverage3|default|lcb=0|fb=kmeans|gap=0.05,64,0.6799927860547932,0.6665175912800017,herding,0.7059333595529326,-0.025940573498139385,-0.021488801766039123,"[-3.30,-1.12]",0.953125,0.0,"{""boundary"": 0, ""herding"": 2, ""kcenter"": 0, ""kmeans"": 62, ""marc"": 0, ""random"": 0}"
single_0.33,coverage3|herding_first|lcb=0|fb=kmeans|gap=0.05,64,0.6799927860547932,0.6665175912800017,herding,0.7059333595529326,-0.025940573498139385,-0.021488801766039123,"[-3.30,-1.12]",0.953125,0.0,"{""boundary"": 0, ""herding"": 2, ""kcenter"": 0, ""kmeans"": 62, ""marc"": 0, ""random"": 0}"
single_0.33,representative4|marc_first|lcb=0|fb=kmeans|gap=0.05,64,0.6797034342029413,0.6662140440500565,herding,0.7059333595529326,-0.026229925349991245,-0.021778153617890976,"[-3.33,-1.15]",1.0,0.0,"{""boundary"": 0, ""herding"": 0, ""kcenter"": 0, ""kmeans"": 64, ""marc"": 0, ""random"": 0}"
single_0.33,centroid3|default|lcb=0|fb=kmeans|gap=0.05,64,0.6797034342029413,0.6662140440500565,herding,0.7059333595529326,-0.026229925349991245,-0.021778153617890976,"[-3.33,-1.15]",1.0,0.0,"{""boundary"": 0, ""herding"": 0, ""kcenter"": 0, ""kmeans"": 64, ""marc"": 0, ""random"": 0}"
single_0.33,no_random|default|lcb=0|fb=kmeans|gap=0.05,64,0.6797034342029413,0.6662140440500565,herding,0.7059333595529326,-0.026229925349991245,-0.021778153617890976,"[-3.33,-1.15]",1.0,0.0059697804874654405,"{""boundary"": 0, ""herding"": 0, ""kcenter"": 0, ""kmeans"": 64, ""marc"": 0, ""random"": 0}"
single_0.33,representative4|default|lcb=0|fb=kmeans|gap=0.05,64,0.6797034342029413,0.6662140440500565,herding,0.7059333595529326,-0.026229925349991245,-0.021778153617890976,"[-3.33,-1.15]",1.0,0.0,"{""boundary"": 0, ""herding"": 0, ""kcenter"": 0, ""kmeans"": 64, ""marc"": 0, ""random"": 0}"
single_0.33,no_random|marc_first|lcb=0|fb=kmeans|gap=0.05,64,0.6797034342029413,0.6662140440500565,herding,0.7059333595529326,-0.026229925349991245,-0.021778153617890976,"[-3.33,-1.15]",1.0,0.0059697804874654405,"{""boundary"": 0, ""herding"": 0, ""kcenter"": 0, ""kmeans"": 64, ""marc"": 0, ""random"": 0}"
single_0.33,no_random|kmeans_first|lcb=0|fb=kmeans|gap=0.05,64,0.6797034342029413,0.6662140440500565,herding,0.7059333595529326,-0.026229925349991245,-0.021778153617890976,"[-3.33,-1.15]",1.0,0.0059697804874654405,"{""boundary"": 0, ""herding"": 0, ""kcenter"": 0, ""kmeans"": 64, ""marc"": 0, ""random"": 0}"
single_0.33,centroid3|marc_first|lcb=0|fb=kmeans|gap=0.05,64,0.6797034342029413,0.6662140440500565,herding,0.7059333595529326,-0.026229925349991245,-0.021778153617890976,"[-3.33,-1.15]",1.0,0.0,"{""boundary"": 0, ""herding"": 0, ""kcenter"": 0, ""kmeans"": 64, ""marc"": 0, ""random"": 0}"
single_0.33,representative4|herding_first|lcb=0|fb=kmeans|gap=0.05,64,0.6797034342029413,0.6662140440500565,herding,0.7059333595529326,-0.026229925349991245,-0.021778153617890976,"[-3.33,-1.15]",1.0,0.0,"{""boundary"": 0, ""herding"": 0, ""kcenter"": 0, ""kmeans"": 64, ""marc"": 0, ""random"": 0}"
single_0.33,representative4|kmeans_first|lcb=0|fb=kmeans|gap=0.05,64,0.6797034342029413,0.6662140440500565,herding,0.7059333595529326,-0.026229925349991245,-0.021778153617890976,"[-3.33,-1.15]",1.0,0.0,"{""boundary"": 0, ""herding"": 0, ""kcenter"": 0, ""kmeans"": 64, ""marc"": 0, ""random"": 0}"
single_0.33,no_random|herding_first|lcb=0|fb=kmeans|gap=0.05,64,0.6797034342029413,0.6662140440500565,herding,0.7059333595529326,-0.026229925349991245,-0.021778153617890976,"[-3.33,-1.15]",1.0,0.0059697804874654405,"{""boundary"": 0, ""herding"": 0, ""kcenter"": 0, ""kmeans"": 64, ""marc"": 0, ""random"": 0}"
single_0.33,centroid3|kmeans_first|lcb=0|fb=kmeans|gap=0.05,64,0.6797034342029413,0.6662140440500565,herding,0.7059333595529326,-0.026229925349991245,-0.021778153617890976,"[-3.33,-1.15]",1.0,0.0,"{""boundary"": 0, ""herding"": 0, ""kcenter"": 0, ""kmeans"": 64, ""marc"": 0, ""random"": 0}"
single_0.33,centroid3|herding_first|lcb=0|fb=kmeans|gap=0.05,64,0.6797034342029413,0.6662140440500565,herding,0.7059333595529326,-0.026229925349991245,-0.021778153617890976,"[-3.33,-1.15]",1.0,0.0,"{""boundary"": 0, ""herding"": 0, ""kcenter"": 0, ""kmeans"": 64, ""marc"": 0, ""random"": 0}"
