dataset,seed,budget_per_class,best_static_method,vacs_accuracy,best_static_accuracy,delta_accuracy
20newsgroups,0,1,random,0.0804740007074637,0.0534135125574814,0.027060488149982305
20newsgroups,0,2,random,0.0825963919349133,0.0774672798019101,0.005129112133003211
20newsgroups,1,1,random,0.0530597806862398,0.0530597806862398,0.0
20newsgroups,1,2,random,0.0741068270251149,0.2230279448178281,-0.1489211177927132
20newsgroups,2,1,random,0.0619030774672798,0.1513972408914043,-0.0894941634241245
20newsgroups,2,2,random,0.0693314467633533,0.0693314467633533,0.0
20newsgroups,3,1,random,0.1344181110718075,0.1344181110718075,0.0
20newsgroups,3,2,random,0.0755217545100813,0.0535903784931022,0.021931376016979094
20newsgroups,4,1,random,0.0666784577290414,0.1623629288998938,-0.0956844711708524
20newsgroups,4,2,random,0.0739299610894941,0.0864874425185709,-0.012557481429076811
20newsgroups,5,1,random,0.1920764060841882,0.1920764060841882,0.0
20newsgroups,5,2,random,0.0813583303855677,0.0574814290767598,0.023876901308807895
20newsgroups,6,1,random,0.0679165192783869,0.1975592500884329,-0.129642730810046
20newsgroups,6,2,random,0.0645560665015917,0.0645560665015917,0.0
20newsgroups,7,1,random,0.1542270958613371,0.1542270958613371,0.0
20newsgroups,7,2,random,0.2124159886805801,0.2124159886805801,0.0
breast_cancer,0,1,kmeans,0.8947368421052632,0.8947368421052632,0.0
breast_cancer,0,2,kmeans,0.912280701754386,0.912280701754386,0.0
breast_cancer,1,1,kmeans,0.912280701754386,0.912280701754386,0.0
breast_cancer,1,2,kmeans,0.935672514619883,0.935672514619883,0.0
breast_cancer,2,1,kmeans,0.9239766081871345,0.9239766081871345,0.0
breast_cancer,2,2,kmeans,0.9415204678362572,0.953216374269006,-0.01169590643274876
breast_cancer,3,1,kmeans,0.9298245614035088,0.9298245614035088,0.0
breast_cancer,3,2,kmeans,0.935672514619883,0.935672514619883,0.0
breast_cancer,4,1,kmeans,0.912280701754386,0.912280701754386,0.0
breast_cancer,4,2,kmeans,0.9298245614035088,0.9298245614035088,0.0
breast_cancer,5,1,kmeans,0.9707602339181286,0.9707602339181286,0.0
breast_cancer,5,2,kmeans,0.953216374269006,0.9649122807017544,-0.011695906432748426
breast_cancer,6,1,kmeans,0.9473684210526316,0.9473684210526316,0.0
breast_cancer,6,2,kmeans,0.95906432748538,0.95906432748538,0.0
breast_cancer,7,1,kmeans,0.9298245614035088,0.9298245614035088,0.0
breast_cancer,7,2,kmeans,0.953216374269006,0.953216374269006,0.0
digits,0,1,kmeans,0.812962962962963,0.812962962962963,0.0
digits,0,2,kmeans,0.8388888888888889,0.8351851851851851,0.0037037037037037646
digits,1,1,kmeans,0.8351851851851851,0.8351851851851851,0.0
digits,1,2,kmeans,0.8555555555555555,0.8555555555555555,0.0
digits,2,1,kmeans,0.774074074074074,0.774074074074074,0.0
digits,2,2,kmeans,0.8166666666666667,0.8166666666666667,0.0
digits,3,1,kmeans,0.8148148148148148,0.8148148148148148,0.0
digits,3,2,kmeans,0.8407407407407408,0.8407407407407408,0.0
digits,4,1,kmeans,0.825925925925926,0.825925925925926,0.0
digits,4,2,kmeans,0.8314814814814815,0.8407407407407408,-0.0092592592592593
digits,5,1,kmeans,0.825925925925926,0.825925925925926,0.0
digits,5,2,kmeans,0.8148148148148148,0.8148148148148148,0.0
digits,6,1,kmeans,0.8166666666666667,0.8166666666666667,0.0
digits,6,2,kmeans,0.8240740740740741,0.8481481481481481,-0.024074074074074026
digits,7,1,kmeans,0.8092592592592592,0.8092592592592592,0.0
digits,7,2,kmeans,0.8351851851851851,0.8240740740740741,0.011111111111111072
iris,0,1,herding,0.7555555555555555,0.7555555555555555,0.0
iris,0,2,herding,0.7777777777777778,0.7555555555555555,0.022222222222222254
iris,1,1,herding,0.7333333333333333,0.7333333333333333,0.0
iris,1,2,herding,0.8,0.7777777777777778,0.022222222222222254
iris,2,1,herding,0.8666666666666667,0.8666666666666667,0.0
iris,2,2,herding,0.8666666666666667,0.8666666666666667,0.0
iris,3,1,herding,0.7777777777777778,0.7777777777777778,0.0
iris,3,2,herding,0.7777777777777778,0.8,-0.022222222222222254
iris,4,1,herding,0.4888888888888889,0.8222222222222222,-0.3333333333333333
iris,4,2,herding,0.8666666666666667,0.8666666666666667,0.0
iris,5,1,herding,0.8666666666666667,0.8666666666666667,0.0
iris,5,2,herding,0.5777777777777777,0.8444444444444444,-0.2666666666666667
iris,6,1,herding,0.7777777777777778,0.7777777777777778,0.0
iris,6,2,herding,0.7555555555555555,0.8,-0.04444444444444451
iris,7,1,herding,0.8,0.8,0.0
iris,7,2,herding,0.7333333333333333,0.8,-0.06666666666666676
wine,0,1,herding,0.9629629629629628,0.9629629629629628,0.0
wine,0,2,herding,0.9074074074074074,0.9444444444444444,-0.03703703703703698
wine,1,1,herding,0.9074074074074074,0.9074074074074074,0.0
wine,1,2,herding,0.925925925925926,0.9444444444444444,-0.01851851851851838
wine,2,1,herding,0.925925925925926,0.925925925925926,0.0
wine,2,2,herding,0.8888888888888888,0.9444444444444444,-0.05555555555555558
wine,3,1,herding,0.8888888888888888,0.8888888888888888,0.0
wine,3,2,herding,0.925925925925926,0.925925925925926,0.0
wine,4,1,herding,0.8888888888888888,0.8888888888888888,0.0
wine,4,2,herding,0.8703703703703703,0.8703703703703703,0.0
wine,5,1,herding,0.9444444444444444,0.9444444444444444,0.0
wine,5,2,herding,0.9074074074074074,0.925925925925926,-0.0185185185185186
wine,6,1,herding,0.8518518518518519,0.9074074074074074,-0.05555555555555558
wine,6,2,herding,0.925925925925926,0.925925925925926,0.0
wine,7,1,herding,0.9814814814814816,0.9814814814814816,0.0
wine,7,2,herding,0.9074074074074074,0.9074074074074074,0.0
