dataset,seed,budget_per_class,ablation_method,selector_detail,selected,accuracy,macro_f1
digits,0,1,vacs,herding,10,0.812962962962963,0.8064498490413801
digits,0,1,vacs_no_rebuild,herding,10,0.8018518518518518,0.7965688663071899
digits,0,1,vacs_no_marc,herding,10,0.812962962962963,0.8064498490413801
digits,0,1,vacs_no_kmeans,herding,10,0.812962962962963,0.8064498490413801
digits,0,1,vacs_no_random,herding,10,0.812962962962963,0.8064498490413801
digits,0,2,vacs,herding,20,0.8388888888888889,0.8374619171554164
digits,0,2,vacs_no_rebuild,herding,20,0.8277777777777777,0.8252652775691376
digits,0,2,vacs_no_marc,herding,20,0.8388888888888889,0.8374619171554164
digits,0,2,vacs_no_kmeans,herding,20,0.8388888888888889,0.8374619171554164
digits,0,2,vacs_no_random,herding,20,0.8388888888888889,0.8374619171554164
digits,1,1,vacs,herding,10,0.8351851851851851,0.8304916398737212
digits,1,1,vacs_no_rebuild,herding,10,0.8222222222222222,0.8146818007854156
digits,1,1,vacs_no_marc,herding,10,0.8351851851851851,0.8304916398737212
digits,1,1,vacs_no_kmeans,herding,10,0.8351851851851851,0.8304916398737212
digits,1,1,vacs_no_random,herding,10,0.8351851851851851,0.8304916398737212
digits,1,2,vacs,kmeans,20,0.8555555555555555,0.8519051455826704
digits,1,2,vacs_no_rebuild,kmeans,20,0.8462962962962963,0.8423905403782392
digits,1,2,vacs_no_marc,kmeans,20,0.8555555555555555,0.8519051455826704
digits,1,2,vacs_no_kmeans,marc,20,0.8462962962962963,0.8432988905160637
digits,1,2,vacs_no_random,kmeans,20,0.8555555555555555,0.8519051455826704
digits,2,1,vacs,herding,10,0.774074074074074,0.7653109603356122
digits,2,1,vacs_no_rebuild,herding,10,0.7814814814814814,0.7748541179257388
digits,2,1,vacs_no_marc,herding,10,0.774074074074074,0.7653109603356122
digits,2,1,vacs_no_kmeans,herding,10,0.774074074074074,0.7653109603356122
digits,2,1,vacs_no_random,herding,10,0.774074074074074,0.7653109603356122
digits,2,2,vacs,kmeans,20,0.8166666666666667,0.8144846565454424
digits,2,2,vacs_no_rebuild,kmeans,20,0.825925925925926,0.8231367272313168
digits,2,2,vacs_no_marc,kmeans,20,0.8166666666666667,0.8144846565454424
digits,2,2,vacs_no_kmeans,herding,20,0.7944444444444444,0.7892832939769983
digits,2,2,vacs_no_random,kmeans,20,0.8166666666666667,0.8144846565454424
digits,3,1,vacs,herding,10,0.8148148148148148,0.8104649288033695
digits,3,1,vacs_no_rebuild,herding,10,0.8203703703703704,0.8157114799323661
digits,3,1,vacs_no_marc,herding,10,0.8148148148148148,0.8104649288033695
digits,3,1,vacs_no_kmeans,herding,10,0.8148148148148148,0.8104649288033695
digits,3,1,vacs_no_random,herding,10,0.8148148148148148,0.8104649288033695
digits,3,2,vacs,kmeans,20,0.8407407407407408,0.8379268906669575
digits,3,2,vacs_no_rebuild,kmeans,20,0.8537037037037037,0.8525821395110329
digits,3,2,vacs_no_marc,kmeans,20,0.8407407407407408,0.8379268906669575
digits,3,2,vacs_no_kmeans,marc,20,0.8388888888888889,0.8370311367132304
digits,3,2,vacs_no_random,kmeans,20,0.8407407407407408,0.8379268906669575
digits,4,1,vacs,herding,10,0.825925925925926,0.8189787200481783
digits,4,1,vacs_no_rebuild,herding,10,0.8166666666666667,0.8126398501734974
digits,4,1,vacs_no_marc,herding,10,0.825925925925926,0.8189787200481783
digits,4,1,vacs_no_kmeans,herding,10,0.825925925925926,0.8189787200481783
digits,4,1,vacs_no_random,herding,10,0.825925925925926,0.8189787200481783
digits,4,2,vacs,herding,20,0.8314814814814815,0.8263512877351763
digits,4,2,vacs_no_rebuild,herding,20,0.8333333333333334,0.826535384668755
digits,4,2,vacs_no_marc,herding,20,0.8314814814814815,0.8263512877351763
digits,4,2,vacs_no_kmeans,herding,20,0.8314814814814815,0.8263512877351763
digits,4,2,vacs_no_random,herding,20,0.8314814814814815,0.8263512877351763
digits,5,1,vacs,herding,10,0.825925925925926,0.8194240485603848
digits,5,1,vacs_no_rebuild,herding,10,0.8203703703703704,0.814527854794151
digits,5,1,vacs_no_marc,herding,10,0.825925925925926,0.8194240485603848
digits,5,1,vacs_no_kmeans,herding,10,0.825925925925926,0.8194240485603848
digits,5,1,vacs_no_random,herding,10,0.825925925925926,0.8194240485603848
digits,5,2,vacs,kmeans,20,0.8148148148148148,0.8146048574541233
digits,5,2,vacs_no_rebuild,kmeans,20,0.837037037037037,0.8376033665405881
digits,5,2,vacs_no_marc,kmeans,20,0.8148148148148148,0.8146048574541233
digits,5,2,vacs_no_kmeans,marc,20,0.8092592592592592,0.8090765432575898
digits,5,2,vacs_no_random,kmeans,20,0.8148148148148148,0.8146048574541233
digits,6,1,vacs,herding,10,0.8166666666666667,0.8147142898992931
digits,6,1,vacs_no_rebuild,herding,10,0.8055555555555556,0.8026322102224125
digits,6,1,vacs_no_marc,herding,10,0.8166666666666667,0.8147142898992931
digits,6,1,vacs_no_kmeans,herding,10,0.8166666666666667,0.8147142898992931
digits,6,1,vacs_no_random,herding,10,0.8166666666666667,0.8147142898992931
digits,6,2,vacs,herding,20,0.8240740740740741,0.8221132677203936
digits,6,2,vacs_no_rebuild,herding,20,0.8296296296296296,0.8276273379870022
digits,6,2,vacs_no_marc,herding,20,0.8240740740740741,0.8221132677203936
digits,6,2,vacs_no_kmeans,herding,20,0.8240740740740741,0.8221132677203936
digits,6,2,vacs_no_random,herding,20,0.8240740740740741,0.8221132677203936
digits,7,1,vacs,herding,10,0.8092592592592592,0.8017737866203067
digits,7,1,vacs_no_rebuild,herding,10,0.7777777777777778,0.7679480396857702
digits,7,1,vacs_no_marc,herding,10,0.8092592592592592,0.8017737866203067
digits,7,1,vacs_no_kmeans,herding,10,0.8092592592592592,0.8017737866203067
digits,7,1,vacs_no_random,herding,10,0.8092592592592592,0.8017737866203067
digits,7,2,vacs,herding,20,0.8351851851851851,0.8314464552891753
digits,7,2,vacs_no_rebuild,herding,20,0.8203703703703704,0.816099288943294
digits,7,2,vacs_no_marc,herding,20,0.8351851851851851,0.8314464552891753
digits,7,2,vacs_no_kmeans,herding,20,0.8351851851851851,0.8314464552891753
digits,7,2,vacs_no_random,herding,20,0.8351851851851851,0.8314464552891753
iris,0,1,vacs,herding,3,0.7555555555555555,0.7530864197530863
iris,0,1,vacs_no_rebuild,herding,3,0.7333333333333333,0.7321428571428571
iris,0,1,vacs_no_marc,herding,3,0.7555555555555555,0.7530864197530863
iris,0,1,vacs_no_kmeans,herding,3,0.7555555555555555,0.7530864197530863
iris,0,1,vacs_no_random,herding,3,0.7555555555555555,0.7530864197530863
iris,0,2,vacs,random,6,0.7777777777777778,0.7767857142857143
iris,0,2,vacs_no_rebuild,random,6,0.8,0.7942857142857144
iris,0,2,vacs_no_marc,random,6,0.7777777777777778,0.7767857142857143
iris,0,2,vacs_no_kmeans,random,6,0.7777777777777778,0.7767857142857143
iris,0,2,vacs_no_random,kmeans,6,0.8222222222222222,0.8148148148148148
iris,1,1,vacs,herding,3,0.7333333333333333,0.7321428571428571
iris,1,1,vacs_no_rebuild,herding,3,0.7333333333333333,0.7321428571428571
iris,1,1,vacs_no_marc,herding,3,0.7333333333333333,0.7321428571428571
iris,1,1,vacs_no_kmeans,herding,3,0.7333333333333333,0.7321428571428571
iris,1,1,vacs_no_random,herding,3,0.7333333333333333,0.7321428571428571
iris,1,2,vacs,random,6,0.8,0.7942857142857144
iris,1,2,vacs_no_rebuild,random,6,0.7777777777777778,0.7777777777777777
iris,1,2,vacs_no_marc,random,6,0.8,0.7942857142857144
iris,1,2,vacs_no_kmeans,random,6,0.8,0.7942857142857144
iris,1,2,vacs_no_random,herding,6,0.7777777777777778,0.7737556561085973
iris,2,1,vacs,herding,3,0.8666666666666667,0.8666666666666667
iris,2,1,vacs_no_rebuild,herding,3,0.9555555555555556,0.9553571428571429
iris,2,1,vacs_no_marc,herding,3,0.8666666666666667,0.8666666666666667
iris,2,1,vacs_no_kmeans,herding,3,0.8666666666666667,0.8666666666666667
iris,2,1,vacs_no_random,herding,3,0.8666666666666667,0.8666666666666667
iris,2,2,vacs,kmeans,6,0.8666666666666667,0.8660714285714285
iris,2,2,vacs_no_rebuild,kmeans,6,0.9333333333333333,0.9326599326599326
iris,2,2,vacs_no_marc,kmeans,6,0.8666666666666667,0.8660714285714285
iris,2,2,vacs_no_kmeans,herding,6,0.8666666666666667,0.8666666666666667
iris,2,2,vacs_no_random,kmeans,6,0.8666666666666667,0.8660714285714285
iris,3,1,vacs,herding,3,0.7777777777777778,0.7777777777777777
iris,3,1,vacs_no_rebuild,herding,3,0.7777777777777778,0.7777777777777777
iris,3,1,vacs_no_marc,herding,3,0.7777777777777778,0.7777777777777777
iris,3,1,vacs_no_kmeans,herding,3,0.7777777777777778,0.7777777777777777
iris,3,1,vacs_no_random,herding,3,0.7777777777777778,0.7777777777777777
iris,3,2,vacs,random,6,0.7777777777777778,0.7777777777777777
iris,3,2,vacs_no_rebuild,random,6,0.7555555555555555,0.7552836484983314
iris,3,2,vacs_no_marc,random,6,0.7777777777777778,0.7777777777777777
iris,3,2,vacs_no_kmeans,random,6,0.7777777777777778,0.7777777777777777
iris,3,2,vacs_no_random,herding,6,0.8,0.7997775305895439
iris,4,1,vacs,boundary,3,0.4888888888888889,0.48003072196620583
iris,4,1,vacs_no_rebuild,boundary,3,0.4888888888888889,0.4883203559510567
iris,4,1,vacs_no_marc,boundary,3,0.4888888888888889,0.48003072196620583
iris,4,1,vacs_no_kmeans,boundary,3,0.4888888888888889,0.48003072196620583
iris,4,1,vacs_no_random,boundary,3,0.4888888888888889,0.48003072196620583
iris,4,2,vacs,herding,6,0.8666666666666667,0.8642533936651583
iris,4,2,vacs_no_rebuild,herding,6,0.8444444444444444,0.8370904490828589
iris,4,2,vacs_no_marc,herding,6,0.8666666666666667,0.8642533936651583
iris,4,2,vacs_no_kmeans,herding,6,0.8666666666666667,0.8642533936651583
iris,4,2,vacs_no_random,herding,6,0.8666666666666667,0.8642533936651583
iris,5,1,vacs,random,3,0.8666666666666667,0.8642533936651583
iris,5,1,vacs_no_rebuild,random,3,0.8222222222222222,0.8049721275527727
iris,5,1,vacs_no_marc,random,3,0.8666666666666667,0.8642533936651583
iris,5,1,vacs_no_kmeans,random,3,0.8666666666666667,0.8642533936651583
iris,5,1,vacs_no_random,herding,3,0.8666666666666667,0.8660714285714285
iris,5,2,vacs,random,6,0.5777777777777777,0.5594433902593295
iris,5,2,vacs_no_rebuild,random,6,0.8444444444444444,0.8442714126807563
iris,5,2,vacs_no_marc,random,6,0.5777777777777777,0.5594433902593295
iris,5,2,vacs_no_kmeans,random,6,0.5777777777777777,0.5594433902593295
iris,5,2,vacs_no_random,kmeans,6,0.8,0.7927867383512543
iris,6,1,vacs,herding,3,0.7777777777777778,0.7767857142857143
iris,6,1,vacs_no_rebuild,herding,3,0.7777777777777778,0.7767857142857143
iris,6,1,vacs_no_marc,herding,3,0.7777777777777778,0.7767857142857143
iris,6,1,vacs_no_kmeans,herding,3,0.7777777777777778,0.7767857142857143
iris,6,1,vacs_no_random,herding,3,0.7777777777777778,0.7767857142857143
iris,6,2,vacs,kmeans,6,0.7555555555555555,0.7552836484983314
iris,6,2,vacs_no_rebuild,kmeans,6,0.8222222222222222,0.8148148148148148
iris,6,2,vacs_no_marc,kmeans,6,0.7555555555555555,0.7552836484983314
iris,6,2,vacs_no_kmeans,random,6,0.6666666666666666,0.5755793226381462
iris,6,2,vacs_no_random,kmeans,6,0.7555555555555555,0.7552836484983314
iris,7,1,vacs,herding,3,0.8,0.7997775305895439
iris,7,1,vacs_no_rebuild,herding,3,0.8222222222222222,0.8214285714285715
iris,7,1,vacs_no_marc,herding,3,0.8,0.7997775305895439
iris,7,1,vacs_no_kmeans,herding,3,0.8,0.7997775305895439
iris,7,1,vacs_no_random,herding,3,0.8,0.7997775305895439
iris,7,2,vacs,kmeans,6,0.7333333333333333,0.7211538461538461
iris,7,2,vacs_no_rebuild,kmeans,6,0.7777777777777778,0.7618464052287582
iris,7,2,vacs_no_marc,kmeans,6,0.7333333333333333,0.7211538461538461
iris,7,2,vacs_no_kmeans,marc,6,0.7555555555555555,0.7465900039824772
iris,7,2,vacs_no_random,kmeans,6,0.7333333333333333,0.7211538461538461
wine,0,1,vacs,herding,3,0.9629629629629629,0.9635716361522814
wine,0,1,vacs_no_rebuild,herding,3,0.9259259259259259,0.9265350877192983
wine,0,1,vacs_no_marc,herding,3,0.9629629629629629,0.9635716361522814
wine,0,1,vacs_no_kmeans,herding,3,0.9629629629629629,0.9635716361522814
wine,0,1,vacs_no_random,herding,3,0.9629629629629629,0.9635716361522814
wine,0,2,vacs,kmeans,6,0.9074074074074074,0.9067302596714363
wine,0,2,vacs_no_rebuild,kmeans,6,0.9259259259259259,0.9273148148148148
wine,0,2,vacs_no_marc,kmeans,6,0.9074074074074074,0.9067302596714363
wine,0,2,vacs_no_kmeans,herding,6,0.9444444444444444,0.944516632016632
wine,0,2,vacs_no_random,kmeans,6,0.9074074074074074,0.9067302596714363
wine,1,1,vacs,herding,3,0.9074074074074074,0.908480595980596
wine,1,1,vacs_no_rebuild,herding,3,0.8888888888888888,0.8902777777777778
wine,1,1,vacs_no_marc,herding,3,0.9074074074074074,0.908480595980596
wine,1,1,vacs_no_kmeans,herding,3,0.9074074074074074,0.908480595980596
wine,1,1,vacs_no_random,herding,3,0.9074074074074074,0.908480595980596
wine,1,2,vacs,kcenter,6,0.9259259259259259,0.9256002413897151
wine,1,2,vacs_no_rebuild,kcenter,6,0.9259259259259259,0.9285185668886857
wine,1,2,vacs_no_marc,kcenter,6,0.9259259259259259,0.9256002413897151
wine,1,2,vacs_no_kmeans,kcenter,6,0.9259259259259259,0.9256002413897151
wine,1,2,vacs_no_random,kcenter,6,0.9259259259259259,0.9256002413897151
wine,2,1,vacs,herding,3,0.9259259259259259,0.9285185668886857
wine,2,1,vacs_no_rebuild,herding,3,0.9259259259259259,0.9285185668886857
wine,2,1,vacs_no_marc,herding,3,0.9259259259259259,0.9285185668886857
wine,2,1,vacs_no_kmeans,herding,3,0.9259259259259259,0.9285185668886857
wine,2,1,vacs_no_random,herding,3,0.9259259259259259,0.9285185668886857
wine,2,2,vacs,marc,6,0.8888888888888888,0.8902777777777778
wine,2,2,vacs_no_rebuild,marc,6,0.9444444444444444,0.9460624265378086
wine,2,2,vacs_no_marc,herding,6,0.9444444444444444,0.9487179487179488
wine,2,2,vacs_no_kmeans,marc,6,0.8888888888888888,0.8902777777777778
wine,2,2,vacs_no_random,marc,6,0.8888888888888888,0.8902777777777778
wine,3,1,vacs,herding,3,0.8888888888888888,0.8876848985208118
wine,3,1,vacs_no_rebuild,herding,3,0.9259259259259259,0.9265350877192983
wine,3,1,vacs_no_marc,herding,3,0.8888888888888888,0.8876848985208118
wine,3,1,vacs_no_kmeans,herding,3,0.8888888888888888,0.8876848985208118
wine,3,1,vacs_no_random,herding,3,0.8888888888888888,0.8876848985208118
wine,3,2,vacs,herding,6,0.9259259259259259,0.9265350877192983
wine,3,2,vacs_no_rebuild,herding,6,0.8888888888888888,0.8876848985208118
wine,3,2,vacs_no_marc,herding,6,0.9259259259259259,0.9265350877192983
wine,3,2,vacs_no_kmeans,herding,6,0.9259259259259259,0.9265350877192983
wine,3,2,vacs_no_random,herding,6,0.9259259259259259,0.9265350877192983
wine,4,1,vacs,herding,3,0.8888888888888888,0.8876848985208118
wine,4,1,vacs_no_rebuild,herding,3,0.9444444444444444,0.944516632016632
wine,4,1,vacs_no_marc,herding,3,0.8888888888888888,0.8876848985208118
wine,4,1,vacs_no_kmeans,herding,3,0.8888888888888888,0.8876848985208118
wine,4,1,vacs_no_random,herding,3,0.8888888888888888,0.8876848985208118
wine,4,2,vacs,herding,6,0.8703703703703703,0.8681704260651629
wine,4,2,vacs_no_rebuild,herding,6,0.9259259259259259,0.9265350877192983
wine,4,2,vacs_no_marc,herding,6,0.8703703703703703,0.8681704260651629
wine,4,2,vacs_no_kmeans,herding,6,0.8703703703703703,0.8681704260651629
wine,4,2,vacs_no_random,herding,6,0.8703703703703703,0.8681704260651629
wine,5,1,vacs,herding,3,0.9444444444444444,0.944516632016632
wine,5,1,vacs_no_rebuild,herding,3,0.9259259259259259,0.9256002413897151
wine,5,1,vacs_no_marc,herding,3,0.9444444444444444,0.944516632016632
wine,5,1,vacs_no_kmeans,herding,3,0.9444444444444444,0.944516632016632
wine,5,1,vacs_no_random,herding,3,0.9444444444444444,0.944516632016632
wine,5,2,vacs,kmeans,6,0.9074074074074074,0.9067302596714363
wine,5,2,vacs_no_rebuild,kmeans,6,0.9444444444444444,0.944516632016632
wine,5,2,vacs_no_marc,kmeans,6,0.9074074074074074,0.9067302596714363
wine,5,2,vacs_no_kmeans,marc,6,0.8888888888888888,0.8878163878163878
wine,5,2,vacs_no_random,kmeans,6,0.9074074074074074,0.9067302596714363
wine,6,1,vacs,random,3,0.8518518518518519,0.8528878528878528
wine,6,1,vacs_no_rebuild,random,3,0.9074074074074074,0.9108689334495786
wine,6,1,vacs_no_marc,random,3,0.8518518518518519,0.8528878528878528
wine,6,1,vacs_no_kmeans,random,3,0.8518518518518519,0.8528878528878528
wine,6,1,vacs_no_random,herding,3,0.9074074074074074,0.908480595980596
wine,6,2,vacs,herding,6,0.9259259259259259,0.9285185668886857
wine,6,2,vacs_no_rebuild,herding,6,0.8703703703703703,0.8681704260651629
wine,6,2,vacs_no_marc,herding,6,0.9259259259259259,0.9285185668886857
wine,6,2,vacs_no_kmeans,herding,6,0.9259259259259259,0.9285185668886857
wine,6,2,vacs_no_random,herding,6,0.9259259259259259,0.9285185668886857
wine,7,1,vacs,herding,3,0.9814814814814815,0.981117230527144
wine,7,1,vacs_no_rebuild,herding,3,1.0,1.0
wine,7,1,vacs_no_marc,herding,3,0.9814814814814815,0.981117230527144
wine,7,1,vacs_no_kmeans,herding,3,0.9814814814814815,0.981117230527144
wine,7,1,vacs_no_random,herding,3,0.9814814814814815,0.981117230527144
wine,7,2,vacs,herding,6,0.9074074074074074,0.9067302596714363
wine,7,2,vacs_no_rebuild,herding,6,0.9629629629629629,0.9625
wine,7,2,vacs_no_marc,herding,6,0.9074074074074074,0.9067302596714363
wine,7,2,vacs_no_kmeans,herding,6,0.9074074074074074,0.9067302596714363
wine,7,2,vacs_no_random,herding,6,0.9074074074074074,0.9067302596714363
breast_cancer,0,1,vacs,herding,2,0.8947368421052632,0.888961038961039
breast_cancer,0,1,vacs_no_rebuild,herding,2,0.8888888888888888,0.8831168831168831
breast_cancer,0,1,vacs_no_marc,herding,2,0.8947368421052632,0.888961038961039
breast_cancer,0,1,vacs_no_kmeans,herding,2,0.8947368421052632,0.888961038961039
breast_cancer,0,1,vacs_no_random,herding,2,0.8947368421052632,0.888961038961039
breast_cancer,0,2,vacs,kmeans,4,0.9122807017543859,0.9082125603864735
breast_cancer,0,2,vacs_no_rebuild,kmeans,4,0.9181286549707602,0.9141073478760047
breast_cancer,0,2,vacs_no_marc,kmeans,4,0.9122807017543859,0.9082125603864735
breast_cancer,0,2,vacs_no_kmeans,herding,4,0.8947368421052632,0.888961038961039
breast_cancer,0,2,vacs_no_random,kmeans,4,0.9122807017543859,0.9082125603864735
breast_cancer,1,1,vacs,herding,2,0.9122807017543859,0.9077238550922762
breast_cancer,1,1,vacs_no_rebuild,herding,2,0.9122807017543859,0.9077238550922762
breast_cancer,1,1,vacs_no_marc,herding,2,0.9122807017543859,0.9077238550922762
breast_cancer,1,1,vacs_no_kmeans,herding,2,0.9122807017543859,0.9077238550922762
breast_cancer,1,1,vacs_no_random,herding,2,0.9122807017543859,0.9077238550922762
breast_cancer,1,2,vacs,kmeans,4,0.935672514619883,0.9330247463058572
breast_cancer,1,2,vacs_no_rebuild,kmeans,4,0.9298245614035088,0.9259740259740259
breast_cancer,1,2,vacs_no_marc,kmeans,4,0.935672514619883,0.9330247463058572
breast_cancer,1,2,vacs_no_kmeans,random,4,0.9590643274853801,0.9561618751144478
breast_cancer,1,2,vacs_no_random,kmeans,4,0.935672514619883,0.9330247463058572
breast_cancer,2,1,vacs,herding,2,0.9239766081871345,0.9180460829493088
breast_cancer,2,1,vacs_no_rebuild,herding,2,0.9122807017543859,0.9054377880184332
breast_cancer,2,1,vacs_no_marc,herding,2,0.9239766081871345,0.9180460829493088
breast_cancer,2,1,vacs_no_kmeans,herding,2,0.9239766081871345,0.9180460829493088
breast_cancer,2,1,vacs_no_random,herding,2,0.9239766081871345,0.9180460829493088
breast_cancer,2,2,vacs,marc,4,0.9415204678362573,0.936741639538325
breast_cancer,2,2,vacs_no_rebuild,marc,4,0.9473684210526315,0.9432626728110599
breast_cancer,2,2,vacs_no_marc,kmeans,4,0.9532163742690059,0.9500584112149533
breast_cancer,2,2,vacs_no_kmeans,marc,4,0.9415204678362573,0.936741639538325
breast_cancer,2,2,vacs_no_random,marc,4,0.9415204678362573,0.936741639538325
breast_cancer,3,1,vacs,herding,2,0.9298245614035088,0.9259740259740259
breast_cancer,3,1,vacs_no_rebuild,herding,2,0.9298245614035088,0.9259740259740259
breast_cancer,3,1,vacs_no_marc,herding,2,0.9298245614035088,0.9259740259740259
breast_cancer,3,1,vacs_no_kmeans,herding,2,0.9298245614035088,0.9259740259740259
breast_cancer,3,1,vacs_no_random,herding,2,0.9298245614035088,0.9259740259740259
breast_cancer,3,2,vacs,kmeans,4,0.935672514619883,0.9326892109500805
breast_cancer,3,2,vacs_no_rebuild,kmeans,4,0.9473684210526315,0.9446343130553656
breast_cancer,3,2,vacs_no_marc,kmeans,4,0.935672514619883,0.9326892109500805
breast_cancer,3,2,vacs_no_kmeans,marc,4,0.9122807017543859,0.9086701085988962
breast_cancer,3,2,vacs_no_random,kmeans,4,0.935672514619883,0.9326892109500805
breast_cancer,4,1,vacs,herding,2,0.9122807017543859,0.9060611609595313
breast_cancer,4,1,vacs_no_rebuild,herding,2,0.9122807017543859,0.9060611609595313
breast_cancer,4,1,vacs_no_marc,herding,2,0.9122807017543859,0.9060611609595313
breast_cancer,4,1,vacs_no_kmeans,herding,2,0.9122807017543859,0.9060611609595313
breast_cancer,4,1,vacs_no_random,herding,2,0.9122807017543859,0.9060611609595313
breast_cancer,4,2,vacs,kmeans,4,0.9298245614035088,0.9259740259740259
breast_cancer,4,2,vacs_no_rebuild,kmeans,4,0.9239766081871345,0.9200273410799726
breast_cancer,4,2,vacs_no_marc,kmeans,4,0.9298245614035088,0.9259740259740259
breast_cancer,4,2,vacs_no_kmeans,herding,4,0.9064327485380117,0.9001168224299065
breast_cancer,4,2,vacs_no_random,kmeans,4,0.9298245614035088,0.9259740259740259
breast_cancer,5,1,vacs,herding,2,0.9707602339181286,0.9690676893021237
breast_cancer,5,1,vacs_no_rebuild,herding,2,0.9707602339181286,0.9690676893021237
breast_cancer,5,1,vacs_no_marc,herding,2,0.9707602339181286,0.9690676893021237
breast_cancer,5,1,vacs_no_kmeans,herding,2,0.9707602339181286,0.9690676893021237
breast_cancer,5,1,vacs_no_random,herding,2,0.9707602339181286,0.9690676893021237
breast_cancer,5,2,vacs,herding,4,0.9532163742690059,0.9503628447024673
breast_cancer,5,2,vacs_no_rebuild,herding,4,0.9532163742690059,0.9503628447024673
breast_cancer,5,2,vacs_no_marc,herding,4,0.9532163742690059,0.9503628447024673
breast_cancer,5,2,vacs_no_kmeans,herding,4,0.9532163742690059,0.9503628447024673
breast_cancer,5,2,vacs_no_random,herding,4,0.9532163742690059,0.9503628447024673
breast_cancer,6,1,vacs,herding,2,0.9473684210526315,0.9439895185063871
breast_cancer,6,1,vacs_no_rebuild,herding,2,0.9415204678362573,0.9379535558780843
breast_cancer,6,1,vacs_no_marc,herding,2,0.9473684210526315,0.9439895185063871
breast_cancer,6,1,vacs_no_kmeans,herding,2,0.9473684210526315,0.9439895185063871
breast_cancer,6,1,vacs_no_random,herding,2,0.9473684210526315,0.9439895185063871
breast_cancer,6,2,vacs,kmeans,4,0.9590643274853801,0.9566947650229731
breast_cancer,6,2,vacs_no_rebuild,kmeans,4,0.9590643274853801,0.9566947650229731
breast_cancer,6,2,vacs_no_marc,kmeans,4,0.9590643274853801,0.9566947650229731
breast_cancer,6,2,vacs_no_kmeans,marc,4,0.9473684210526315,0.9439895185063871
breast_cancer,6,2,vacs_no_random,kmeans,4,0.9590643274853801,0.9566947650229731
breast_cancer,7,1,vacs,herding,2,0.9298245614035088,0.9250876168224299
breast_cancer,7,1,vacs_no_rebuild,herding,2,0.9298245614035088,0.9250876168224299
breast_cancer,7,1,vacs_no_marc,herding,2,0.9298245614035088,0.9250876168224299
breast_cancer,7,1,vacs_no_kmeans,herding,2,0.9298245614035088,0.9250876168224299
breast_cancer,7,1,vacs_no_random,herding,2,0.9298245614035088,0.9250876168224299
breast_cancer,7,2,vacs,kmeans,4,0.9532163742690059,0.9506493506493507
breast_cancer,7,2,vacs_no_rebuild,kmeans,4,0.9298245614035088,0.9271099744245523
breast_cancer,7,2,vacs_no_marc,kmeans,4,0.9532163742690059,0.9506493506493507
breast_cancer,7,2,vacs_no_kmeans,marc,4,0.9239766081871345,0.9190959711758926
breast_cancer,7,2,vacs_no_random,kmeans,4,0.9532163742690059,0.9506493506493507
20newsgroups,0,1,vacs,boundary,20,0.08047400070746374,0.07592682261170339
20newsgroups,0,1,vacs_no_rebuild,boundary,20,0.0944464096215069,0.087511092727488
20newsgroups,0,1,vacs_no_marc,boundary,20,0.08047400070746374,0.07592682261170339
20newsgroups,0,1,vacs_no_kmeans,boundary,20,0.08047400070746374,0.07592682261170339
20newsgroups,0,1,vacs_no_random,boundary,20,0.08047400070746374,0.07592682261170339
20newsgroups,0,2,vacs,boundary,40,0.08259639193491333,0.0794772324206666
20newsgroups,0,2,vacs_no_rebuild,boundary,40,0.08631057658295012,0.08275819813734099
20newsgroups,0,2,vacs_no_marc,boundary,40,0.08259639193491333,0.0794772324206666
20newsgroups,0,2,vacs_no_kmeans,boundary,40,0.08259639193491333,0.0794772324206666
20newsgroups,0,2,vacs_no_random,boundary,40,0.08259639193491333,0.0794772324206666
20newsgroups,1,1,vacs,random,20,0.05305978068623983,0.005365037849973361
20newsgroups,1,1,vacs_no_rebuild,random,20,0.17527414220021223,0.175700924928852
20newsgroups,1,1,vacs_no_marc,random,20,0.05305978068623983,0.005365037849973361
20newsgroups,1,1,vacs_no_kmeans,random,20,0.05305978068623983,0.005365037849973361
20newsgroups,1,1,vacs_no_random,boundary,20,0.0650866643084542,0.06189379382945055
20newsgroups,1,2,vacs,boundary,40,0.07410682702511497,0.07213587003249251
20newsgroups,1,2,vacs_no_rebuild,boundary,40,0.07499115670321896,0.07454379927231333
20newsgroups,1,2,vacs_no_marc,boundary,40,0.07410682702511497,0.07213587003249251
20newsgroups,1,2,vacs_no_kmeans,boundary,40,0.07410682702511497,0.07213587003249251
20newsgroups,1,2,vacs_no_random,boundary,40,0.07410682702511497,0.07213587003249251
20newsgroups,2,1,vacs,boundary,20,0.0619030774672798,0.060525976455010136
20newsgroups,2,1,vacs_no_rebuild,boundary,20,0.06455606650159179,0.06359991608772395
20newsgroups,2,1,vacs_no_marc,boundary,20,0.0619030774672798,0.060525976455010136
20newsgroups,2,1,vacs_no_kmeans,boundary,20,0.0619030774672798,0.060525976455010136
20newsgroups,2,1,vacs_no_random,boundary,20,0.0619030774672798,0.060525976455010136
20newsgroups,2,2,vacs,random,40,0.06933144676335337,0.03697567595455774
20newsgroups,2,2,vacs_no_rebuild,random,40,0.21630703926423772,0.21089918228498533
20newsgroups,2,2,vacs_no_marc,random,40,0.06933144676335337,0.03697567595455774
20newsgroups,2,2,vacs_no_kmeans,random,40,0.06933144676335337,0.03697567595455774
20newsgroups,2,2,vacs_no_random,boundary,40,0.07976653696498054,0.07908883315791086
20newsgroups,3,1,vacs,random,20,0.13441811107180757,0.12489648640775405
20newsgroups,3,1,vacs_no_rebuild,random,20,0.14414573753095153,0.14552444145659554
20newsgroups,3,1,vacs_no_marc,random,20,0.13441811107180757,0.12489648640775405
20newsgroups,3,1,vacs_no_kmeans,random,20,0.13441811107180757,0.12489648640775405
20newsgroups,3,1,vacs_no_random,boundary,20,0.07021577644145738,0.06803243270855673
20newsgroups,3,2,vacs,boundary,40,0.07552175451008136,0.07562452091229313
20newsgroups,3,2,vacs_no_rebuild,boundary,40,0.08171206225680934,0.07881054058175899
20newsgroups,3,2,vacs_no_marc,boundary,40,0.07552175451008136,0.07562452091229313
20newsgroups,3,2,vacs_no_kmeans,boundary,40,0.07552175451008136,0.07562452091229313
20newsgroups,3,2,vacs_no_random,boundary,40,0.07552175451008136,0.07562452091229313
20newsgroups,4,1,vacs,boundary,20,0.0666784577290414,0.062449363471824726
20newsgroups,4,1,vacs_no_rebuild,boundary,20,0.06544039617969578,0.061061624370877345
20newsgroups,4,1,vacs_no_marc,boundary,20,0.0666784577290414,0.062449363471824726
20newsgroups,4,1,vacs_no_kmeans,boundary,20,0.0666784577290414,0.062449363471824726
20newsgroups,4,1,vacs_no_random,boundary,20,0.0666784577290414,0.062449363471824726
20newsgroups,4,2,vacs,boundary,40,0.07392996108949416,0.07086305326796598
20newsgroups,4,2,vacs_no_rebuild,boundary,40,0.07888220728687655,0.07484843352854245
20newsgroups,4,2,vacs_no_marc,boundary,40,0.07392996108949416,0.07086305326796598
20newsgroups,4,2,vacs_no_kmeans,boundary,40,0.07392996108949416,0.07086305326796598
20newsgroups,4,2,vacs_no_random,boundary,40,0.07392996108949416,0.07086305326796598
20newsgroups,5,1,vacs,random,20,0.1920764060841882,0.1912902915642849
20newsgroups,5,1,vacs_no_rebuild,random,20,0.16413158825610188,0.16159729208972973
20newsgroups,5,1,vacs_no_marc,random,20,0.1920764060841882,0.1912902915642849
20newsgroups,5,1,vacs_no_kmeans,random,20,0.1920764060841882,0.1912902915642849
20newsgroups,5,1,vacs_no_random,boundary,20,0.07958967102935975,0.07633726827723189
20newsgroups,5,2,vacs,boundary,40,0.08135833038556774,0.07802370433170672
20newsgroups,5,2,vacs_no_rebuild,boundary,40,0.08277325787053413,0.0787032286840768
20newsgroups,5,2,vacs_no_marc,boundary,40,0.08135833038556774,0.07802370433170672
20newsgroups,5,2,vacs_no_kmeans,boundary,40,0.08135833038556774,0.07802370433170672
20newsgroups,5,2,vacs_no_random,boundary,40,0.08135833038556774,0.07802370433170672
20newsgroups,6,1,vacs,boundary,20,0.06791651927838699,0.06687094129708653
20newsgroups,6,1,vacs_no_rebuild,boundary,20,0.07003891050583658,0.06891444868747566
20newsgroups,6,1,vacs_no_marc,boundary,20,0.06791651927838699,0.06687094129708653
20newsgroups,6,1,vacs_no_kmeans,boundary,20,0.06791651927838699,0.06687094129708653
20newsgroups,6,1,vacs_no_random,boundary,20,0.06791651927838699,0.06687094129708653
20newsgroups,6,2,vacs,random,40,0.06455606650159179,0.031197573679870978
20newsgroups,6,2,vacs_no_rebuild,random,40,0.23098691192076407,0.22444833071076498
20newsgroups,6,2,vacs_no_marc,random,40,0.06455606650159179,0.031197573679870978
20newsgroups,6,2,vacs_no_kmeans,random,40,0.06455606650159179,0.031197573679870978
20newsgroups,6,2,vacs_no_random,boundary,40,0.06986204457021578,0.06847397192888068
20newsgroups,7,1,vacs,random,20,0.1542270958613371,0.14663688004005176
20newsgroups,7,1,vacs_no_rebuild,random,20,0.20622568093385213,0.1949995572937805
20newsgroups,7,1,vacs_no_marc,random,20,0.1542270958613371,0.14663688004005176
20newsgroups,7,1,vacs_no_kmeans,random,20,0.1542270958613371,0.14663688004005176
20newsgroups,7,1,vacs_no_random,boundary,20,0.07499115670321896,0.07455799708548953
20newsgroups,7,2,vacs,random,40,0.21241598868058012,0.20321701865199443
20newsgroups,7,2,vacs_no_rebuild,random,40,0.20251149628581536,0.2041265486747647
20newsgroups,7,2,vacs_no_marc,random,40,0.21241598868058012,0.20321701865199443
20newsgroups,7,2,vacs_no_kmeans,random,40,0.21241598868058012,0.20321701865199443
20newsgroups,7,2,vacs_no_random,boundary,40,0.08206579412805094,0.08289286948832562
