held_out_dataset,selected_variant,train_accuracy,heldout_accuracy,heldout_macro_f1,heldout_units,source
20newsgroups,coverage3|herding_first|lcb=0|fb=none|gap=0,0.8938880766731644,0.051114255394411,0.00634196852594105,16,single_0.25
breast_cancer,no_boundary|herding_first|lcb=0|fb=none|gap=0,0.6148493828252258,0.9334795321637426,0.9294352908492616,16,single_0.25
digits,no_boundary|herding_first|lcb=0|fb=none|gap=0,0.6518965725588192,0.822337962962963,0.8177656426929518,16,single_0.25
wine,no_boundary|default|lcb=0|fb=kmeans|gap=0,0.622445007651549,0.90625,0.9061990643974613,16,single_0.25
20newsgroups,centroid3|default|lcb=0.5|fb=kmeans|gap=0,0.8723394858674464,0.0509816059426954,0.005886430318729062,16,repeat5_0.25
breast_cancer,all6|default|lcb=0.25|fb=kmeans|gap=0,0.6699441521243564,0.9345760233918128,0.9307553844231025,16,repeat5_0.25
digits,all6|default|lcb=0.25|fb=kmeans|gap=0,0.6981483431574949,0.8217592592592593,0.8174254255991465,16,repeat5_0.25
iris,all6|default|lcb=0.25|fb=herding|gap=0,0.7018520468611985,0.8027777777777778,0.8005200445447915,16,repeat5_0.25
wine,all6|default|lcb=0.25|fb=kmeans|gap=0,0.67239602834268,0.9247685185185186,0.9253066652246404,16,repeat5_0.25
20newsgroups,centroid3|default|lcb=0|fb=herding|gap=0.02,0.8929723034437947,0.0511032012734347,0.004860913214937711,16,single_0.10
breast_cancer,no_boundary|marc_first|lcb=0|fb=none|gap=0,0.6195660124810579,0.9316520467836258,0.927668787367375,16,single_0.10
digits,no_boundary|marc_first|lcb=0|fb=none|gap=0,0.6558111391867109,0.8229166666666667,0.8186483991959417,16,single_0.10
wine,no_boundary|kmeans_first|lcb=0|fb=none|gap=0,0.6258200735596803,0.9039351851851851,0.9035654710203501,16,single_0.10
20newsgroups,coverage3|default|lcb=0|fb=herding|gap=0,0.892013888888889,0.0509484435797665,0.005829978277152788,16,single_0.20
breast_cancer,no_boundary|herding_first|lcb=0|fb=none|gap=0,0.6149320430854154,0.9228801169590644,0.9185308106273433,16,single_0.20
digits,no_boundary|herding_first|lcb=0|fb=none|gap=0,0.6484075141705355,0.8224537037037036,0.8176358890823245,16,single_0.20
wine,no_boundary|kmeans_first|lcb=0|fb=none|gap=0,0.6227496194336934,0.8958333333333334,0.8955361572260633,16,single_0.20
20newsgroups,coverage3|default|lcb=0|fb=herding|gap=0.005,0.8937276640675763,0.0511032012734347,0.004860913214937711,16,single_0.33
breast_cancer,no_boundary|default|lcb=0|fb=herding|gap=0,0.6156647811884518,0.9247076023391813,0.9206358798051839,16,single_0.33
digits,no_boundary|herding_first|lcb=0|fb=none|gap=0,0.6503910644892964,0.8219907407407407,0.8177009559594245,16,single_0.33
wine,no_boundary|default|lcb=0|fb=kmeans|gap=0,0.6196040274522594,0.9108796296296297,0.9111447288588347,16,single_0.33
