dataset,seed,budget_per_class,learner,method,selector_detail,selected,accuracy,macro_f1
digits,0,1,knn3,random,random,10,0.6611111111111111,0.6590602562978829
digits,0,1,knn3,herding,herding,10,0.812962962962963,0.8064498490413801
digits,0,1,knn3,kcenter,kcenter,10,0.812962962962963,0.8064498490413801
digits,0,1,knn3,boundary,boundary,10,0.17407407407407408,0.15868573781362566
digits,0,1,knn3,kmeans,kmeans,10,0.812962962962963,0.8064498490413801
digits,0,1,knn3,marc,marc,10,0.812962962962963,0.8064498490413801
digits,0,1,knn3,badge,badge,10,0.24259259259259258,0.21640047535381496
digits,0,1,knn3,vacs,herding,10,0.812962962962963,0.8064498490413801
digits,0,2,knn3,random,random,20,0.6555555555555556,0.657523055879433
digits,0,2,knn3,herding,herding,20,0.8388888888888889,0.8374619171554164
digits,0,2,knn3,kcenter,kcenter,20,0.7555555555555555,0.7467229364046111
digits,0,2,knn3,boundary,boundary,20,0.21666666666666667,0.21002654930645054
digits,0,2,knn3,kmeans,kmeans,20,0.8351851851851851,0.8327965944511856
digits,0,2,knn3,marc,marc,20,0.8333333333333334,0.8316653572635714
digits,0,2,knn3,badge,badge,20,0.31666666666666665,0.29574478952528505
digits,0,2,knn3,vacs,herding,20,0.8388888888888889,0.8374619171554164
digits,0,4,knn3,random,random,40,0.7296296296296296,0.7258359360677538
digits,0,4,knn3,herding,herding,40,0.8425925925925926,0.8379402412461834
digits,0,4,knn3,kcenter,kcenter,40,0.7796296296296297,0.7713974745201516
digits,0,4,knn3,boundary,boundary,40,0.3148148148148148,0.30487307039327755
digits,0,4,knn3,kmeans,kmeans,40,0.8722222222222222,0.8708929866912873
digits,0,4,knn3,marc,marc,40,0.8796296296296297,0.8785569231701056
digits,0,4,knn3,badge,badge,40,0.4444444444444444,0.42071214309354515
digits,0,4,knn3,vacs,marc,40,0.8796296296296297,0.8785569231701056
digits,0,8,knn3,random,random,80,0.8592592592592593,0.8584007459295526
digits,0,8,knn3,herding,herding,80,0.8722222222222222,0.871724929910549
digits,0,8,knn3,kcenter,kcenter,80,0.8074074074074075,0.794913887944906
digits,0,8,knn3,boundary,boundary,80,0.4537037037037037,0.44783626052325837
digits,0,8,knn3,kmeans,kmeans,80,0.8944444444444445,0.8929634766268453
digits,0,8,knn3,marc,marc,80,0.8851851851851852,0.8836040382317762
digits,0,8,knn3,badge,badge,80,0.5944444444444444,0.5904196746014777
digits,0,8,knn3,vacs,marc,80,0.8851851851851852,0.8836040382317762
digits,1,1,knn3,random,random,10,0.5666666666666667,0.5373519072352752
digits,1,1,knn3,herding,herding,10,0.8351851851851851,0.8304916398737212
digits,1,1,knn3,kcenter,kcenter,10,0.8351851851851851,0.8304916398737212
digits,1,1,knn3,boundary,boundary,10,0.1814814814814815,0.16926641990274147
digits,1,1,knn3,kmeans,kmeans,10,0.8351851851851851,0.8304916398737212
digits,1,1,knn3,marc,marc,10,0.8351851851851851,0.8304916398737212
digits,1,1,knn3,badge,badge,10,0.19444444444444445,0.1735900671917624
digits,1,1,knn3,vacs,herding,10,0.8351851851851851,0.8304916398737212
digits,1,2,knn3,random,random,20,0.7351851851851852,0.7334600239185024
digits,1,2,knn3,herding,herding,20,0.8444444444444444,0.8412675158607114
digits,1,2,knn3,kcenter,kcenter,20,0.7666666666666667,0.7612312502235037
digits,1,2,knn3,boundary,boundary,20,0.22407407407407406,0.21233835284092004
digits,1,2,knn3,kmeans,kmeans,20,0.8555555555555555,0.8519051455826704
digits,1,2,knn3,marc,marc,20,0.8462962962962963,0.8432988905160637
digits,1,2,knn3,badge,badge,20,0.22777777777777777,0.20578646088090805
digits,1,2,knn3,vacs,kmeans,20,0.8555555555555555,0.8519051455826704
digits,1,4,knn3,random,random,40,0.762962962962963,0.7631069206221948
digits,1,4,knn3,herding,herding,40,0.8425925925925926,0.8357364122944337
digits,1,4,knn3,kcenter,kcenter,40,0.762962962962963,0.7591399334996203
digits,1,4,knn3,boundary,boundary,40,0.3148148148148148,0.30863862216086707
digits,1,4,knn3,kmeans,kmeans,40,0.8703703703703703,0.8673795674990477
digits,1,4,knn3,marc,marc,40,0.8981481481481481,0.8952930285986149
digits,1,4,knn3,badge,badge,40,0.45185185185185184,0.44012686792768907
digits,1,4,knn3,vacs,marc,40,0.8981481481481481,0.8952930285986149
digits,1,8,knn3,random,random,80,0.8425925925925926,0.8391801313241143
digits,1,8,knn3,herding,herding,80,0.8648148148148148,0.8614931230094438
digits,1,8,knn3,kcenter,kcenter,80,0.8314814814814815,0.8278390369999646
digits,1,8,knn3,boundary,boundary,80,0.42592592592592593,0.4138598692601815
digits,1,8,knn3,kmeans,kmeans,80,0.9166666666666666,0.9156437879963587
digits,1,8,knn3,marc,marc,80,0.9092592592592592,0.908060728068991
digits,1,8,knn3,badge,badge,80,0.6018518518518519,0.5865994297586912
digits,1,8,knn3,vacs,marc,80,0.9092592592592592,0.908060728068991
digits,2,1,knn3,random,random,10,0.6037037037037037,0.565653474459091
digits,2,1,knn3,herding,herding,10,0.774074074074074,0.7653109603356122
digits,2,1,knn3,kcenter,kcenter,10,0.774074074074074,0.7653109603356122
digits,2,1,knn3,boundary,boundary,10,0.22962962962962963,0.2101484568023803
digits,2,1,knn3,kmeans,kmeans,10,0.774074074074074,0.7653109603356122
digits,2,1,knn3,marc,marc,10,0.774074074074074,0.7653109603356122
digits,2,1,knn3,badge,badge,10,0.16111111111111112,0.13434590002411545
digits,2,1,knn3,vacs,herding,10,0.774074074074074,0.7653109603356122
digits,2,2,knn3,random,random,20,0.7185185185185186,0.70432164455804
digits,2,2,knn3,herding,herding,20,0.7944444444444444,0.7892832939769983
digits,2,2,knn3,kcenter,kcenter,20,0.7333333333333333,0.7304313814207692
digits,2,2,knn3,boundary,boundary,20,0.22407407407407406,0.21139286541048188
digits,2,2,knn3,kmeans,kmeans,20,0.8166666666666667,0.8144846565454424
digits,2,2,knn3,marc,marc,20,0.8037037037037037,0.7995648248867919
digits,2,2,knn3,badge,badge,20,0.24814814814814815,0.2313047472159302
digits,2,2,knn3,vacs,kmeans,20,0.8166666666666667,0.8144846565454424
digits,2,4,knn3,random,random,40,0.8203703703703704,0.8178759199426736
digits,2,4,knn3,herding,herding,40,0.8111111111111111,0.8083791313701498
digits,2,4,knn3,kcenter,kcenter,40,0.7685185185185185,0.765432383329283
digits,2,4,knn3,boundary,boundary,40,0.34074074074074073,0.32695069364900825
digits,2,4,knn3,kmeans,kmeans,40,0.8722222222222222,0.8693275222863305
digits,2,4,knn3,marc,marc,40,0.8666666666666667,0.8642517927962021
digits,2,4,knn3,badge,badge,40,0.4444444444444444,0.4346626675727472
digits,2,4,knn3,vacs,marc,40,0.8666666666666667,0.8642517927962021
digits,2,8,knn3,random,random,80,0.8462962962962963,0.8456113459217292
digits,2,8,knn3,herding,herding,80,0.8481481481481481,0.8464380145515363
digits,2,8,knn3,kcenter,kcenter,80,0.7814814814814814,0.7750038498459466
digits,2,8,knn3,boundary,boundary,80,0.4703703703703704,0.4595221707105527
digits,2,8,knn3,kmeans,kmeans,80,0.8833333333333333,0.8826429101667449
digits,2,8,knn3,marc,marc,80,0.8685185185185185,0.867830433519375
digits,2,8,knn3,badge,badge,80,0.5722222222222222,0.5636548862069064
digits,2,8,knn3,vacs,kmeans,80,0.8833333333333333,0.8826429101667449
digits,3,1,knn3,random,random,10,0.6648148148148149,0.6539831809297015
digits,3,1,knn3,herding,herding,10,0.8148148148148148,0.8104649288033695
digits,3,1,knn3,kcenter,kcenter,10,0.8148148148148148,0.8104649288033695
digits,3,1,knn3,boundary,boundary,10,0.2388888888888889,0.22224161047389668
digits,3,1,knn3,kmeans,kmeans,10,0.8148148148148148,0.8104649288033695
digits,3,1,knn3,marc,marc,10,0.8148148148148148,0.8104649288033695
digits,3,1,knn3,badge,badge,10,0.19444444444444445,0.18482399819088238
digits,3,1,knn3,vacs,herding,10,0.8148148148148148,0.8104649288033695
digits,3,2,knn3,random,random,20,0.7111111111111111,0.7011081969511794
digits,3,2,knn3,herding,herding,20,0.8333333333333334,0.8271666983084958
digits,3,2,knn3,kcenter,kcenter,20,0.8037037037037037,0.802577976364557
digits,3,2,knn3,boundary,boundary,20,0.25925925925925924,0.24988899063492376
digits,3,2,knn3,kmeans,kmeans,20,0.8407407407407408,0.8379268906669575
digits,3,2,knn3,marc,marc,20,0.8388888888888889,0.8370311367132304
digits,3,2,knn3,badge,badge,20,0.3574074074074074,0.32216448156059496
digits,3,2,knn3,vacs,kmeans,20,0.8407407407407408,0.8379268906669575
digits,3,4,knn3,random,random,40,0.8037037037037037,0.7962499335536183
digits,3,4,knn3,herding,herding,40,0.8462962962962963,0.8406456498926127
digits,3,4,knn3,kcenter,kcenter,40,0.7851851851851852,0.7816682623885043
digits,3,4,knn3,boundary,boundary,40,0.3314814814814815,0.32354651555466774
digits,3,4,knn3,kmeans,kmeans,40,0.8796296296296297,0.8783544424143551
digits,3,4,knn3,marc,marc,40,0.8777777777777778,0.8779285980502509
digits,3,4,knn3,badge,badge,40,0.40370370370370373,0.37760490105599
digits,3,4,knn3,vacs,kmeans,40,0.8796296296296297,0.8783544424143551
digits,3,8,knn3,random,random,80,0.8555555555555555,0.8517269307827678
digits,3,8,knn3,herding,herding,80,0.8703703703703703,0.8684980478298145
digits,3,8,knn3,kcenter,kcenter,80,0.8629629629629629,0.8555083993679968
digits,3,8,knn3,boundary,boundary,80,0.4425925925925926,0.4319289893797925
digits,3,8,knn3,kmeans,kmeans,80,0.9055555555555556,0.9042212078367804
digits,3,8,knn3,marc,marc,80,0.8907407407407407,0.8901622049139771
digits,3,8,knn3,badge,badge,80,0.5351851851851852,0.5196454109826742
digits,3,8,knn3,vacs,marc,80,0.8907407407407407,0.8901622049139771
digits,4,1,knn3,random,random,10,0.7037037037037037,0.6966868574512353
digits,4,1,knn3,herding,herding,10,0.825925925925926,0.8189787200481783
digits,4,1,knn3,kcenter,kcenter,10,0.825925925925926,0.8189787200481783
digits,4,1,knn3,boundary,boundary,10,0.16111111111111112,0.148224944346195
digits,4,1,knn3,kmeans,kmeans,10,0.825925925925926,0.8189787200481783
digits,4,1,knn3,marc,marc,10,0.825925925925926,0.8189787200481783
digits,4,1,knn3,badge,badge,10,0.18888888888888888,0.16937766858202982
digits,4,1,knn3,vacs,herding,10,0.825925925925926,0.8189787200481783
digits,4,2,knn3,random,random,20,0.7388888888888889,0.7382936055980253
digits,4,2,knn3,herding,herding,20,0.8314814814814815,0.8263512877351763
digits,4,2,knn3,kcenter,kcenter,20,0.7759259259259259,0.7685499276324972
digits,4,2,knn3,boundary,boundary,20,0.2388888888888889,0.22110950680620028
digits,4,2,knn3,kmeans,kmeans,20,0.8407407407407408,0.8375959925636602
digits,4,2,knn3,marc,marc,20,0.8407407407407408,0.8381459064718235
digits,4,2,knn3,badge,badge,20,0.2851851851851852,0.2748533810201651
digits,4,2,knn3,vacs,herding,20,0.8314814814814815,0.8263512877351763
digits,4,4,knn3,random,random,40,0.8055555555555556,0.7912648461146519
digits,4,4,knn3,herding,herding,40,0.837037037037037,0.8329253916297578
digits,4,4,knn3,kcenter,kcenter,40,0.8240740740740741,0.8197070955461865
digits,4,4,knn3,boundary,boundary,40,0.37407407407407406,0.36245472919702876
digits,4,4,knn3,kmeans,kmeans,40,0.8759259259259259,0.8737592175900044
digits,4,4,knn3,marc,marc,40,0.8592592592592593,0.8563801309180953
digits,4,4,knn3,badge,badge,40,0.3925925925925926,0.3684937314016842
digits,4,4,knn3,vacs,marc,40,0.8592592592592593,0.8563801309180953
digits,4,8,knn3,random,random,80,0.8518518518518519,0.8493396600135114
digits,4,8,knn3,herding,herding,80,0.8462962962962963,0.842836189841576
digits,4,8,knn3,kcenter,kcenter,80,0.8574074074074074,0.851543234430616
digits,4,8,knn3,boundary,boundary,80,0.46111111111111114,0.4488922505531872
digits,4,8,knn3,kmeans,kmeans,80,0.8870370370370371,0.8849853078449191
digits,4,8,knn3,marc,marc,80,0.9,0.898199224365934
digits,4,8,knn3,badge,badge,80,0.6129629629629629,0.5990561198250245
digits,4,8,knn3,vacs,marc,80,0.9,0.898199224365934
digits,5,1,knn3,random,random,10,0.5611111111111111,0.5407582104916195
digits,5,1,knn3,herding,herding,10,0.825925925925926,0.8194240485603848
digits,5,1,knn3,kcenter,kcenter,10,0.825925925925926,0.8194240485603848
digits,5,1,knn3,boundary,boundary,10,0.1814814814814815,0.1757616519268264
digits,5,1,knn3,kmeans,kmeans,10,0.825925925925926,0.8194240485603848
digits,5,1,knn3,marc,marc,10,0.825925925925926,0.8194240485603848
digits,5,1,knn3,badge,badge,10,0.23703703703703705,0.2191615493375072
digits,5,1,knn3,vacs,herding,10,0.825925925925926,0.8194240485603848
digits,5,2,knn3,random,random,20,0.7462962962962963,0.7390920889226493
digits,5,2,knn3,herding,herding,20,0.825925925925926,0.8196205270727848
digits,5,2,knn3,kcenter,kcenter,20,0.7796296296296297,0.7739509244315955
digits,5,2,knn3,boundary,boundary,20,0.25925925925925924,0.24532747980781747
digits,5,2,knn3,kmeans,kmeans,20,0.8148148148148148,0.8146048574541233
digits,5,2,knn3,marc,marc,20,0.8092592592592592,0.8090765432575898
digits,5,2,knn3,badge,badge,20,0.34444444444444444,0.3083300734672277
digits,5,2,knn3,vacs,kmeans,20,0.8148148148148148,0.8146048574541233
digits,5,4,knn3,random,random,40,0.825925925925926,0.8205764357930907
digits,5,4,knn3,herding,herding,40,0.85,0.8458628017875975
digits,5,4,knn3,kcenter,kcenter,40,0.8037037037037037,0.7993350365421298
digits,5,4,knn3,boundary,boundary,40,0.3148148148148148,0.29873586236623406
digits,5,4,knn3,kmeans,kmeans,40,0.8611111111111112,0.860680845243486
digits,5,4,knn3,marc,marc,40,0.8851851851851852,0.8849775960181949
digits,5,4,knn3,badge,badge,40,0.4425925925925926,0.4192053355094597
digits,5,4,knn3,vacs,marc,40,0.8851851851851852,0.8849775960181949
digits,5,8,knn3,random,random,80,0.8407407407407408,0.8404798633089448
digits,5,8,knn3,herding,herding,80,0.8518518518518519,0.8493350984779788
digits,5,8,knn3,kcenter,kcenter,80,0.8055555555555556,0.8012880407585345
digits,5,8,knn3,boundary,boundary,80,0.42592592592592593,0.40981890849672614
digits,5,8,knn3,kmeans,kmeans,80,0.8981481481481481,0.8975205799289462
digits,5,8,knn3,marc,marc,80,0.9018518518518519,0.9010598192139063
digits,5,8,knn3,badge,badge,80,0.5981481481481481,0.595390261531018
digits,5,8,knn3,vacs,kmeans,80,0.8981481481481481,0.8975205799289462
digits,6,1,knn3,random,random,10,0.7185185185185186,0.7128883457922397
digits,6,1,knn3,herding,herding,10,0.8166666666666667,0.8147142898992931
digits,6,1,knn3,kcenter,kcenter,10,0.8166666666666667,0.8147142898992931
digits,6,1,knn3,boundary,boundary,10,0.2,0.19207079955217157
digits,6,1,knn3,kmeans,kmeans,10,0.8166666666666667,0.8147142898992931
digits,6,1,knn3,marc,marc,10,0.8166666666666667,0.8147142898992931
digits,6,1,knn3,badge,badge,10,0.2388888888888889,0.22689787162011338
digits,6,1,knn3,vacs,herding,10,0.8166666666666667,0.8147142898992931
digits,6,2,knn3,random,random,20,0.7648148148148148,0.7617438160968957
digits,6,2,knn3,herding,herding,20,0.8240740740740741,0.8221132677203936
digits,6,2,knn3,kcenter,kcenter,20,0.7703703703703704,0.7598873039643214
digits,6,2,knn3,boundary,boundary,20,0.22592592592592592,0.20986673368216274
digits,6,2,knn3,kmeans,kmeans,20,0.8481481481481481,0.8450148402154168
digits,6,2,knn3,marc,marc,20,0.8481481481481481,0.8444772845285284
digits,6,2,knn3,badge,badge,20,0.29259259259259257,0.2841417227059991
digits,6,2,knn3,vacs,herding,20,0.8240740740740741,0.8221132677203936
digits,6,4,knn3,random,random,40,0.762962962962963,0.7533713232671346
digits,6,4,knn3,herding,herding,40,0.8351851851851851,0.8332532022060901
digits,6,4,knn3,kcenter,kcenter,40,0.7796296296296297,0.7724809421709257
digits,6,4,knn3,boundary,boundary,40,0.34074074074074073,0.3168430065467841
digits,6,4,knn3,kmeans,kmeans,40,0.8851851851851852,0.8834223931874385
digits,6,4,knn3,marc,marc,40,0.8981481481481481,0.897242155625052
digits,6,4,knn3,badge,badge,40,0.43148148148148147,0.4057759620661655
digits,6,4,knn3,vacs,marc,40,0.8981481481481481,0.897242155625052
digits,6,8,knn3,random,random,80,0.825925925925926,0.8222392418648413
digits,6,8,knn3,herding,herding,80,0.837037037037037,0.8366647192376853
digits,6,8,knn3,kcenter,kcenter,80,0.8277777777777777,0.8209807847797164
digits,6,8,knn3,boundary,boundary,80,0.46111111111111114,0.44019081933423065
digits,6,8,knn3,kmeans,kmeans,80,0.8870370370370371,0.8866911647011863
digits,6,8,knn3,marc,marc,80,0.8870370370370371,0.8862432525536332
digits,6,8,knn3,badge,badge,80,0.5666666666666667,0.5486762788298292
digits,6,8,knn3,vacs,marc,80,0.8870370370370371,0.8862432525536332
digits,7,1,knn3,random,random,10,0.55,0.5264055922124201
digits,7,1,knn3,herding,herding,10,0.8092592592592592,0.8017737866203067
digits,7,1,knn3,kcenter,kcenter,10,0.8092592592592592,0.8017737866203067
digits,7,1,knn3,boundary,boundary,10,0.17592592592592593,0.16308804090127166
digits,7,1,knn3,kmeans,kmeans,10,0.8092592592592592,0.8017737866203067
digits,7,1,knn3,marc,marc,10,0.8092592592592592,0.8017737866203067
digits,7,1,knn3,badge,badge,10,0.19814814814814816,0.1706354341623541
digits,7,1,knn3,vacs,herding,10,0.8092592592592592,0.8017737866203067
digits,7,2,knn3,random,random,20,0.65,0.6202483774700867
digits,7,2,knn3,herding,herding,20,0.8351851851851851,0.8314464552891753
digits,7,2,knn3,kcenter,kcenter,20,0.7851851851851852,0.7804046301637437
digits,7,2,knn3,boundary,boundary,20,0.25,0.22726214184251892
digits,7,2,knn3,kmeans,kmeans,20,0.8240740740740741,0.8196221413147573
digits,7,2,knn3,marc,marc,20,0.837037037037037,0.8359604118768107
digits,7,2,knn3,badge,badge,20,0.3277777777777778,0.31134422665106604
digits,7,2,knn3,vacs,herding,20,0.8351851851851851,0.8314464552891753
digits,7,4,knn3,random,random,40,0.7537037037037037,0.7490268657074486
digits,7,4,knn3,herding,herding,40,0.8296296296296296,0.8265838473773588
digits,7,4,knn3,kcenter,kcenter,40,0.7851851851851852,0.7815841432946186
digits,7,4,knn3,boundary,boundary,40,0.3111111111111111,0.2916618419169598
digits,7,4,knn3,kmeans,kmeans,40,0.8481481481481481,0.8476022320146527
digits,7,4,knn3,marc,marc,40,0.8592592592592593,0.8594654495479095
digits,7,4,knn3,badge,badge,40,0.412962962962963,0.3957212801125963
digits,7,4,knn3,vacs,kmeans,40,0.8481481481481481,0.8476022320146527
digits,7,8,knn3,random,random,80,0.8648148148148148,0.8637495820231317
digits,7,8,knn3,herding,herding,80,0.8611111111111112,0.8583076014366503
digits,7,8,knn3,kcenter,kcenter,80,0.8222222222222222,0.818564582435066
digits,7,8,knn3,boundary,boundary,80,0.4425925925925926,0.4303039177832435
digits,7,8,knn3,kmeans,kmeans,80,0.9037037037037037,0.9009834701903374
digits,7,8,knn3,marc,marc,80,0.8907407407407407,0.888773829403329
digits,7,8,knn3,badge,badge,80,0.6129629629629629,0.6014213569701713
digits,7,8,knn3,vacs,kmeans,80,0.9037037037037037,0.9009834701903374
iris,0,1,knn3,random,random,3,0.7777777777777778,0.75
iris,0,1,knn3,herding,herding,3,0.7555555555555555,0.7530864197530863
iris,0,1,knn3,kcenter,kcenter,3,0.7555555555555555,0.7530864197530863
iris,0,1,knn3,boundary,boundary,3,0.6,0.5918707686180804
iris,0,1,knn3,kmeans,kmeans,3,0.7555555555555555,0.7530864197530863
iris,0,1,knn3,marc,marc,3,0.7555555555555555,0.7530864197530863
iris,0,1,knn3,badge,badge,3,0.6666666666666666,0.6541965352449224
iris,0,1,knn3,vacs,herding,3,0.7555555555555555,0.7530864197530863
iris,0,2,knn3,random,random,6,0.7777777777777778,0.7767857142857143
iris,0,2,knn3,herding,herding,6,0.7555555555555555,0.7552836484983314
iris,0,2,knn3,kcenter,kcenter,6,0.7111111111111111,0.7064886911383018
iris,0,2,knn3,boundary,boundary,6,0.6,0.5982142857142857
iris,0,2,knn3,kmeans,kmeans,6,0.8222222222222222,0.8148148148148148
iris,0,2,knn3,marc,marc,6,0.8,0.7942857142857144
iris,0,2,knn3,badge,badge,6,0.6444444444444445,0.6326039551846003
iris,0,2,knn3,vacs,random,6,0.7777777777777778,0.7767857142857143
iris,0,4,knn3,random,random,12,0.8444444444444444,0.8354876615746182
iris,0,4,knn3,herding,herding,12,0.7555555555555555,0.7530864197530863
iris,0,4,knn3,kcenter,kcenter,12,0.7111111111111111,0.6662387676508345
iris,0,4,knn3,boundary,boundary,12,0.6,0.6
iris,0,4,knn3,kmeans,kmeans,12,0.7777777777777778,0.7737556561085973
iris,0,4,knn3,marc,marc,12,0.8,0.7979797979797979
iris,0,4,knn3,badge,badge,12,0.7111111111111111,0.6662387676508345
iris,0,4,knn3,vacs,kmeans,12,0.7777777777777778,0.7737556561085973
iris,0,8,knn3,random,random,24,0.8222222222222222,0.8190045248868779
iris,0,8,knn3,herding,herding,24,0.8222222222222222,0.8190045248868779
iris,0,8,knn3,kcenter,kcenter,24,0.8,0.7884841363102234
iris,0,8,knn3,boundary,boundary,24,0.6,0.5982142857142857
iris,0,8,knn3,kmeans,kmeans,24,0.8,0.7884841363102234
iris,0,8,knn3,marc,marc,24,0.8,0.7884841363102234
iris,0,8,knn3,badge,badge,24,0.6444444444444445,0.6380090497737556
iris,0,8,knn3,vacs,kcenter,24,0.8,0.7884841363102234
iris,1,1,knn3,random,random,3,0.8,0.7884841363102234
iris,1,1,knn3,herding,herding,3,0.7333333333333333,0.7321428571428571
iris,1,1,knn3,kcenter,kcenter,3,0.7333333333333333,0.7321428571428571
iris,1,1,knn3,boundary,boundary,3,0.5333333333333333,0.5276497695852534
iris,1,1,knn3,kmeans,kmeans,3,0.7333333333333333,0.7321428571428571
iris,1,1,knn3,marc,marc,3,0.7333333333333333,0.7321428571428571
iris,1,1,knn3,badge,badge,3,0.5777777777777777,0.5410906298003072
iris,1,1,knn3,vacs,herding,3,0.7333333333333333,0.7321428571428571
iris,1,2,knn3,random,random,6,0.8,0.7942857142857144
iris,1,2,knn3,herding,herding,6,0.7777777777777778,0.7737556561085973
iris,1,2,knn3,kcenter,kcenter,6,0.6666666666666666,0.6239543114543115
iris,1,2,knn3,boundary,boundary,6,0.5111111111111111,0.5015360983102918
iris,1,2,knn3,kmeans,kmeans,6,0.6888888888888889,0.6670751633986929
iris,1,2,knn3,marc,marc,6,0.7555555555555555,0.7530864197530863
iris,1,2,knn3,badge,badge,6,0.5111111111111111,0.485702614379085
iris,1,2,knn3,vacs,random,6,0.8,0.7942857142857144
iris,1,4,knn3,random,random,12,0.7555555555555555,0.7485714285714286
iris,1,4,knn3,herding,herding,12,0.7555555555555555,0.7530864197530863
iris,1,4,knn3,kcenter,kcenter,12,0.9111111111111111,0.9107142857142857
iris,1,4,knn3,boundary,boundary,12,0.6444444444444445,0.6347222222222223
iris,1,4,knn3,kmeans,kmeans,12,0.7555555555555555,0.7234824109824111
iris,1,4,knn3,marc,marc,12,0.7555555555555555,0.7530864197530863
iris,1,4,knn3,badge,badge,12,0.6,0.5886904761904762
iris,1,4,knn3,vacs,herding,12,0.7555555555555555,0.7530864197530863
iris,1,8,knn3,random,random,24,0.8222222222222222,0.8214285714285715
iris,1,8,knn3,herding,herding,24,0.8222222222222222,0.8222222222222223
iris,1,8,knn3,kcenter,kcenter,24,0.8888888888888888,0.8887652947719689
iris,1,8,knn3,boundary,boundary,24,0.6,0.5886904761904762
iris,1,8,knn3,kmeans,kmeans,24,0.8666666666666667,0.8666666666666667
iris,1,8,knn3,marc,marc,24,0.8444444444444444,0.8442714126807563
iris,1,8,knn3,badge,badge,24,0.8,0.7942857142857144
iris,1,8,knn3,vacs,herding,24,0.8222222222222222,0.8222222222222223
iris,2,1,knn3,random,random,3,0.8444444444444444,0.84
iris,2,1,knn3,herding,herding,3,0.8666666666666667,0.8666666666666667
iris,2,1,knn3,kcenter,kcenter,3,0.8666666666666667,0.8666666666666667
iris,2,1,knn3,boundary,boundary,3,0.4222222222222222,0.42496181103348113
iris,2,1,knn3,kmeans,kmeans,3,0.8666666666666667,0.8666666666666667
iris,2,1,knn3,marc,marc,3,0.8666666666666667,0.8666666666666667
iris,2,1,knn3,badge,badge,3,0.5777777777777777,0.5434920634920634
iris,2,1,knn3,vacs,herding,3,0.8666666666666667,0.8666666666666667
iris,2,2,knn3,random,random,6,0.8888888888888888,0.8877665544332212
iris,2,2,knn3,herding,herding,6,0.8666666666666667,0.8666666666666667
iris,2,2,knn3,kcenter,kcenter,6,0.6444444444444445,0.6296296296296297
iris,2,2,knn3,boundary,boundary,6,0.4222222222222222,0.42496181103348113
iris,2,2,knn3,kmeans,kmeans,6,0.8666666666666667,0.8660714285714285
iris,2,2,knn3,marc,marc,6,0.8444444444444444,0.8442714126807563
iris,2,2,knn3,badge,badge,6,0.4222222222222222,0.39219696969696977
iris,2,2,knn3,vacs,kmeans,6,0.8666666666666667,0.8660714285714285
iris,2,4,knn3,random,random,12,0.9111111111111111,0.9107142857142857
iris,2,4,knn3,herding,herding,12,0.8888888888888888,0.8887652947719689
iris,2,4,knn3,kcenter,kcenter,12,0.7555555555555555,0.7175866495507061
iris,2,4,knn3,boundary,boundary,12,0.4444444444444444,0.42857142857142855
iris,2,4,knn3,kmeans,kmeans,12,0.8888888888888888,0.8877665544332212
iris,2,4,knn3,marc,marc,12,0.9111111111111111,0.9095022624434389
iris,2,4,knn3,badge,badge,12,0.6666666666666666,0.6346586065256141
iris,2,4,knn3,vacs,herding,12,0.8888888888888888,0.8887652947719689
iris,2,8,knn3,random,random,24,0.8222222222222222,0.8222222222222223
iris,2,8,knn3,herding,herding,24,0.8888888888888888,0.8887652947719689
iris,2,8,knn3,kcenter,kcenter,24,0.9333333333333333,0.9332591768631814
iris,2,8,knn3,boundary,boundary,24,0.4888888888888889,0.4883203559510567
iris,2,8,knn3,kmeans,kmeans,24,0.8444444444444444,0.8442714126807563
iris,2,8,knn3,marc,marc,24,0.8666666666666667,0.8660714285714285
iris,2,8,knn3,badge,badge,24,0.7111111111111111,0.6944770857814335
iris,2,8,knn3,vacs,herding,24,0.8888888888888888,0.8887652947719689
iris,3,1,knn3,random,random,3,0.6888888888888889,0.6199074074074075
iris,3,1,knn3,herding,herding,3,0.7777777777777778,0.7777777777777777
iris,3,1,knn3,kcenter,kcenter,3,0.7777777777777778,0.7777777777777777
iris,3,1,knn3,boundary,boundary,3,0.5333333333333333,0.5328142380422692
iris,3,1,knn3,kmeans,kmeans,3,0.7777777777777778,0.7777777777777777
iris,3,1,knn3,marc,marc,3,0.7777777777777778,0.7777777777777777
iris,3,1,knn3,badge,badge,3,0.5333333333333333,0.5256457792609072
iris,3,1,knn3,vacs,herding,3,0.7777777777777778,0.7777777777777777
iris,3,2,knn3,random,random,6,0.7777777777777778,0.7777777777777777
iris,3,2,knn3,herding,herding,6,0.8,0.7997775305895439
iris,3,2,knn3,kcenter,kcenter,6,0.7111111111111111,0.7081930415263749
iris,3,2,knn3,boundary,boundary,6,0.5333333333333333,0.5256457792609072
iris,3,2,knn3,kmeans,kmeans,6,0.8,0.7997775305895439
iris,3,2,knn3,marc,marc,6,0.8,0.7997775305895439
iris,3,2,knn3,badge,badge,6,0.5111111111111111,0.5015360983102918
iris,3,2,knn3,vacs,random,6,0.7777777777777778,0.7777777777777777
iris,3,4,knn3,random,random,12,0.8,0.7908159392789375
iris,3,4,knn3,herding,herding,12,0.8,0.7997775305895439
iris,3,4,knn3,kcenter,kcenter,12,0.8888888888888888,0.8857142857142857
iris,3,4,knn3,boundary,boundary,12,0.5555555555555556,0.5468509984639017
iris,3,4,knn3,kmeans,kmeans,12,0.8666666666666667,0.8660714285714285
iris,3,4,knn3,marc,marc,12,0.8,0.7997775305895439
iris,3,4,knn3,badge,badge,12,0.7777777777777778,0.7737556561085973
iris,3,4,knn3,vacs,herding,12,0.8,0.7997775305895439
iris,3,8,knn3,random,random,24,0.8444444444444444,0.8432624646282522
iris,3,8,knn3,herding,herding,24,0.8444444444444444,0.8442714126807563
iris,3,8,knn3,kcenter,kcenter,24,0.8,0.7989632634663061
iris,3,8,knn3,boundary,boundary,24,0.5333333333333333,0.5256457792609072
iris,3,8,knn3,kmeans,kmeans,24,0.8444444444444444,0.8428731762065095
iris,3,8,knn3,marc,marc,24,0.8222222222222222,0.8225605811812708
iris,3,8,knn3,badge,badge,24,0.6666666666666666,0.6662958843159066
iris,3,8,knn3,vacs,kcenter,24,0.8,0.7989632634663061
iris,4,1,knn3,random,random,3,0.8666666666666667,0.8642533936651583
iris,4,1,knn3,herding,herding,3,0.8222222222222222,0.8214285714285715
iris,4,1,knn3,kcenter,kcenter,3,0.8222222222222222,0.8214285714285715
iris,4,1,knn3,boundary,boundary,3,0.4888888888888889,0.48003072196620583
iris,4,1,knn3,kmeans,kmeans,3,0.8222222222222222,0.8214285714285715
iris,4,1,knn3,marc,marc,3,0.8222222222222222,0.8214285714285715
iris,4,1,knn3,badge,badge,3,0.4666666666666667,0.42701863354037267
iris,4,1,knn3,vacs,boundary,3,0.4888888888888889,0.48003072196620583
iris,4,2,knn3,random,random,6,0.7555555555555555,0.7414806110458284
iris,4,2,knn3,herding,herding,6,0.8666666666666667,0.8642533936651583
iris,4,2,knn3,kcenter,kcenter,6,0.6666666666666666,0.6582287933094385
iris,4,2,knn3,boundary,boundary,6,0.4888888888888889,0.48003072196620583
iris,4,2,knn3,kmeans,kmeans,6,0.8666666666666667,0.8582949308755761
iris,4,2,knn3,marc,marc,6,0.8666666666666667,0.8642533936651583
iris,4,2,knn3,badge,badge,6,0.5111111111111111,0.5008213859020311
iris,4,2,knn3,vacs,herding,6,0.8666666666666667,0.8642533936651583
iris,4,4,knn3,random,random,12,0.7777777777777778,0.7685185185185186
iris,4,4,knn3,herding,herding,12,0.8444444444444444,0.8428731762065095
iris,4,4,knn3,kcenter,kcenter,12,0.8,0.7802197802197802
iris,4,4,knn3,boundary,boundary,12,0.4888888888888889,0.48003072196620583
iris,4,4,knn3,kmeans,kmeans,12,0.8666666666666667,0.8611111111111112
iris,4,4,knn3,marc,marc,12,0.8444444444444444,0.84
iris,4,4,knn3,badge,badge,12,0.4666666666666667,0.4582128290693363
iris,4,4,knn3,vacs,herding,12,0.8444444444444444,0.8428731762065095
iris,4,8,knn3,random,random,24,0.7333333333333333,0.7222222222222222
iris,4,8,knn3,herding,herding,24,0.8444444444444444,0.8428731762065095
iris,4,8,knn3,kcenter,kcenter,24,0.8444444444444444,0.84
iris,4,8,knn3,boundary,boundary,24,0.5111111111111111,0.503423557038685
iris,4,8,knn3,kmeans,kmeans,24,0.8222222222222222,0.8190045248868779
iris,4,8,knn3,marc,marc,24,0.8444444444444444,0.8428731762065095
iris,4,8,knn3,badge,badge,24,0.7333333333333333,0.7222222222222222
iris,4,8,knn3,vacs,kmeans,24,0.8222222222222222,0.8190045248868779
iris,5,1,knn3,random,random,3,0.8666666666666667,0.8642533936651583
iris,5,1,knn3,herding,herding,3,0.8666666666666667,0.8660714285714285
iris,5,1,knn3,kcenter,kcenter,3,0.8666666666666667,0.8660714285714285
iris,5,1,knn3,boundary,boundary,3,0.4888888888888889,0.4777298850574712
iris,5,1,knn3,kmeans,kmeans,3,0.8666666666666667,0.8660714285714285
iris,5,1,knn3,marc,marc,3,0.8666666666666667,0.8660714285714285
iris,5,1,knn3,badge,badge,3,0.5111111111111111,0.48059964726631393
iris,5,1,knn3,vacs,random,3,0.8666666666666667,0.8642533936651583
iris,5,2,knn3,random,random,6,0.5777777777777777,0.5594433902593295
iris,5,2,knn3,herding,herding,6,0.8444444444444444,0.8442714126807563
iris,5,2,knn3,kcenter,kcenter,6,0.6666666666666666,0.598527319889549
iris,5,2,knn3,boundary,boundary,6,0.5111111111111111,0.49642857142857144
iris,5,2,knn3,kmeans,kmeans,6,0.8,0.7927867383512543
iris,5,2,knn3,marc,marc,6,0.8666666666666667,0.8618191843998296
iris,5,2,knn3,badge,badge,6,0.5111111111111111,0.4950396825396825
iris,5,2,knn3,vacs,random,6,0.5777777777777777,0.5594433902593295
iris,5,4,knn3,random,random,12,0.8666666666666667,0.8642533936651583
iris,5,4,knn3,herding,herding,12,0.8444444444444444,0.8442714126807563
iris,5,4,knn3,kcenter,kcenter,12,0.8444444444444444,0.84
iris,5,4,knn3,boundary,boundary,12,0.5111111111111111,0.5015360983102918
iris,5,4,knn3,kmeans,kmeans,12,0.8666666666666667,0.8642533936651583
iris,5,4,knn3,marc,marc,12,0.8444444444444444,0.8442714126807563
iris,5,4,knn3,badge,badge,12,0.5777777777777777,0.560829974623078
iris,5,4,knn3,vacs,herding,12,0.8444444444444444,0.8442714126807563
iris,5,8,knn3,random,random,24,0.8444444444444444,0.8442714126807563
iris,5,8,knn3,herding,herding,24,0.8444444444444444,0.8442714126807563
iris,5,8,knn3,kcenter,kcenter,24,0.8888888888888888,0.8877665544332212
iris,5,8,knn3,boundary,boundary,24,0.4888888888888889,0.4804350512915585
iris,5,8,knn3,kmeans,kmeans,24,0.8,0.7997775305895439
iris,5,8,knn3,marc,marc,24,0.8,0.7997775305895439
iris,5,8,knn3,badge,badge,24,0.8,0.7979797979797979
iris,5,8,knn3,vacs,herding,24,0.8444444444444444,0.8442714126807563
iris,6,1,knn3,random,random,3,0.5333333333333333,0.5199999999999999
iris,6,1,knn3,herding,herding,3,0.7777777777777778,0.7767857142857143
iris,6,1,knn3,kcenter,kcenter,3,0.7777777777777778,0.7767857142857143
iris,6,1,knn3,boundary,boundary,3,0.5111111111111111,0.5063898158447658
iris,6,1,knn3,kmeans,kmeans,3,0.7777777777777778,0.7767857142857143
iris,6,1,knn3,marc,marc,3,0.7777777777777778,0.7767857142857143
iris,6,1,knn3,badge,badge,3,0.6222222222222222,0.6014109347442681
iris,6,1,knn3,vacs,herding,3,0.7777777777777778,0.7767857142857143
iris,6,2,knn3,random,random,6,0.6666666666666666,0.5755793226381462
iris,6,2,knn3,herding,herding,6,0.8,0.7979797979797979
iris,6,2,knn3,kcenter,kcenter,6,0.6666666666666666,0.6012759170653906
iris,6,2,knn3,boundary,boundary,6,0.5555555555555556,0.5424603174603174
iris,6,2,knn3,kmeans,kmeans,6,0.7555555555555555,0.7552836484983314
iris,6,2,knn3,marc,marc,6,0.8222222222222222,0.8214285714285715
iris,6,2,knn3,badge,badge,6,0.6666666666666666,0.6525680514862394
iris,6,2,knn3,vacs,kmeans,6,0.7555555555555555,0.7552836484983314
iris,6,4,knn3,random,random,12,0.7333333333333333,0.7222222222222222
iris,6,4,knn3,herding,herding,12,0.7777777777777778,0.7767857142857143
iris,6,4,knn3,kcenter,kcenter,12,0.6666666666666666,0.6204906204906204
iris,6,4,knn3,boundary,boundary,12,0.6,0.5776374163470938
iris,6,4,knn3,kmeans,kmeans,12,0.7777777777777778,0.7737556561085973
iris,6,4,knn3,marc,marc,12,0.8,0.7997775305895439
iris,6,4,knn3,badge,badge,12,0.6888888888888889,0.664141414141414
iris,6,4,knn3,vacs,herding,12,0.7777777777777778,0.7767857142857143
iris,6,8,knn3,random,random,24,0.7777777777777778,0.7767857142857143
iris,6,8,knn3,herding,herding,24,0.8,0.7997775305895439
iris,6,8,knn3,kcenter,kcenter,24,0.8,0.7884841363102234
iris,6,8,knn3,boundary,boundary,24,0.6444444444444445,0.6161616161616162
iris,6,8,knn3,kmeans,kmeans,24,0.8,0.7884841363102234
iris,6,8,knn3,marc,marc,24,0.8,0.7884841363102234
iris,6,8,knn3,badge,badge,24,0.6666666666666666,0.6239543114543115
iris,6,8,knn3,vacs,random,24,0.7777777777777778,0.7767857142857143
iris,7,1,knn3,random,random,3,0.7777777777777778,0.7662230242875404
iris,7,1,knn3,herding,herding,3,0.8,0.7997775305895439
iris,7,1,knn3,kcenter,kcenter,3,0.8,0.7997775305895439
iris,7,1,knn3,boundary,boundary,3,0.5777777777777777,0.5573512906846241
iris,7,1,knn3,kmeans,kmeans,3,0.8,0.7997775305895439
iris,7,1,knn3,marc,marc,3,0.8,0.7997775305895439
iris,7,1,knn3,badge,badge,3,0.6222222222222222,0.6048881877144217
iris,7,1,knn3,vacs,herding,3,0.8,0.7997775305895439
iris,7,2,knn3,random,random,6,0.7777777777777778,0.7767857142857143
iris,7,2,knn3,herding,herding,6,0.8,0.7997775305895439
iris,7,2,knn3,kcenter,kcenter,6,0.7111111111111111,0.6707551707551708
iris,7,2,knn3,boundary,boundary,6,0.5777777777777777,0.5618030665073676
iris,7,2,knn3,kmeans,kmeans,6,0.7333333333333333,0.7211538461538461
iris,7,2,knn3,marc,marc,6,0.7555555555555555,0.7465900039824772
iris,7,2,knn3,badge,badge,6,0.6444444444444445,0.6161616161616162
iris,7,2,knn3,vacs,kmeans,6,0.7333333333333333,0.7211538461538461
iris,7,4,knn3,random,random,12,0.8444444444444444,0.8428731762065095
iris,7,4,knn3,herding,herding,12,0.8,0.7997775305895439
iris,7,4,knn3,kcenter,kcenter,12,0.8,0.7884841363102234
iris,7,4,knn3,boundary,boundary,12,0.6,0.5723039215686274
iris,7,4,knn3,kmeans,kmeans,12,0.8222222222222222,0.8190045248868779
iris,7,4,knn3,marc,marc,12,0.8666666666666667,0.8660714285714285
iris,7,4,knn3,badge,badge,12,0.7555555555555555,0.7415909090909091
iris,7,4,knn3,vacs,marc,12,0.8666666666666667,0.8660714285714285
iris,7,8,knn3,random,random,24,0.8,0.7942857142857144
iris,7,8,knn3,herding,herding,24,0.7777777777777778,0.7767857142857143
iris,7,8,knn3,kcenter,kcenter,24,0.7555555555555555,0.7414806110458284
iris,7,8,knn3,boundary,boundary,24,0.6,0.5723039215686274
iris,7,8,knn3,kmeans,kmeans,24,0.7555555555555555,0.7414806110458284
iris,7,8,knn3,marc,marc,24,0.7777777777777778,0.7685185185185186
iris,7,8,knn3,badge,badge,24,0.7333333333333333,0.724290046870692
iris,7,8,knn3,vacs,kmeans,24,0.7555555555555555,0.7414806110458284
wine,0,1,knn3,random,random,3,0.8888888888888888,0.8878163878163878
wine,0,1,knn3,herding,herding,3,0.9629629629629629,0.9635716361522814
wine,0,1,knn3,kcenter,kcenter,3,0.9629629629629629,0.9635716361522814
wine,0,1,knn3,boundary,boundary,3,0.5555555555555556,0.5445480445480445
wine,0,1,knn3,kmeans,kmeans,3,0.9629629629629629,0.9635716361522814
wine,0,1,knn3,marc,marc,3,0.9629629629629629,0.9635716361522814
wine,0,1,knn3,badge,badge,3,0.6666666666666666,0.659008290587238
wine,0,1,knn3,vacs,herding,3,0.9629629629629629,0.9635716361522814
wine,0,2,knn3,random,random,6,0.7407407407407407,0.7157598499061913
wine,0,2,knn3,herding,herding,6,0.9444444444444444,0.944516632016632
wine,0,2,knn3,kcenter,kcenter,6,0.8518518518518519,0.8512798512798513
wine,0,2,knn3,boundary,boundary,6,0.6851851851851852,0.6683760683760683
wine,0,2,knn3,kmeans,kmeans,6,0.9074074074074074,0.9067302596714363
wine,0,2,knn3,marc,marc,6,0.9444444444444444,0.944516632016632
wine,0,2,knn3,badge,badge,6,0.7407407407407407,0.7410192147034252
wine,0,2,knn3,vacs,kmeans,6,0.9074074074074074,0.9067302596714363
wine,0,4,knn3,random,random,12,0.9629629629629629,0.9635716361522814
wine,0,4,knn3,herding,herding,12,0.9444444444444444,0.944516632016632
wine,0,4,knn3,kcenter,kcenter,12,0.9074074074074074,0.908480595980596
wine,0,4,knn3,boundary,boundary,12,0.7962962962962963,0.7914529914529914
wine,0,4,knn3,kmeans,kmeans,12,0.9629629629629629,0.9657894736842105
wine,0,4,knn3,marc,marc,12,0.9814814814814815,0.9828609096901779
wine,0,4,knn3,badge,badge,12,0.8703703703703703,0.8742925617925618
wine,0,4,knn3,vacs,marc,12,0.9814814814814815,0.9828609096901779
wine,0,8,knn3,random,random,24,0.9074074074074074,0.9067302596714363
wine,0,8,knn3,herding,herding,24,0.9074074074074074,0.9071080650028018
wine,0,8,knn3,kcenter,kcenter,24,0.8888888888888888,0.8876848985208118
wine,0,8,knn3,boundary,boundary,24,0.9074074074074074,0.908480595980596
wine,0,8,knn3,kmeans,kmeans,24,0.9074074074074074,0.9084434084434084
wine,0,8,knn3,marc,marc,24,0.9074074074074074,0.9084434084434084
wine,0,8,knn3,badge,badge,24,0.8888888888888888,0.8902777777777778
wine,0,8,knn3,vacs,marc,24,0.9074074074074074,0.9084434084434084
wine,1,1,knn3,random,random,3,0.7962962962962963,0.7936501017146179
wine,1,1,knn3,herding,herding,3,0.9074074074074074,0.908480595980596
wine,1,1,knn3,kcenter,kcenter,3,0.9074074074074074,0.908480595980596
wine,1,1,knn3,boundary,boundary,3,0.5,0.47393939393939394
wine,1,1,knn3,kmeans,kmeans,3,0.9074074074074074,0.908480595980596
wine,1,1,knn3,marc,marc,3,0.9074074074074074,0.908480595980596
wine,1,1,knn3,badge,badge,3,0.6851851851851852,0.6762531762531764
wine,1,1,knn3,vacs,herding,3,0.9074074074074074,0.908480595980596
wine,1,2,knn3,random,random,6,0.8518518518518519,0.8531162464985994
wine,1,2,knn3,herding,herding,6,0.9444444444444444,0.9460624265378086
wine,1,2,knn3,kcenter,kcenter,6,0.9259259259259259,0.9256002413897151
wine,1,2,knn3,boundary,boundary,6,0.6481481481481481,0.611808910359635
wine,1,2,knn3,kmeans,kmeans,6,0.9444444444444444,0.9460624265378086
wine,1,2,knn3,marc,marc,6,0.9444444444444444,0.9460624265378086
wine,1,2,knn3,badge,badge,6,0.7592592592592593,0.7583959899749373
wine,1,2,knn3,vacs,kcenter,6,0.9259259259259259,0.9256002413897151
wine,1,4,knn3,random,random,12,0.9444444444444444,0.9463385494069995
wine,1,4,knn3,herding,herding,12,0.9074074074074074,0.908480595980596
wine,1,4,knn3,kcenter,kcenter,12,0.8333333333333334,0.8339940098661028
wine,1,4,knn3,boundary,boundary,12,0.6666666666666666,0.629413140051438
wine,1,4,knn3,kmeans,kmeans,12,0.9074074074074074,0.9108689334495786
wine,1,4,knn3,marc,marc,12,0.9259259259259259,0.9265350877192983
wine,1,4,knn3,badge,badge,12,0.7037037037037037,0.6723227752639517
wine,1,4,knn3,vacs,kmeans,12,0.9074074074074074,0.9108689334495786
wine,1,8,knn3,random,random,24,0.8518518518518519,0.8550925925925926
wine,1,8,knn3,herding,herding,24,0.9074074074074074,0.908480595980596
wine,1,8,knn3,kcenter,kcenter,24,0.8333333333333334,0.8339940098661028
wine,1,8,knn3,boundary,boundary,24,0.7037037037037037,0.6977655761458096
wine,1,8,knn3,kmeans,kmeans,24,0.9444444444444444,0.9460624265378086
wine,1,8,knn3,marc,marc,24,0.9444444444444444,0.9460624265378086
wine,1,8,knn3,badge,badge,24,0.7407407407407407,0.7291666666666666
wine,1,8,knn3,vacs,random,24,0.8518518518518519,0.8550925925925926
wine,2,1,knn3,random,random,3,0.8148148148148148,0.8089985994397759
wine,2,1,knn3,herding,herding,3,0.9259259259259259,0.9285185668886857
wine,2,1,knn3,kcenter,kcenter,3,0.9259259259259259,0.9285185668886857
wine,2,1,knn3,boundary,boundary,3,0.46296296296296297,0.44327485380116954
wine,2,1,knn3,kmeans,kmeans,3,0.9259259259259259,0.9285185668886857
wine,2,1,knn3,marc,marc,3,0.9259259259259259,0.9285185668886857
wine,2,1,knn3,badge,badge,3,0.7222222222222222,0.7156186612576064
wine,2,1,knn3,vacs,herding,3,0.9259259259259259,0.9285185668886857
wine,2,2,knn3,random,random,6,0.9074074074074074,0.9108689334495786
wine,2,2,knn3,herding,herding,6,0.9444444444444444,0.9487179487179488
wine,2,2,knn3,kcenter,kcenter,6,0.8518518518518519,0.848868778280543
wine,2,2,knn3,boundary,boundary,6,0.6481481481481481,0.6342712842712842
wine,2,2,knn3,kmeans,kmeans,6,0.8518518518518519,0.848868778280543
wine,2,2,knn3,marc,marc,6,0.8888888888888888,0.8902777777777778
wine,2,2,knn3,badge,badge,6,0.7222222222222222,0.6911456911456911
wine,2,2,knn3,vacs,marc,6,0.8888888888888888,0.8902777777777778
wine,2,4,knn3,random,random,12,0.9259259259259259,0.9265350877192983
wine,2,4,knn3,herding,herding,12,0.9444444444444444,0.9460624265378086
wine,2,4,knn3,kcenter,kcenter,12,0.8518518518518519,0.8490196078431372
wine,2,4,knn3,boundary,boundary,12,0.6481481481481481,0.6325581395348837
wine,2,4,knn3,kmeans,kmeans,12,0.9074074074074074,0.908480595980596
wine,2,4,knn3,marc,marc,12,0.9259259259259259,0.9256002413897151
wine,2,4,knn3,badge,badge,12,0.7407407407407407,0.7333768873403019
wine,2,4,knn3,vacs,kmeans,12,0.9074074074074074,0.908480595980596
wine,2,8,knn3,random,random,24,0.8888888888888888,0.8902777777777778
wine,2,8,knn3,herding,herding,24,0.9259259259259259,0.9265350877192983
wine,2,8,knn3,kcenter,kcenter,24,0.8888888888888888,0.8930413497683364
wine,2,8,knn3,boundary,boundary,24,0.8518518518518519,0.8550925925925926
wine,2,8,knn3,kmeans,kmeans,24,0.9259259259259259,0.9256002413897151
wine,2,8,knn3,marc,marc,24,0.9444444444444444,0.9440559440559441
wine,2,8,knn3,badge,badge,24,0.7777777777777778,0.7727272727272728
wine,2,8,knn3,vacs,kcenter,24,0.8888888888888888,0.8930413497683364
wine,3,1,knn3,random,random,3,0.9074074074074074,0.907018907018907
wine,3,1,knn3,herding,herding,3,0.8888888888888888,0.8876848985208118
wine,3,1,knn3,kcenter,kcenter,3,0.8888888888888888,0.8876848985208118
wine,3,1,knn3,boundary,boundary,3,0.5925925925925926,0.581848678543905
wine,3,1,knn3,kmeans,kmeans,3,0.8888888888888888,0.8876848985208118
wine,3,1,knn3,marc,marc,3,0.8888888888888888,0.8876848985208118
wine,3,1,knn3,badge,badge,3,0.4444444444444444,0.4218604651162791
wine,3,1,knn3,vacs,herding,3,0.8888888888888888,0.8876848985208118
wine,3,2,knn3,random,random,6,0.7962962962962963,0.7934472934472935
wine,3,2,knn3,herding,herding,6,0.9259259259259259,0.9265350877192983
wine,3,2,knn3,kcenter,kcenter,6,0.8703703703703703,0.873368560868561
wine,3,2,knn3,boundary,boundary,6,0.6481481481481481,0.6207191654493678
wine,3,2,knn3,kmeans,kmeans,6,0.9074074074074074,0.9071080650028018
wine,3,2,knn3,marc,marc,6,0.9444444444444444,0.9460624265378086
wine,3,2,knn3,badge,badge,6,0.6481481481481481,0.6508252284114353
wine,3,2,knn3,vacs,herding,6,0.9259259259259259,0.9265350877192983
wine,3,4,knn3,random,random,12,0.9259259259259259,0.9285185668886857
wine,3,4,knn3,herding,herding,12,0.9444444444444444,0.9460624265378086
wine,3,4,knn3,kcenter,kcenter,12,0.8518518518518519,0.8502210433244916
wine,3,4,knn3,boundary,boundary,12,0.7592592592592593,0.7548500881834214
wine,3,4,knn3,kmeans,kmeans,12,0.9074074074074074,0.9071080650028018
wine,3,4,knn3,marc,marc,12,0.9259259259259259,0.9265350877192983
wine,3,4,knn3,badge,badge,12,0.7777777777777778,0.7692018942018942
wine,3,4,knn3,vacs,marc,12,0.9259259259259259,0.9265350877192983
wine,3,8,knn3,random,random,24,0.9444444444444444,0.944516632016632
wine,3,8,knn3,herding,herding,24,0.8888888888888888,0.8876848985208118
wine,3,8,knn3,kcenter,kcenter,24,0.9629629629629629,0.9625
wine,3,8,knn3,boundary,boundary,24,0.8703703703703703,0.873368560868561
wine,3,8,knn3,kmeans,kmeans,24,0.9629629629629629,0.9625
wine,3,8,knn3,marc,marc,24,0.9259259259259259,0.9265350877192983
wine,3,8,knn3,badge,badge,24,0.8888888888888888,0.8914473684210527
wine,3,8,knn3,vacs,random,24,0.9444444444444444,0.944516632016632
wine,4,1,knn3,random,random,3,0.8888888888888888,0.8878163878163878
wine,4,1,knn3,herding,herding,3,0.8888888888888888,0.8876848985208118
wine,4,1,knn3,kcenter,kcenter,3,0.8888888888888888,0.8876848985208118
wine,4,1,knn3,boundary,boundary,3,0.48148148148148145,0.44929778263111597
wine,4,1,knn3,kmeans,kmeans,3,0.8888888888888888,0.8876848985208118
wine,4,1,knn3,marc,marc,3,0.8888888888888888,0.8876848985208118
wine,4,1,knn3,badge,badge,3,0.4074074074074074,0.3854128327812538
wine,4,1,knn3,vacs,herding,3,0.8888888888888888,0.8876848985208118
wine,4,2,knn3,random,random,6,0.9259259259259259,0.9256002413897151
wine,4,2,knn3,herding,herding,6,0.8703703703703703,0.8681704260651629
wine,4,2,knn3,kcenter,kcenter,6,0.8148148148148148,0.8143939393939394
wine,4,2,knn3,boundary,boundary,6,0.7037037037037037,0.6741854636591479
wine,4,2,knn3,kmeans,kmeans,6,0.8703703703703703,0.8681704260651629
wine,4,2,knn3,marc,marc,6,0.9259259259259259,0.9265350877192983
wine,4,2,knn3,badge,badge,6,0.6481481481481481,0.6501879534924382
wine,4,2,knn3,vacs,herding,6,0.8703703703703703,0.8681704260651629
wine,4,4,knn3,random,random,12,0.8888888888888888,0.8930413497683364
wine,4,4,knn3,herding,herding,12,0.9074074074074074,0.9067302596714363
wine,4,4,knn3,kcenter,kcenter,12,0.7962962962962963,0.7907647907647908
wine,4,4,knn3,boundary,boundary,12,0.7592592592592593,0.7520202020202019
wine,4,4,knn3,kmeans,kmeans,12,0.9074074074074074,0.9108689334495786
wine,4,4,knn3,marc,marc,12,0.9629629629629629,0.9635716361522814
wine,4,4,knn3,badge,badge,12,0.7592592592592593,0.7407555911966498
wine,4,4,knn3,vacs,herding,12,0.9074074074074074,0.9067302596714363
wine,4,8,knn3,random,random,24,0.9444444444444444,0.944516632016632
wine,4,8,knn3,herding,herding,24,0.9074074074074074,0.9067302596714363
wine,4,8,knn3,kcenter,kcenter,24,0.9444444444444444,0.9440559440559441
wine,4,8,knn3,boundary,boundary,24,0.8518518518518519,0.8490196078431372
wine,4,8,knn3,kmeans,kmeans,24,0.9259259259259259,0.9256002413897151
wine,4,8,knn3,marc,marc,24,0.9444444444444444,0.944516632016632
wine,4,8,knn3,badge,badge,24,0.8703703703703703,0.871546187335661
wine,4,8,knn3,vacs,kmeans,24,0.9259259259259259,0.9256002413897151
wine,5,1,knn3,random,random,3,0.8888888888888888,0.8896342162596031
wine,5,1,knn3,herding,herding,3,0.9444444444444444,0.944516632016632
wine,5,1,knn3,kcenter,kcenter,3,0.9444444444444444,0.944516632016632
wine,5,1,knn3,boundary,boundary,3,0.6851851851851852,0.6700104493207942
wine,5,1,knn3,kmeans,kmeans,3,0.9444444444444444,0.944516632016632
wine,5,1,knn3,marc,marc,3,0.9444444444444444,0.944516632016632
wine,5,1,knn3,badge,badge,3,0.6851851851851852,0.6700104493207942
wine,5,1,knn3,vacs,herding,3,0.9444444444444444,0.944516632016632
wine,5,2,knn3,random,random,6,0.8518518518518519,0.8483085541909071
wine,5,2,knn3,herding,herding,6,0.9259259259259259,0.9256002413897151
wine,5,2,knn3,kcenter,kcenter,6,0.8888888888888888,0.8878163878163878
wine,5,2,knn3,boundary,boundary,6,0.7222222222222222,0.7068390129259695
wine,5,2,knn3,kmeans,kmeans,6,0.9074074074074074,0.9067302596714363
wine,5,2,knn3,marc,marc,6,0.8888888888888888,0.8878163878163878
wine,5,2,knn3,badge,badge,6,0.7222222222222222,0.7068390129259695
wine,5,2,knn3,vacs,kmeans,6,0.9074074074074074,0.9067302596714363
wine,5,4,knn3,random,random,12,0.9259259259259259,0.9285185668886857
wine,5,4,knn3,herding,herding,12,0.9259259259259259,0.9256002413897151
wine,5,4,knn3,kcenter,kcenter,12,0.8888888888888888,0.8885003885003885
wine,5,4,knn3,boundary,boundary,12,0.7962962962962963,0.7988407106293285
wine,5,4,knn3,kmeans,kmeans,12,0.9629629629629629,0.9635716361522814
wine,5,4,knn3,marc,marc,12,0.9444444444444444,0.944516632016632
wine,5,4,knn3,badge,badge,12,0.8333333333333334,0.8319686411149826
wine,5,4,knn3,vacs,random,12,0.9259259259259259,0.9285185668886857
wine,5,8,knn3,random,random,24,0.9444444444444444,0.944516632016632
wine,5,8,knn3,herding,herding,24,0.9444444444444444,0.944516632016632
wine,5,8,knn3,kcenter,kcenter,24,0.9074074074074074,0.9071080650028018
wine,5,8,knn3,boundary,boundary,24,0.8518518518518519,0.8531162464985994
wine,5,8,knn3,kmeans,kmeans,24,0.9259259259259259,0.9265350877192983
wine,5,8,knn3,marc,marc,24,0.9444444444444444,0.944516632016632
wine,5,8,knn3,badge,badge,24,0.8703703703703703,0.871849593495935
wine,5,8,knn3,vacs,random,24,0.9444444444444444,0.944516632016632
wine,6,1,knn3,random,random,3,0.8518518518518519,0.8528878528878528
wine,6,1,knn3,herding,herding,3,0.9074074074074074,0.908480595980596
wine,6,1,knn3,kcenter,kcenter,3,0.9074074074074074,0.908480595980596
wine,6,1,knn3,boundary,boundary,3,0.6111111111111112,0.6096675667301138
wine,6,1,knn3,kmeans,kmeans,3,0.9074074074074074,0.908480595980596
wine,6,1,knn3,marc,marc,3,0.9074074074074074,0.908480595980596
wine,6,1,knn3,badge,badge,3,0.6296296296296297,0.6011473429951691
wine,6,1,knn3,vacs,random,3,0.8518518518518519,0.8528878528878528
wine,6,2,knn3,random,random,6,0.8148148148148148,0.8069444444444445
wine,6,2,knn3,herding,herding,6,0.9259259259259259,0.9285185668886857
wine,6,2,knn3,kcenter,kcenter,6,0.8518518518518519,0.8483085541909071
wine,6,2,knn3,boundary,boundary,6,0.6851851851851852,0.6701057855557006
wine,6,2,knn3,kmeans,kmeans,6,0.8333333333333334,0.8292248163123342
wine,6,2,knn3,marc,marc,6,0.9259259259259259,0.9256002413897151
wine,6,2,knn3,badge,badge,6,0.7037037037037037,0.6933471933471934
wine,6,2,knn3,vacs,herding,6,0.9259259259259259,0.9285185668886857
wine,6,4,knn3,random,random,12,0.7407407407407407,0.7312745437745437
wine,6,4,knn3,herding,herding,12,0.8518518518518519,0.8483085541909071
wine,6,4,knn3,kcenter,kcenter,12,0.8703703703703703,0.8723838253250018
wine,6,4,knn3,boundary,boundary,12,0.7037037037037037,0.7096491228070176
wine,6,4,knn3,kmeans,kmeans,12,0.9259259259259259,0.9256002413897151
wine,6,4,knn3,marc,marc,12,0.9074074074074074,0.9071080650028018
wine,6,4,knn3,badge,badge,12,0.7222222222222222,0.7291811041811043
wine,6,4,knn3,vacs,random,12,0.7407407407407407,0.7312745437745437
wine,6,8,knn3,random,random,24,0.8703703703703703,0.8684766214177979
wine,6,8,knn3,herding,herding,24,0.9259259259259259,0.9265350877192983
wine,6,8,knn3,kcenter,kcenter,24,0.9074074074074074,0.9084434084434084
wine,6,8,knn3,boundary,boundary,24,0.8333333333333334,0.837702708577888
wine,6,8,knn3,kmeans,kmeans,24,0.8703703703703703,0.871849593495935
wine,6,8,knn3,marc,marc,24,0.9259259259259259,0.9265350877192983
wine,6,8,knn3,badge,badge,24,0.8703703703703703,0.8728308728308728
wine,6,8,knn3,vacs,marc,24,0.9259259259259259,0.9265350877192983
wine,7,1,knn3,random,random,3,0.8703703703703703,0.8702702702702703
wine,7,1,knn3,herding,herding,3,0.9814814814814815,0.981117230527144
wine,7,1,knn3,kcenter,kcenter,3,0.9814814814814815,0.981117230527144
wine,7,1,knn3,boundary,boundary,3,0.48148148148148145,0.4599383436592739
wine,7,1,knn3,kmeans,kmeans,3,0.9814814814814815,0.981117230527144
wine,7,1,knn3,marc,marc,3,0.9814814814814815,0.981117230527144
wine,7,1,knn3,badge,badge,3,0.6666666666666666,0.6301833748642259
wine,7,1,knn3,vacs,herding,3,0.9814814814814815,0.981117230527144
wine,7,2,knn3,random,random,6,0.8703703703703703,0.8702702702702703
wine,7,2,knn3,herding,herding,6,0.9074074074074074,0.9067302596714363
wine,7,2,knn3,kcenter,kcenter,6,0.8518518518518519,0.8513931888544892
wine,7,2,knn3,boundary,boundary,6,0.6481481481481481,0.6234204392099129
wine,7,2,knn3,kmeans,kmeans,6,0.8888888888888888,0.8871224165341812
wine,7,2,knn3,marc,marc,6,0.8703703703703703,0.871546187335661
wine,7,2,knn3,badge,badge,6,0.6666666666666666,0.6358585858585859
wine,7,2,knn3,vacs,herding,6,0.9074074074074074,0.9067302596714363
wine,7,4,knn3,random,random,12,0.8888888888888888,0.8869060448007816
wine,7,4,knn3,herding,herding,12,0.9444444444444444,0.9440559440559441
wine,7,4,knn3,kcenter,kcenter,12,0.8518518518518519,0.8536340852130326
wine,7,4,knn3,boundary,boundary,12,0.7962962962962963,0.7922987503632665
wine,7,4,knn3,kmeans,kmeans,12,0.8703703703703703,0.8707993707993708
wine,7,4,knn3,marc,marc,12,0.8703703703703703,0.8707993707993708
wine,7,4,knn3,badge,badge,12,0.8518518518518519,0.850925925925926
wine,7,4,knn3,vacs,random,12,0.8888888888888888,0.8869060448007816
wine,7,8,knn3,random,random,24,0.9259259259259259,0.9256965944272446
wine,7,8,knn3,herding,herding,24,0.9629629629629629,0.9625
wine,7,8,knn3,kcenter,kcenter,24,0.9444444444444444,0.9440559440559441
wine,7,8,knn3,boundary,boundary,24,0.8888888888888888,0.8911255411255411
wine,7,8,knn3,kmeans,kmeans,24,0.9074074074074074,0.9073359073359074
wine,7,8,knn3,marc,marc,24,0.9074074074074074,0.9073359073359074
wine,7,8,knn3,badge,badge,24,0.8518518518518519,0.853571838091962
wine,7,8,knn3,vacs,herding,24,0.9629629629629629,0.9625
breast_cancer,0,1,knn3,random,random,2,0.8596491228070176,0.8527554535017221
breast_cancer,0,1,knn3,herding,herding,2,0.8947368421052632,0.888961038961039
breast_cancer,0,1,knn3,kcenter,kcenter,2,0.8947368421052632,0.888961038961039
breast_cancer,0,1,knn3,boundary,boundary,2,0.19298245614035087,0.19074074074074074
breast_cancer,0,1,knn3,kmeans,kmeans,2,0.8947368421052632,0.888961038961039
breast_cancer,0,1,knn3,marc,marc,2,0.8947368421052632,0.888961038961039
breast_cancer,0,1,knn3,badge,badge,2,0.391812865497076,0.38928571428571423
breast_cancer,0,1,knn3,vacs,herding,2,0.8947368421052632,0.888961038961039
breast_cancer,0,2,knn3,random,random,4,0.9064327485380117,0.89878662326132
breast_cancer,0,2,knn3,herding,herding,4,0.8947368421052632,0.888961038961039
breast_cancer,0,2,knn3,kcenter,kcenter,4,0.7777777777777778,0.772924238188426
breast_cancer,0,2,knn3,boundary,boundary,4,0.24561403508771928,0.23716153127917833
breast_cancer,0,2,knn3,kmeans,kmeans,4,0.9122807017543859,0.9082125603864735
breast_cancer,0,2,knn3,marc,marc,4,0.8830409356725146,0.8766233766233766
breast_cancer,0,2,knn3,badge,badge,4,0.39766081871345027,0.3810661700108936
breast_cancer,0,2,knn3,vacs,kmeans,4,0.9122807017543859,0.9082125603864735
breast_cancer,0,4,knn3,random,random,8,0.8771929824561403,0.8708133971291866
breast_cancer,0,4,knn3,herding,herding,8,0.9005847953216374,0.8948301436272204
breast_cancer,0,4,knn3,kcenter,kcenter,8,0.695906432748538,0.6903037057676233
breast_cancer,0,4,knn3,boundary,boundary,8,0.29239766081871343,0.29152542372881357
breast_cancer,0,4,knn3,kmeans,kmeans,8,0.9415204678362573,0.9379535558780843
breast_cancer,0,4,knn3,marc,marc,8,0.9181286549707602,0.9136363636363636
breast_cancer,0,4,knn3,badge,badge,8,0.3742690058479532,0.3739264328485885
breast_cancer,0,4,knn3,vacs,herding,8,0.9005847953216374,0.8948301436272204
breast_cancer,0,8,knn3,random,random,16,0.8888888888888888,0.8831168831168831
breast_cancer,0,8,knn3,herding,herding,16,0.9005847953216374,0.8948301436272204
breast_cancer,0,8,knn3,kcenter,kcenter,16,0.8362573099415205,0.8320707070707071
breast_cancer,0,8,knn3,boundary,boundary,16,0.3508771929824561,0.35052181351582545
breast_cancer,0,8,knn3,kmeans,kmeans,16,0.9239766081871345,0.9200273410799726
breast_cancer,0,8,knn3,marc,marc,16,0.935672514619883,0.9323308270676691
breast_cancer,0,8,knn3,badge,badge,16,0.4678362573099415,0.4675449101796407
breast_cancer,0,8,knn3,vacs,marc,16,0.935672514619883,0.9323308270676691
breast_cancer,1,1,knn3,random,random,2,0.8304093567251462,0.8257370769933584
breast_cancer,1,1,knn3,herding,herding,2,0.9122807017543859,0.9077238550922762
breast_cancer,1,1,knn3,kcenter,kcenter,2,0.9122807017543859,0.9077238550922762
breast_cancer,1,1,knn3,boundary,boundary,2,0.16374269005847952,0.16190835246941085
breast_cancer,1,1,knn3,kmeans,kmeans,2,0.9122807017543859,0.9077238550922762
breast_cancer,1,1,knn3,marc,marc,2,0.9122807017543859,0.9077238550922762
breast_cancer,1,1,knn3,badge,badge,2,0.5321637426900585,0.5219457646072128
breast_cancer,1,1,knn3,vacs,herding,2,0.9122807017543859,0.9077238550922762
breast_cancer,1,2,knn3,random,random,4,0.9590643274853801,0.9561618751144478
breast_cancer,1,2,knn3,herding,herding,4,0.9181286549707602,0.9141073478760047
breast_cancer,1,2,knn3,kcenter,kcenter,4,0.8187134502923976,0.8103059581320451
breast_cancer,1,2,knn3,boundary,boundary,4,0.21052631578947367,0.20781716481932672
breast_cancer,1,2,knn3,kmeans,kmeans,4,0.935672514619883,0.9330247463058572
breast_cancer,1,2,knn3,marc,marc,4,0.9064327485380117,0.9023415191319246
breast_cancer,1,2,knn3,badge,badge,4,0.38596491228070173,0.38054165947904084
breast_cancer,1,2,knn3,vacs,kmeans,4,0.935672514619883,0.9330247463058572
breast_cancer,1,4,knn3,random,random,8,0.9239766081871345,0.9200273410799726
breast_cancer,1,4,knn3,herding,herding,8,0.9064327485380117,0.9018369690011481
breast_cancer,1,4,knn3,kcenter,kcenter,8,0.7426900584795322,0.7379492894956813
breast_cancer,1,4,knn3,boundary,boundary,8,0.2982456140350877,0.29532967032967034
breast_cancer,1,4,knn3,kmeans,kmeans,8,0.935672514619883,0.9326892109500805
breast_cancer,1,4,knn3,marc,marc,8,0.9239766081871345,0.9200273410799726
breast_cancer,1,4,knn3,badge,badge,8,0.36257309941520466,0.3624858911653042
breast_cancer,1,4,knn3,vacs,marc,8,0.9239766081871345,0.9200273410799726
breast_cancer,1,8,knn3,random,random,16,0.9415204678362573,0.9386481056257175
breast_cancer,1,8,knn3,herding,herding,16,0.9064327485380117,0.9018369690011481
breast_cancer,1,8,knn3,kcenter,kcenter,16,0.8596491228070176,0.8492063492063492
breast_cancer,1,8,knn3,boundary,boundary,16,0.3391812865497076,0.3390908779970585
breast_cancer,1,8,knn3,kmeans,kmeans,16,0.9532163742690059,0.9497354497354498
breast_cancer,1,8,knn3,marc,marc,16,0.9298245614035088,0.9259740259740259
breast_cancer,1,8,knn3,badge,badge,16,0.49707602339181284,0.4970588235294118
breast_cancer,1,8,knn3,vacs,marc,16,0.9298245614035088,0.9259740259740259
breast_cancer,2,1,knn3,random,random,2,0.9064327485380117,0.8994708994708995
breast_cancer,2,1,knn3,herding,herding,2,0.9239766081871345,0.9180460829493088
breast_cancer,2,1,knn3,kcenter,kcenter,2,0.9239766081871345,0.9180460829493088
breast_cancer,2,1,knn3,boundary,boundary,2,0.1871345029239766,0.1853514754772595
breast_cancer,2,1,knn3,kmeans,kmeans,2,0.9239766081871345,0.9180460829493088
breast_cancer,2,1,knn3,marc,marc,2,0.9239766081871345,0.9180460829493088
breast_cancer,2,1,knn3,badge,badge,2,0.42105263157894735,0.4171458082286108
breast_cancer,2,1,knn3,vacs,herding,2,0.9239766081871345,0.9180460829493088
breast_cancer,2,2,knn3,random,random,4,0.9239766081871345,0.9185863394982603
breast_cancer,2,2,knn3,herding,herding,4,0.9239766081871345,0.9174741062479117
breast_cancer,2,2,knn3,kcenter,kcenter,4,0.8888888888888888,0.8824572193480699
breast_cancer,2,2,knn3,boundary,boundary,4,0.15789473684210525,0.15717415115005479
breast_cancer,2,2,knn3,kmeans,kmeans,4,0.9532163742690059,0.9500584112149533
breast_cancer,2,2,knn3,marc,marc,4,0.9415204678362573,0.936741639538325
breast_cancer,2,2,knn3,badge,badge,4,0.4093567251461988,0.40806114405182164
breast_cancer,2,2,knn3,vacs,marc,4,0.9415204678362573,0.936741639538325
breast_cancer,2,4,knn3,random,random,8,0.9005847953216374,0.8959742351046699
breast_cancer,2,4,knn3,herding,herding,8,0.9298245614035088,0.9240899674459899
breast_cancer,2,4,knn3,kcenter,kcenter,8,0.8362573099415205,0.829923273657289
breast_cancer,2,4,knn3,boundary,boundary,8,0.24561403508771928,0.24468412942989215
breast_cancer,2,4,knn3,kmeans,kmeans,8,0.9649122807017544,0.9617734724292102
breast_cancer,2,4,knn3,marc,marc,8,0.9415204678362573,0.936741639538325
breast_cancer,2,4,knn3,badge,badge,8,0.4502923976608187,0.4502735978112175
breast_cancer,2,4,knn3,vacs,kmeans,8,0.9649122807017544,0.9617734724292102
breast_cancer,2,8,knn3,random,random,16,0.9181286549707602,0.9126022196261683
breast_cancer,2,8,knn3,herding,herding,16,0.9239766081871345,0.9174741062479117
breast_cancer,2,8,knn3,kcenter,kcenter,16,0.8596491228070176,0.8542199488491049
breast_cancer,2,8,knn3,boundary,boundary,16,0.2982456140350877,0.29416620803522286
breast_cancer,2,8,knn3,kmeans,kmeans,16,0.9649122807017544,0.9623015873015872
breast_cancer,2,8,knn3,marc,marc,16,0.9298245614035088,0.9246031746031746
breast_cancer,2,8,knn3,badge,badge,16,0.5730994152046783,0.5533011272141707
breast_cancer,2,8,knn3,vacs,kmeans,16,0.9649122807017544,0.9623015873015872
breast_cancer,3,1,knn3,random,random,2,0.6023391812865497,0.5992555831265509
breast_cancer,3,1,knn3,herding,herding,2,0.9298245614035088,0.9259740259740259
breast_cancer,3,1,knn3,kcenter,kcenter,2,0.9298245614035088,0.9259740259740259
breast_cancer,3,1,knn3,boundary,boundary,2,0.1695906432748538,0.16130146449295385
breast_cancer,3,1,knn3,kmeans,kmeans,2,0.9298245614035088,0.9259740259740259
breast_cancer,3,1,knn3,marc,marc,2,0.9298245614035088,0.9259740259740259
breast_cancer,3,1,knn3,badge,badge,2,0.6023391812865497,0.5805194805194805
breast_cancer,3,1,knn3,vacs,herding,2,0.9298245614035088,0.9259740259740259
breast_cancer,3,2,knn3,random,random,4,0.8421052631578947,0.8407107124374676
breast_cancer,3,2,knn3,herding,herding,4,0.9122807017543859,0.9077238550922762
breast_cancer,3,2,knn3,kcenter,kcenter,4,0.8245614035087719,0.8159443168771527
breast_cancer,3,2,knn3,boundary,boundary,4,0.17543859649122806,0.16619981325863678
breast_cancer,3,2,knn3,kmeans,kmeans,4,0.935672514619883,0.9326892109500805
breast_cancer,3,2,knn3,marc,marc,4,0.9122807017543859,0.9086701085988962
breast_cancer,3,2,knn3,badge,badge,4,0.6140350877192983,0.5950774971297359
breast_cancer,3,2,knn3,vacs,kmeans,4,0.935672514619883,0.9326892109500805
breast_cancer,3,4,knn3,random,random,8,0.9415204678362573,0.9383116883116882
breast_cancer,3,4,knn3,herding,herding,8,0.9239766081871345,0.9195759921855216
breast_cancer,3,4,knn3,kcenter,kcenter,8,0.847953216374269,0.842071611253197
breast_cancer,3,4,knn3,boundary,boundary,8,0.2631578947368421,0.25887451843698406
breast_cancer,3,4,knn3,kmeans,kmeans,8,0.9415204678362573,0.9383116883116882
breast_cancer,3,4,knn3,marc,marc,8,0.9298245614035088,0.926377726750861
breast_cancer,3,4,knn3,badge,badge,8,0.6257309941520468,0.6161616161616161
breast_cancer,3,4,knn3,vacs,random,8,0.9415204678362573,0.9383116883116882
breast_cancer,3,8,knn3,random,random,16,0.9415204678362573,0.9375730140186915
breast_cancer,3,8,knn3,herding,herding,16,0.9239766081871345,0.9195759921855216
breast_cancer,3,8,knn3,kcenter,kcenter,16,0.8713450292397661,0.8650258323765787
breast_cancer,3,8,knn3,boundary,boundary,16,0.26900584795321636,0.2664973748327099
breast_cancer,3,8,knn3,kmeans,kmeans,16,0.9005847953216374,0.8969769996810433
breast_cancer,3,8,knn3,marc,marc,16,0.9298245614035088,0.926377726750861
breast_cancer,3,8,knn3,badge,badge,16,0.5146198830409356,0.49464126758055904
breast_cancer,3,8,knn3,vacs,marc,16,0.9298245614035088,0.926377726750861
breast_cancer,4,1,knn3,random,random,2,0.9005847953216374,0.8942024238453979
breast_cancer,4,1,knn3,herding,herding,2,0.9122807017543859,0.9060611609595313
breast_cancer,4,1,knn3,kcenter,kcenter,2,0.9122807017543859,0.9060611609595313
breast_cancer,4,1,knn3,boundary,boundary,2,0.3157894736842105,0.31569586482881284
breast_cancer,4,1,knn3,kmeans,kmeans,2,0.9122807017543859,0.9060611609595313
breast_cancer,4,1,knn3,marc,marc,2,0.9122807017543859,0.9060611609595313
breast_cancer,4,1,knn3,badge,badge,2,0.32748538011695905,0.32711719418306245
breast_cancer,4,1,knn3,vacs,herding,2,0.9122807017543859,0.9060611609595313
breast_cancer,4,2,knn3,random,random,4,0.8947368421052632,0.8895665901262916
breast_cancer,4,2,knn3,herding,herding,4,0.9064327485380117,0.9001168224299065
breast_cancer,4,2,knn3,kcenter,kcenter,4,0.8771929824561403,0.8721381520384547
breast_cancer,4,2,knn3,boundary,boundary,4,0.3157894736842105,0.31569586482881284
breast_cancer,4,2,knn3,kmeans,kmeans,4,0.9298245614035088,0.9259740259740259
breast_cancer,4,2,knn3,marc,marc,4,0.9122807017543859,0.9066491975106452
breast_cancer,4,2,knn3,badge,badge,4,0.30994152046783624,0.30991792065663476
breast_cancer,4,2,knn3,vacs,kmeans,4,0.9298245614035088,0.9259740259740259
breast_cancer,4,4,knn3,random,random,8,0.9122807017543859,0.907203067906371
breast_cancer,4,4,knn3,herding,herding,8,0.9181286549707602,0.912037037037037
breast_cancer,4,4,knn3,kcenter,kcenter,8,0.8070175438596491,0.7980676328502415
breast_cancer,4,4,knn3,boundary,boundary,8,0.34502923976608185,0.3450068399452805
breast_cancer,4,4,knn3,kmeans,kmeans,8,0.935672514619883,0.931948916464672
breast_cancer,4,4,knn3,marc,marc,8,0.935672514619883,0.9311115180369895
breast_cancer,4,4,knn3,badge,badge,8,0.3157894736842105,0.31569586482881284
breast_cancer,4,4,knn3,vacs,marc,8,0.935672514619883,0.9311115180369895
breast_cancer,4,8,knn3,random,random,16,0.8888888888888888,0.8837359098228663
breast_cancer,4,8,knn3,herding,herding,16,0.9181286549707602,0.912037037037037
breast_cancer,4,8,knn3,kcenter,kcenter,16,0.847953216374269,0.8404850746268657
breast_cancer,4,8,knn3,boundary,boundary,16,0.36257309941520466,0.36222412318220704
breast_cancer,4,8,knn3,kmeans,kmeans,16,0.9473684210526315,0.9432626728110599
breast_cancer,4,8,knn3,marc,marc,16,0.9415204678362573,0.9375730140186915
breast_cancer,4,8,knn3,badge,badge,16,0.4619883040935672,0.46182266009852213
breast_cancer,4,8,knn3,vacs,marc,16,0.9415204678362573,0.9375730140186915
breast_cancer,5,1,knn3,random,random,2,0.9181286549707602,0.9136363636363636
breast_cancer,5,1,knn3,herding,herding,2,0.9707602339181286,0.9690676893021237
breast_cancer,5,1,knn3,kcenter,kcenter,2,0.9707602339181286,0.9690676893021237
breast_cancer,5,1,knn3,boundary,boundary,2,0.15204678362573099,0.14913695480594352
breast_cancer,5,1,knn3,kmeans,kmeans,2,0.9707602339181286,0.9690676893021237
breast_cancer,5,1,knn3,marc,marc,2,0.9707602339181286,0.9690676893021237
breast_cancer,5,1,knn3,badge,badge,2,0.4678362573099415,0.4588795771464339
breast_cancer,5,1,knn3,vacs,herding,2,0.9707602339181286,0.9690676893021237
breast_cancer,5,2,knn3,random,random,4,0.9532163742690059,0.9493933116306599
breast_cancer,5,2,knn3,herding,herding,4,0.9532163742690059,0.9503628447024673
breast_cancer,5,2,knn3,kcenter,kcenter,4,0.8304093567251462,0.8215994531784006
breast_cancer,5,2,knn3,boundary,boundary,4,0.1286549707602339,0.1275808936825886
breast_cancer,5,2,knn3,kmeans,kmeans,4,0.9649122807017544,0.9631888633754305
breast_cancer,5,2,knn3,marc,marc,4,0.9415204678362573,0.9375730140186915
breast_cancer,5,2,knn3,badge,badge,4,0.3508771929824561,0.35078838458118133
breast_cancer,5,2,knn3,vacs,herding,4,0.9532163742690059,0.9503628447024673
breast_cancer,5,4,knn3,random,random,8,0.9590643274853801,0.9561618751144478
breast_cancer,5,4,knn3,herding,herding,8,0.9590643274853801,0.9564362921716345
breast_cancer,5,4,knn3,kcenter,kcenter,8,0.7368421052631579,0.7246376811594203
breast_cancer,5,4,knn3,boundary,boundary,8,0.1695906432748538,0.1688800657174151
breast_cancer,5,4,knn3,kmeans,kmeans,8,0.9590643274853801,0.9569377990430622
breast_cancer,5,4,knn3,marc,marc,8,0.9707602339181286,0.9690676893021237
breast_cancer,5,4,knn3,badge,badge,8,0.28654970760233917,0.2794280187897209
breast_cancer,5,4,knn3,vacs,kmeans,8,0.9590643274853801,0.9569377990430622
breast_cancer,5,8,knn3,random,random,16,0.9532163742690059,0.9506493506493507
breast_cancer,5,8,knn3,herding,herding,16,0.9532163742690059,0.9500584112149533
breast_cancer,5,8,knn3,kcenter,kcenter,16,0.8304093567251462,0.8263959390862945
breast_cancer,5,8,knn3,boundary,boundary,16,0.19298245614035087,0.19229189485213583
breast_cancer,5,8,knn3,kmeans,kmeans,16,0.935672514619883,0.9333380586171457
breast_cancer,5,8,knn3,marc,marc,16,0.9532163742690059,0.9511707595659623
breast_cancer,5,8,knn3,badge,badge,16,0.49122807017543857,0.48779480117059737
breast_cancer,5,8,knn3,vacs,kmeans,16,0.935672514619883,0.9333380586171457
breast_cancer,6,1,knn3,random,random,2,0.9181286549707602,0.9136363636363636
breast_cancer,6,1,knn3,herding,herding,2,0.9473684210526315,0.9439895185063871
breast_cancer,6,1,knn3,kcenter,kcenter,2,0.9473684210526315,0.9439895185063871
breast_cancer,6,1,knn3,boundary,boundary,2,0.15204678362573099,0.1510015408320493
breast_cancer,6,1,knn3,kmeans,kmeans,2,0.9473684210526315,0.9439895185063871
breast_cancer,6,1,knn3,marc,marc,2,0.9473684210526315,0.9439895185063871
breast_cancer,6,1,knn3,badge,badge,2,0.3508771929824561,0.34864966885144644
breast_cancer,6,1,knn3,vacs,herding,2,0.9473684210526315,0.9439895185063871
breast_cancer,6,2,knn3,random,random,4,0.9590643274853801,0.9558709677419355
breast_cancer,6,2,knn3,herding,herding,4,0.9473684210526315,0.9439895185063871
breast_cancer,6,2,knn3,kcenter,kcenter,4,0.8654970760233918,0.8577113707897688
breast_cancer,6,2,knn3,boundary,boundary,4,0.15789473684210525,0.15299944964226747
breast_cancer,6,2,knn3,kmeans,kmeans,4,0.9590643274853801,0.9566947650229731
breast_cancer,6,2,knn3,marc,marc,4,0.9473684210526315,0.9439895185063871
breast_cancer,6,2,knn3,badge,badge,4,0.49707602339181284,0.44797297297297295
breast_cancer,6,2,knn3,vacs,kmeans,4,0.9590643274853801,0.9566947650229731
breast_cancer,6,4,knn3,random,random,8,0.9590643274853801,0.9558709677419355
breast_cancer,6,4,knn3,herding,herding,8,0.9415204678362573,0.9379535558780843
breast_cancer,6,4,knn3,kcenter,kcenter,8,0.7192982456140351,0.7109859154929578
breast_cancer,6,4,knn3,boundary,boundary,8,0.2982456140350877,0.2962962962962963
breast_cancer,6,4,knn3,kmeans,kmeans,8,0.9473684210526315,0.9443218407438225
breast_cancer,6,4,knn3,marc,marc,8,0.9298245614035088,0.9259740259740259
breast_cancer,6,4,knn3,badge,badge,8,0.39766081871345027,0.39733105218135156
breast_cancer,6,4,knn3,vacs,kmeans,8,0.9473684210526315,0.9443218407438225
breast_cancer,6,8,knn3,random,random,16,0.9415204678362573,0.9379535558780843
breast_cancer,6,8,knn3,herding,herding,16,0.9473684210526315,0.9436366965757188
breast_cancer,6,8,knn3,kcenter,kcenter,16,0.8654970760233918,0.8632332997183294
breast_cancer,6,8,knn3,boundary,boundary,16,0.2982456140350877,0.29802955665024633
breast_cancer,6,8,knn3,kmeans,kmeans,16,0.9590643274853801,0.9564362921716345
breast_cancer,6,8,knn3,marc,marc,16,0.9532163742690059,0.9503628447024673
breast_cancer,6,8,knn3,badge,badge,16,0.5730994152046783,0.5671786692555736
breast_cancer,6,8,knn3,vacs,kmeans,16,0.9590643274853801,0.9564362921716345
breast_cancer,7,1,knn3,random,random,2,0.8771929824561403,0.8721381520384547
breast_cancer,7,1,knn3,herding,herding,2,0.9298245614035088,0.9250876168224299
breast_cancer,7,1,knn3,kcenter,kcenter,2,0.9298245614035088,0.9250876168224299
breast_cancer,7,1,knn3,boundary,boundary,2,0.15204678362573099,0.1510015408320493
breast_cancer,7,1,knn3,kmeans,kmeans,2,0.9298245614035088,0.9250876168224299
breast_cancer,7,1,knn3,marc,marc,2,0.9298245614035088,0.9250876168224299
breast_cancer,7,1,knn3,badge,badge,2,0.3684210526315789,0.3635235732009926
breast_cancer,7,1,knn3,vacs,herding,2,0.9298245614035088,0.9250876168224299
breast_cancer,7,2,knn3,random,random,4,0.9532163742690059,0.950918484500574
breast_cancer,7,2,knn3,herding,herding,4,0.9298245614035088,0.9250876168224299
breast_cancer,7,2,knn3,kcenter,kcenter,4,0.8654970760233918,0.8623140206546474
breast_cancer,7,2,knn3,boundary,boundary,4,0.1286549707602339,0.12674366795763786
breast_cancer,7,2,knn3,kmeans,kmeans,4,0.9532163742690059,0.9506493506493507
breast_cancer,7,2,knn3,marc,marc,4,0.9239766081871345,0.9190959711758926
breast_cancer,7,2,knn3,badge,badge,4,0.34502923976608185,0.335
breast_cancer,7,2,knn3,vacs,kmeans,4,0.9532163742690059,0.9506493506493507
breast_cancer,7,4,knn3,random,random,8,0.935672514619883,0.9323308270676691
breast_cancer,7,4,knn3,herding,herding,8,0.9239766081871345,0.9190959711758926
breast_cancer,7,4,knn3,kcenter,kcenter,8,0.7192982456140351,0.7176664832140891
breast_cancer,7,4,knn3,boundary,boundary,8,0.21637426900584794,0.21419753086419752
breast_cancer,7,4,knn3,kmeans,kmeans,8,0.9122807017543859,0.9077238550922762
breast_cancer,7,4,knn3,marc,marc,8,0.9298245614035088,0.9250876168224299
breast_cancer,7,4,knn3,badge,badge,8,0.36257309941520466,0.35941849675224247
breast_cancer,7,4,knn3,vacs,marc,8,0.9298245614035088,0.9250876168224299
breast_cancer,7,8,knn3,random,random,16,0.9473684210526315,0.9446343130553656
breast_cancer,7,8,knn3,herding,herding,16,0.9239766081871345,0.9190959711758926
breast_cancer,7,8,knn3,kcenter,kcenter,16,0.8011695906432749,0.8000137589433132
breast_cancer,7,8,knn3,boundary,boundary,16,0.27485380116959063,0.27463054187192115
breast_cancer,7,8,knn3,kmeans,kmeans,16,0.9532163742690059,0.9506493506493507
breast_cancer,7,8,knn3,marc,marc,16,0.935672514619883,0.9326892109500805
breast_cancer,7,8,knn3,badge,badge,16,0.5906432748538012,0.5748081841432225
breast_cancer,7,8,knn3,vacs,random,16,0.9473684210526315,0.9446343130553656
20newsgroups,0,1,knn3,random,random,20,0.05341351255748143,0.0066739971202161505
20newsgroups,0,1,knn3,herding,herding,20,0.051114255394411036,0.00486286387346458
20newsgroups,0,1,knn3,kcenter,kcenter,20,0.051114255394411036,0.00486286387346458
20newsgroups,0,1,knn3,boundary,boundary,20,0.08047400070746374,0.07592682261170339
20newsgroups,0,1,knn3,kmeans,kmeans,20,0.051114255394411036,0.00486286387346458
20newsgroups,0,1,knn3,marc,marc,20,0.051114255394411036,0.00486286387346458
20newsgroups,0,1,knn3,badge,badge,20,0.05235231694375663,0.05085589302678771
20newsgroups,0,1,knn3,vacs,boundary,20,0.08047400070746374,0.07592682261170339
20newsgroups,0,2,knn3,random,random,40,0.07746727980191015,0.054875008639195574
20newsgroups,0,2,knn3,herding,herding,40,0.051114255394411036,0.00486286387346458
20newsgroups,0,2,knn3,kcenter,kcenter,40,0.05288291475061903,0.008905743017868187
20newsgroups,0,2,knn3,boundary,boundary,40,0.08259639193491333,0.0794772324206666
20newsgroups,0,2,knn3,kmeans,kmeans,40,0.052706048814998234,0.0085574910183781
20newsgroups,0,2,knn3,marc,marc,40,0.052706048814998234,0.0085574910183781
20newsgroups,0,2,knn3,badge,badge,40,0.058542624690484615,0.05681010347886752
20newsgroups,0,2,knn3,vacs,boundary,40,0.08259639193491333,0.0794772324206666
20newsgroups,0,4,knn3,random,random,80,0.04386275203395826,0.006749660359524451
20newsgroups,0,4,knn3,herding,herding,80,0.051114255394411036,0.00486286387346458
20newsgroups,0,4,knn3,kcenter,kcenter,80,0.05482844004244782,0.012569701258994448
20newsgroups,0,4,knn3,boundary,boundary,80,0.08348072161301734,0.08334447002032079
20newsgroups,0,4,knn3,kmeans,kmeans,80,0.05606650159179342,0.0148600727877457
20newsgroups,0,4,knn3,marc,marc,80,0.05553590378493102,0.01385342563262614
20newsgroups,0,4,knn3,badge,badge,80,0.054120976299964624,0.052885071675503346
20newsgroups,0,4,knn3,vacs,random,80,0.04386275203395826,0.006749660359524451
20newsgroups,0,8,knn3,random,random,160,0.05978068623983021,0.019319271245947636
20newsgroups,0,8,knn3,herding,herding,160,0.05146798726565264,0.005535641865367388
20newsgroups,0,8,knn3,kcenter,kcenter,160,0.058365758754863814,0.01986185796290054
20newsgroups,0,8,knn3,boundary,boundary,160,0.08330385567739654,0.0834175768373794
20newsgroups,0,8,knn3,kmeans,kmeans,160,0.05818889281924301,0.01982637519377919
20newsgroups,0,8,knn3,marc,marc,160,0.057658295012380616,0.018820545304385337
20newsgroups,0,8,knn3,badge,badge,160,0.054297842235585425,0.05320533418251383
20newsgroups,0,8,knn3,vacs,boundary,160,0.08330385567739654,0.0834175768373794
20newsgroups,1,1,knn3,random,random,20,0.05305978068623983,0.005365037849973361
20newsgroups,1,1,knn3,herding,herding,20,0.05252918287937743,0.004990757855822551
20newsgroups,1,1,knn3,kcenter,kcenter,20,0.05252918287937743,0.004990757855822551
20newsgroups,1,1,knn3,boundary,boundary,20,0.0650866643084542,0.06189379382945055
20newsgroups,1,1,knn3,kmeans,kmeans,20,0.05252918287937743,0.004990757855822551
20newsgroups,1,1,knn3,marc,marc,20,0.05252918287937743,0.004990757855822551
20newsgroups,1,1,knn3,badge,badge,20,0.05217545100813583,0.04784682383534289
20newsgroups,1,1,knn3,vacs,random,20,0.05305978068623983,0.005365037849973361
20newsgroups,1,2,knn3,random,random,40,0.2230279448178281,0.21465722447212623
20newsgroups,1,2,knn3,herding,herding,40,0.05252918287937743,0.004990757855822551
20newsgroups,1,2,knn3,kcenter,kcenter,40,0.055182171913689425,0.010015595442490942
20newsgroups,1,2,knn3,boundary,boundary,40,0.07410682702511497,0.07213587003249251
20newsgroups,1,2,knn3,kmeans,kmeans,40,0.05571276972055182,0.010923469192837083
20newsgroups,1,2,knn3,marc,marc,40,0.05571276972055182,0.010923469192837083
20newsgroups,1,2,knn3,badge,badge,40,0.048461266360099044,0.04629345889486173
20newsgroups,1,2,knn3,vacs,boundary,40,0.07410682702511497,0.07213587003249251
20newsgroups,1,4,knn3,random,random,80,0.045454545454545456,0.010135836245490994
20newsgroups,1,4,knn3,herding,herding,80,0.05252918287937743,0.004990757855822551
20newsgroups,1,4,knn3,kcenter,kcenter,80,0.05801202688362221,0.015686479211380524
20newsgroups,1,4,knn3,boundary,boundary,80,0.07534488857446056,0.07475171526948028
20newsgroups,1,4,knn3,kmeans,kmeans,80,0.056773965334276616,0.013043392307117724
20newsgroups,1,4,knn3,marc,marc,80,0.05712769720551822,0.01370819017623592
20newsgroups,1,4,knn3,badge,badge,80,0.055005305978068623,0.05391922085105475
20newsgroups,1,4,knn3,vacs,random,80,0.045454545454545456,0.010135836245490994
20newsgroups,1,8,knn3,random,random,160,0.04793066855323665,0.01505244711245557
20newsgroups,1,8,knn3,herding,herding,160,0.05252918287937743,0.004990757855822551
20newsgroups,1,8,knn3,kcenter,kcenter,160,0.06420233463035019,0.028088373690032552
20newsgroups,1,8,knn3,boundary,boundary,160,0.08896356561726211,0.08881789186741502
20newsgroups,1,8,knn3,kmeans,kmeans,160,0.06119561372479661,0.022204109361057888
20newsgroups,1,8,knn3,marc,marc,160,0.0631411390166254,0.025862455327204603
20newsgroups,1,8,knn3,badge,badge,160,0.061726211531659005,0.06086719773822611
20newsgroups,1,8,knn3,vacs,boundary,160,0.08896356561726211,0.08881789186741502
20newsgroups,2,1,knn3,random,random,20,0.15139724089140433,0.14949978868439828
20newsgroups,2,1,knn3,herding,herding,20,0.05252918287937743,0.004990757855822551
20newsgroups,2,1,knn3,kcenter,kcenter,20,0.05217545100813583,0.0049588166078332494
20newsgroups,2,1,knn3,boundary,boundary,20,0.0619030774672798,0.060525976455010136
20newsgroups,2,1,knn3,kmeans,kmeans,20,0.05217545100813583,0.0049588166078332494
20newsgroups,2,1,knn3,marc,marc,20,0.05217545100813583,0.0049588166078332494
20newsgroups,2,1,knn3,badge,badge,20,0.04740007074637425,0.04241247945217712
20newsgroups,2,1,knn3,vacs,boundary,20,0.0619030774672798,0.060525976455010136
20newsgroups,2,2,knn3,random,random,40,0.06933144676335337,0.03697567595455774
20newsgroups,2,2,knn3,herding,herding,40,0.05217545100813583,0.0049588166078332494
20newsgroups,2,2,knn3,kcenter,kcenter,40,0.05341351255748143,0.007496615977901802
20newsgroups,2,2,knn3,boundary,boundary,40,0.07976653696498054,0.07908883315791086
20newsgroups,2,2,knn3,kmeans,kmeans,40,0.05359037849310223,0.007831893085714508
20newsgroups,2,2,knn3,marc,marc,40,0.05359037849310223,0.007831893085714508
20newsgroups,2,2,knn3,badge,badge,40,0.044393349840820655,0.04189094266872982
20newsgroups,2,2,knn3,vacs,random,40,0.06933144676335337,0.03697567595455774
20newsgroups,2,4,knn3,random,random,80,0.24212946586487444,0.2369333860148511
20newsgroups,2,4,knn3,herding,herding,80,0.05217545100813583,0.0049588166078332494
20newsgroups,2,4,knn3,kcenter,kcenter,80,0.05642023346303502,0.01391029975213555
20newsgroups,2,4,knn3,boundary,boundary,80,0.07375309515387336,0.07357353120168623
20newsgroups,2,4,knn3,kmeans,kmeans,80,0.054474708171206226,0.01009095617536012
20newsgroups,2,4,knn3,marc,marc,80,0.055359037849310226,0.011778704800408664
20newsgroups,2,4,knn3,badge,badge,80,0.04103289706402547,0.041180495363493545
20newsgroups,2,4,knn3,vacs,random,80,0.24212946586487444,0.2369333860148511
20newsgroups,2,8,knn3,random,random,160,0.054474708171206226,0.011082273630204559
20newsgroups,2,8,knn3,herding,herding,160,0.05217545100813583,0.0049588166078332494
20newsgroups,2,8,knn3,kcenter,kcenter,160,0.05942695436858861,0.019674496035272167
20newsgroups,2,8,knn3,boundary,boundary,160,0.09550760523523169,0.0944981206457297
20newsgroups,2,8,knn3,kmeans,kmeans,160,0.057481429076759814,0.015774427487666394
20newsgroups,2,8,knn3,marc,marc,160,0.058542624690484615,0.017800321010850724
20newsgroups,2,8,knn3,badge,badge,160,0.05164485320127343,0.05185751375374621
20newsgroups,2,8,knn3,vacs,boundary,160,0.09550760523523169,0.0944981206457297
20newsgroups,3,1,knn3,random,random,20,0.13441811107180757,0.12489648640775405
20newsgroups,3,1,knn3,herding,herding,20,0.04244782454899186,0.0040719375636240245
20newsgroups,3,1,knn3,kcenter,kcenter,20,0.04244782454899186,0.0040719375636240245
20newsgroups,3,1,knn3,boundary,boundary,20,0.07021577644145738,0.06803243270855673
20newsgroups,3,1,knn3,kmeans,kmeans,20,0.04244782454899186,0.0040719375636240245
20newsgroups,3,1,knn3,marc,marc,20,0.04244782454899186,0.0040719375636240245
20newsgroups,3,1,knn3,badge,badge,20,0.04686947293951185,0.04255556175470549
20newsgroups,3,1,knn3,vacs,random,20,0.13441811107180757,0.12489648640775405
20newsgroups,3,2,knn3,random,random,40,0.05359037849310223,0.0074255640021893
20newsgroups,3,2,knn3,herding,herding,40,0.05252918287937743,0.004990757855822551
20newsgroups,3,2,knn3,kcenter,kcenter,40,0.04563141139016626,0.01020611675262198
20newsgroups,3,2,knn3,boundary,boundary,40,0.07552175451008136,0.07562452091229313
20newsgroups,3,2,knn3,kmeans,kmeans,40,0.044570215776441456,0.008248022467765025
20newsgroups,3,2,knn3,marc,marc,40,0.044570215776441456,0.008248022467765025
20newsgroups,3,2,knn3,badge,badge,40,0.044570215776441456,0.0419058676524527
20newsgroups,3,2,knn3,vacs,boundary,40,0.07552175451008136,0.07562452091229313
20newsgroups,3,4,knn3,random,random,80,0.05359037849310223,0.008239829096463976
20newsgroups,3,4,knn3,herding,herding,80,0.05252918287937743,0.004990757855822551
20newsgroups,3,4,knn3,kcenter,kcenter,80,0.048461266360099044,0.015571343481690777
20newsgroups,3,4,knn3,boundary,boundary,80,0.08241952599929253,0.08153664996394089
20newsgroups,3,4,knn3,kmeans,kmeans,80,0.04810753448885745,0.014937147633038059
20newsgroups,3,4,knn3,marc,marc,80,0.048461266360099044,0.015605621860190147
20newsgroups,3,4,knn3,badge,badge,80,0.05040679165192784,0.04887700033455637
20newsgroups,3,4,knn3,vacs,boundary,80,0.08241952599929253,0.08153664996394089
20newsgroups,3,8,knn3,random,random,160,0.05695083126989742,0.015555809275263479
20newsgroups,3,8,knn3,herding,herding,160,0.051114255394411036,0.00486286387346458
20newsgroups,3,8,knn3,kcenter,kcenter,160,0.051998585072515036,0.022372368657997934
20newsgroups,3,8,knn3,boundary,boundary,160,0.08418818535550053,0.08424355640376371
20newsgroups,3,8,knn3,kmeans,kmeans,160,0.05129112133003184,0.02109601834036321
20newsgroups,3,8,knn3,marc,marc,160,0.051998585072515036,0.02234828126301721
20newsgroups,3,8,knn3,badge,badge,160,0.05624336752741422,0.05368005704726492
20newsgroups,3,8,knn3,vacs,boundary,160,0.08418818535550053,0.08424355640376371
20newsgroups,4,1,knn3,random,random,20,0.16236292889989387,0.15527061340728351
20newsgroups,4,1,knn3,herding,herding,20,0.05252918287937743,0.004990757855822551
20newsgroups,4,1,knn3,kcenter,kcenter,20,0.05217545100813583,0.0049588166078332494
20newsgroups,4,1,knn3,boundary,boundary,20,0.0666784577290414,0.062449363471824726
20newsgroups,4,1,knn3,kmeans,kmeans,20,0.05217545100813583,0.0049588166078332494
20newsgroups,4,1,knn3,marc,marc,20,0.05217545100813583,0.0049588166078332494
20newsgroups,4,1,knn3,badge,badge,20,0.04598514326140785,0.04120235346372879
20newsgroups,4,1,knn3,vacs,boundary,20,0.0666784577290414,0.062449363471824726
20newsgroups,4,2,knn3,random,random,40,0.08648744251857092,0.06608606110352495
20newsgroups,4,2,knn3,herding,herding,40,0.05252918287937743,0.004990757855822551
20newsgroups,4,2,knn3,kcenter,kcenter,40,0.05323664662186063,0.006974615585031034
20newsgroups,4,2,knn3,boundary,boundary,40,0.07392996108949416,0.07086305326796598
20newsgroups,4,2,knn3,kmeans,kmeans,40,0.05394411036434383,0.008287586975513777
20newsgroups,4,2,knn3,marc,marc,40,0.05376724442872303,0.007950342650359826
20newsgroups,4,2,knn3,badge,badge,40,0.04934559603820304,0.04752357951499128
20newsgroups,4,2,knn3,vacs,boundary,40,0.07392996108949416,0.07086305326796598
20newsgroups,4,4,knn3,random,random,80,0.0633180049522462,0.020587759060798932
20newsgroups,4,4,knn3,herding,herding,80,0.05252918287937743,0.004990757855822551
20newsgroups,4,4,knn3,kcenter,kcenter,80,0.05465157410682703,0.009639893037429572
20newsgroups,4,4,knn3,boundary,boundary,80,0.07888220728687655,0.07695010172303474
20newsgroups,4,4,knn3,kmeans,kmeans,80,0.05465157410682703,0.009643653138458127
20newsgroups,4,4,knn3,marc,marc,80,0.05588963565617262,0.011945540889070726
20newsgroups,4,4,knn3,badge,badge,80,0.04722320481075345,0.04609445285243002
20newsgroups,4,4,knn3,vacs,boundary,80,0.07888220728687655,0.07695010172303474
20newsgroups,4,8,knn3,random,random,160,0.05482844004244782,0.012201707677345495
20newsgroups,4,8,knn3,herding,herding,160,0.05252918287937743,0.004990757855822551
20newsgroups,4,8,knn3,kcenter,kcenter,160,0.05978068623983021,0.019502874451712497
20newsgroups,4,8,knn3,boundary,boundary,160,0.08471878316236293,0.08578569703898958
20newsgroups,4,8,knn3,kmeans,kmeans,160,0.06119561372479661,0.021841422099118855
20newsgroups,4,8,knn3,marc,marc,160,0.060665015917934204,0.02083801959273461
20newsgroups,4,8,knn3,badge,badge,160,0.05624336752741422,0.055294576359186186
20newsgroups,4,8,knn3,vacs,boundary,160,0.08471878316236293,0.08578569703898958
20newsgroups,5,1,knn3,random,random,20,0.1920764060841882,0.1912902915642849
20newsgroups,5,1,knn3,herding,herding,20,0.05235231694375663,0.004974789915966386
20newsgroups,5,1,knn3,kcenter,kcenter,20,0.05217545100813583,0.0049588166078332494
20newsgroups,5,1,knn3,boundary,boundary,20,0.07958967102935975,0.07633726827723189
20newsgroups,5,1,knn3,kmeans,kmeans,20,0.05217545100813583,0.0049588166078332494
20newsgroups,5,1,knn3,marc,marc,20,0.05217545100813583,0.0049588166078332494
20newsgroups,5,1,knn3,badge,badge,20,0.04916873010258224,0.045776538781793406
20newsgroups,5,1,knn3,vacs,random,20,0.1920764060841882,0.1912902915642849
20newsgroups,5,2,knn3,random,random,40,0.057481429076759814,0.0501643041172128
20newsgroups,5,2,knn3,herding,herding,40,0.05305978068623983,0.0050386294927779645
20newsgroups,5,2,knn3,kcenter,kcenter,40,0.05288291475061903,0.006359422531850001
20newsgroups,5,2,knn3,boundary,boundary,40,0.08135833038556774,0.07802370433170672
20newsgroups,5,2,knn3,kmeans,kmeans,40,0.052706048814998234,0.006018125603522355
20newsgroups,5,2,knn3,marc,marc,40,0.052706048814998234,0.006018125603522355
20newsgroups,5,2,knn3,badge,badge,40,0.05040679165192784,0.04867336344952205
20newsgroups,5,2,knn3,vacs,boundary,40,0.08135833038556774,0.07802370433170672
20newsgroups,5,4,knn3,random,random,80,0.07357622921825256,0.034723195044320046
20newsgroups,5,4,knn3,herding,herding,80,0.05235231694375663,0.004974789915966386
20newsgroups,5,4,knn3,kcenter,kcenter,80,0.054297842235585425,0.009169855237758602
20newsgroups,5,4,knn3,boundary,boundary,80,0.08065086664308455,0.07867866370861595
20newsgroups,5,4,knn3,kmeans,kmeans,80,0.05394411036434383,0.008485092646191907
20newsgroups,5,4,knn3,marc,marc,80,0.054297842235585425,0.009310993147409902
20newsgroups,5,4,knn3,badge,badge,80,0.051114255394411036,0.050518734379751296
20newsgroups,5,4,knn3,vacs,boundary,80,0.08065086664308455,0.07867866370861595
20newsgroups,5,8,knn3,random,random,160,0.058365758754863814,0.01650392821048672
20newsgroups,5,8,knn3,herding,herding,160,0.05235231694375663,0.004974789915966386
20newsgroups,5,8,knn3,kcenter,kcenter,160,0.059250088432967814,0.019031345604761336
20newsgroups,5,8,knn3,boundary,boundary,160,0.08754863813229571,0.08728011695119284
20newsgroups,5,8,knn3,kmeans,kmeans,160,0.058542624690484615,0.017585650261693904
20newsgroups,5,8,knn3,marc,marc,160,0.05960382030420941,0.019694588531349044
20newsgroups,5,8,knn3,badge,badge,160,0.05606650159179342,0.053488410026565826
20newsgroups,5,8,knn3,vacs,boundary,160,0.08754863813229571,0.08728011695119284
20newsgroups,6,1,knn3,random,random,20,0.19755925008843297,0.18889410456127573
20newsgroups,6,1,knn3,herding,herding,20,0.04244782454899186,0.0040719375636240245
20newsgroups,6,1,knn3,kcenter,kcenter,20,0.05252918287937743,0.004990757855822551
20newsgroups,6,1,knn3,boundary,boundary,20,0.06791651927838699,0.06687094129708653
20newsgroups,6,1,knn3,kmeans,kmeans,20,0.05252918287937743,0.004990757855822551
20newsgroups,6,1,knn3,marc,marc,20,0.05252918287937743,0.004990757855822551
20newsgroups,6,1,knn3,badge,badge,20,0.05305978068623983,0.05051756145519232
20newsgroups,6,1,knn3,vacs,boundary,20,0.06791651927838699,0.06687094129708653
20newsgroups,6,2,knn3,random,random,40,0.06455606650159179,0.031197573679870978
20newsgroups,6,2,knn3,herding,herding,40,0.05288291475061903,0.005022677641525281
20newsgroups,6,2,knn3,kcenter,kcenter,40,0.05394411036434383,0.007656267355522795
20newsgroups,6,2,knn3,boundary,boundary,40,0.06986204457021578,0.06847397192888068
20newsgroups,6,2,knn3,kmeans,kmeans,40,0.05323664662186063,0.0057211862865573105
20newsgroups,6,2,knn3,marc,marc,40,0.05323664662186063,0.005720339865113939
20newsgroups,6,2,knn3,badge,badge,40,0.05305978068623983,0.05146806800831244
20newsgroups,6,2,knn3,vacs,random,40,0.06455606650159179,0.031197573679870978
20newsgroups,6,4,knn3,random,random,80,0.05553590378493102,0.01346566232336023
20newsgroups,6,4,knn3,herding,herding,80,0.05288291475061903,0.005022677641525281
20newsgroups,6,4,knn3,kcenter,kcenter,80,0.05942695436858861,0.018199428551342614
20newsgroups,6,4,knn3,boundary,boundary,80,0.07764414573753095,0.07759258405049338
20newsgroups,6,4,knn3,kmeans,kmeans,80,0.05588963565617262,0.010951815489449821
20newsgroups,6,4,knn3,marc,marc,80,0.058542624690484615,0.01586928640535273
20newsgroups,6,4,knn3,badge,badge,80,0.05217545100813583,0.051000154971730396
20newsgroups,6,4,knn3,vacs,boundary,80,0.07764414573753095,0.07759258405049338
20newsgroups,6,8,knn3,random,random,160,0.054297842235585425,0.0160393101588164
20newsgroups,6,8,knn3,herding,herding,160,0.05288291475061903,0.005022677641525281
20newsgroups,6,8,knn3,kcenter,kcenter,160,0.0649097983728334,0.029056963098834578
20newsgroups,6,8,knn3,boundary,boundary,160,0.07888220728687655,0.08014917688853725
20newsgroups,6,8,knn3,kmeans,kmeans,160,0.0622568093385214,0.023227205242582084
20newsgroups,6,8,knn3,marc,marc,160,0.061726211531659005,0.022237141900109957
20newsgroups,6,8,knn3,badge,badge,160,0.0638486027591086,0.06353053310958642
20newsgroups,6,8,knn3,vacs,boundary,160,0.07888220728687655,0.08014917688853725
20newsgroups,7,1,knn3,random,random,20,0.1542270958613371,0.14663688004005176
20newsgroups,7,1,knn3,herding,herding,20,0.05235231694375663,0.004974789915966386
20newsgroups,7,1,knn3,kcenter,kcenter,20,0.05235231694375663,0.004974789915966386
20newsgroups,7,1,knn3,boundary,boundary,20,0.07499115670321896,0.07455799708548953
20newsgroups,7,1,knn3,kmeans,kmeans,20,0.05235231694375663,0.004974789915966386
20newsgroups,7,1,knn3,marc,marc,20,0.05235231694375663,0.004974789915966386
20newsgroups,7,1,knn3,badge,badge,20,0.04651574106827025,0.03763355718598658
20newsgroups,7,1,knn3,vacs,random,20,0.1542270958613371,0.14663688004005176
20newsgroups,7,2,knn3,random,random,40,0.21241598868058012,0.20321701865199443
20newsgroups,7,2,knn3,herding,herding,40,0.05252918287937743,0.004990757855822551
20newsgroups,7,2,knn3,kcenter,kcenter,40,0.05252918287937743,0.005638154924589983
20newsgroups,7,2,knn3,boundary,boundary,40,0.08206579412805094,0.08289286948832562
20newsgroups,7,2,knn3,kmeans,kmeans,40,0.05288291475061903,0.006308720599137158
20newsgroups,7,2,knn3,marc,marc,40,0.05288291475061903,0.006308720599137158
20newsgroups,7,2,knn3,badge,badge,40,0.04828440042447824,0.04655812705201788
20newsgroups,7,2,knn3,vacs,random,40,0.21241598868058012,0.20321701865199443
20newsgroups,7,4,knn3,random,random,80,0.05960382030420941,0.021253285871688146
20newsgroups,7,4,knn3,herding,herding,80,0.05305978068623983,0.0050386294927779645
20newsgroups,7,4,knn3,kcenter,kcenter,80,0.05659709939865582,0.01373275038829174
20newsgroups,7,4,knn3,boundary,boundary,80,0.08436505129112133,0.0852699991175267
20newsgroups,7,4,knn3,kmeans,kmeans,80,0.05482844004244782,0.009954447416461816
20newsgroups,7,4,knn3,marc,marc,80,0.054474708171206226,0.009286370956206871
20newsgroups,7,4,knn3,badge,badge,80,0.050937389458790235,0.05074940289466194
20newsgroups,7,4,knn3,vacs,boundary,80,0.08436505129112133,0.0852699991175267
20newsgroups,7,8,knn3,random,random,160,0.04757693668199505,0.013909770228808562
20newsgroups,7,8,knn3,herding,herding,160,0.05305978068623983,0.0050386294927779645
20newsgroups,7,8,knn3,kcenter,kcenter,160,0.06119561372479661,0.022848396575098722
20newsgroups,7,8,knn3,boundary,boundary,160,0.08843296781039972,0.08959839466424752
20newsgroups,7,8,knn3,kmeans,kmeans,160,0.058542624690484615,0.0173950204897887
20newsgroups,7,8,knn3,marc,marc,160,0.058365758754863814,0.01739725517622567
20newsgroups,7,8,knn3,badge,badge,160,0.057658295012380616,0.057052317120080895
20newsgroups,7,8,knn3,vacs,boundary,160,0.08843296781039972,0.08959839466424752
