dataset,seed,budget_per_class,method,selector_detail,selected,accuracy,macro_f1
20newsgroups_20class_smolm2,0,1,random,random,20,0.23558542624690484,0.20621758206072513
20newsgroups_20class_smolm2,0,1,herding,herding,20,0.366819950477538,0.35893821779350576
20newsgroups_20class_smolm2,0,1,kcenter,kcenter,20,0.366819950477538,0.35893821779350576
20newsgroups_20class_smolm2,0,1,boundary,boundary,20,0.03767244428723028,0.015092382284236238
20newsgroups_20class_smolm2,0,1,kmeans,kmeans,20,0.366819950477538,0.35893821779350576
20newsgroups_20class_smolm2,0,1,marc,marc,20,0.366819950477538,0.35893821779350576
20newsgroups_20class_smolm2,0,1,vacs,herding,20,0.366819950477538,0.35893821779350576
20newsgroups_20class_smolm2,0,2,random,random,40,0.2194906261054121,0.21152126105587366
20newsgroups_20class_smolm2,0,2,herding,herding,40,0.38167668906968516,0.37716625919312613
20newsgroups_20class_smolm2,0,2,kcenter,kcenter,40,0.3631057658295012,0.3557473802804231
20newsgroups_20class_smolm2,0,2,boundary,boundary,40,0.03661124867350548,0.015949904301542323
20newsgroups_20class_smolm2,0,2,kmeans,kmeans,40,0.3473646975592501,0.3419443420746201
20newsgroups_20class_smolm2,0,2,marc,marc,40,0.3832684824902724,0.38343654084857376
20newsgroups_20class_smolm2,0,2,vacs,herding,40,0.38167668906968516,0.37716625919312613
20newsgroups_20class_smolm2,1,1,random,random,20,0.16218606296427307,0.15482842480626471
20newsgroups_20class_smolm2,1,1,herding,herding,20,0.36133710647329326,0.3518975612659576
20newsgroups_20class_smolm2,1,1,kcenter,kcenter,20,0.36133710647329326,0.3518975612659576
20newsgroups_20class_smolm2,1,1,boundary,boundary,20,0.022992571630703926,0.01414697035622405
20newsgroups_20class_smolm2,1,1,kmeans,kmeans,20,0.36133710647329326,0.3518975612659576
20newsgroups_20class_smolm2,1,1,marc,marc,20,0.36133710647329326,0.3518975612659576
20newsgroups_20class_smolm2,1,1,vacs,herding,20,0.36133710647329326,0.3518975612659576
20newsgroups_20class_smolm2,1,2,random,random,40,0.2198443579766537,0.20347480856249928
20newsgroups_20class_smolm2,1,2,herding,herding,40,0.39264237707817473,0.38781912374028393
20newsgroups_20class_smolm2,1,2,kcenter,kcenter,40,0.3544393349840821,0.3439852253077722
20newsgroups_20class_smolm2,1,2,boundary,boundary,40,0.028829147506190308,0.01566860954227856
20newsgroups_20class_smolm2,1,2,kmeans,kmeans,40,0.3769013088079236,0.3676678672601654
20newsgroups_20class_smolm2,1,2,marc,marc,40,0.3731871241598868,0.36893304952035055
20newsgroups_20class_smolm2,1,2,vacs,marc,40,0.3731871241598868,0.36893304952035055
20newsgroups_20class_smolm2,2,1,random,random,20,0.22815705695083127,0.2207682148785862
20newsgroups_20class_smolm2,2,1,herding,herding,20,0.35019455252918286,0.34452823418705714
20newsgroups_20class_smolm2,2,1,kcenter,kcenter,20,0.35019455252918286,0.34452823418705714
20newsgroups_20class_smolm2,2,1,boundary,boundary,20,0.05040679165192784,0.021201602978818034
20newsgroups_20class_smolm2,2,1,kmeans,kmeans,20,0.35019455252918286,0.34452823418705714
20newsgroups_20class_smolm2,2,1,marc,marc,20,0.35019455252918286,0.34452823418705714
20newsgroups_20class_smolm2,2,1,vacs,herding,20,0.35019455252918286,0.34452823418705714
20newsgroups_20class_smolm2,2,2,random,random,40,0.23098691192076407,0.22668131815138723
20newsgroups_20class_smolm2,2,2,herding,herding,40,0.3795542978422356,0.37145853081223407
20newsgroups_20class_smolm2,2,2,kcenter,kcenter,40,0.3440042447824549,0.3398051911720551
20newsgroups_20class_smolm2,2,2,boundary,boundary,40,0.047753802617615845,0.019564485253256544
20newsgroups_20class_smolm2,2,2,kmeans,kmeans,40,0.3408206579412805,0.33576111795564323
20newsgroups_20class_smolm2,2,2,marc,marc,40,0.3731871241598868,0.36911182967822287
20newsgroups_20class_smolm2,2,2,vacs,herding,40,0.3795542978422356,0.37145853081223407
20newsgroups_20class_smolm2,3,1,random,random,20,0.2667138309161656,0.25097132886705226
20newsgroups_20class_smolm2,3,1,herding,herding,20,0.3802617615847188,0.37705996381200996
20newsgroups_20class_smolm2,3,1,kcenter,kcenter,20,0.3802617615847188,0.37705996381200996
20newsgroups_20class_smolm2,3,1,boundary,boundary,20,0.0320127343473647,0.01250956380219458
20newsgroups_20class_smolm2,3,1,kmeans,kmeans,20,0.3802617615847188,0.37705996381200996
20newsgroups_20class_smolm2,3,1,marc,marc,20,0.3802617615847188,0.37705996381200996
20newsgroups_20class_smolm2,3,1,vacs,herding,20,0.3802617615847188,0.37705996381200996
20newsgroups_20class_smolm2,3,2,random,random,40,0.17297488503714184,0.16552279128197836
20newsgroups_20class_smolm2,3,2,herding,herding,40,0.36522815705695083,0.35974442490086667
20newsgroups_20class_smolm2,3,2,kcenter,kcenter,40,0.3753095153873364,0.37322702278567743
20newsgroups_20class_smolm2,3,2,boundary,boundary,40,0.030244074991156705,0.014396682855354675
20newsgroups_20class_smolm2,3,2,kmeans,kmeans,40,0.374778917580474,0.3724969774873326
20newsgroups_20class_smolm2,3,2,marc,marc,40,0.3804386275203396,0.37909173006726204
20newsgroups_20class_smolm2,3,2,vacs,herding,40,0.36522815705695083,0.35974442490086667
20newsgroups_20class_smolm2,4,1,random,random,20,0.16979129819596744,0.16473173360856402
20newsgroups_20class_smolm2,4,1,herding,herding,20,0.35426246904846126,0.34701982378096197
20newsgroups_20class_smolm2,4,1,kcenter,kcenter,20,0.35426246904846126,0.34701982378096197
20newsgroups_20class_smolm2,4,1,boundary,boundary,20,0.02776795189246551,0.013766167158082229
20newsgroups_20class_smolm2,4,1,kmeans,kmeans,20,0.35426246904846126,0.34701982378096197
20newsgroups_20class_smolm2,4,1,marc,marc,20,0.35426246904846126,0.34701982378096197
20newsgroups_20class_smolm2,4,1,vacs,herding,20,0.35426246904846126,0.34701982378096197
20newsgroups_20class_smolm2,4,2,random,random,40,0.2490272373540856,0.23558848751652128
20newsgroups_20class_smolm2,4,2,herding,herding,40,0.38432967810399715,0.379079644157993
20newsgroups_20class_smolm2,4,2,kcenter,kcenter,40,0.35125574814290766,0.3440184259016702
20newsgroups_20class_smolm2,4,2,boundary,boundary,40,0.02794481782808631,0.013581896287601656
20newsgroups_20class_smolm2,4,2,kmeans,kmeans,40,0.3705341351255748,0.3659404029753536
20newsgroups_20class_smolm2,4,2,marc,marc,40,0.36116024053767243,0.3606266423354908
20newsgroups_20class_smolm2,4,2,vacs,herding,40,0.38432967810399715,0.379079644157993
20newsgroups_20class_smolm2,5,1,random,random,20,0.22214361513972408,0.22788018117984196
20newsgroups_20class_smolm2,5,1,herding,herding,20,0.38203042094092676,0.3751916358488998
20newsgroups_20class_smolm2,5,1,kcenter,kcenter,20,0.38203042094092676,0.3751916358488998
20newsgroups_20class_smolm2,5,1,boundary,boundary,20,0.036434382737884685,0.017469776429407106
20newsgroups_20class_smolm2,5,1,kmeans,kmeans,20,0.38203042094092676,0.3751916358488998
20newsgroups_20class_smolm2,5,1,marc,marc,20,0.38203042094092676,0.3751916358488998
20newsgroups_20class_smolm2,5,1,vacs,herding,20,0.38203042094092676,0.3751916358488998
20newsgroups_20class_smolm2,5,2,random,random,40,0.2453130527060488,0.24355592726695358
20newsgroups_20class_smolm2,5,2,herding,herding,40,0.39299610894941633,0.3844931177816764
20newsgroups_20class_smolm2,5,2,kcenter,kcenter,40,0.3749557835160948,0.3668953001660195
20newsgroups_20class_smolm2,5,2,boundary,boundary,40,0.04580827732578705,0.02106354635068122
20newsgroups_20class_smolm2,5,2,kmeans,kmeans,40,0.3837990802971348,0.37947320557114983
20newsgroups_20class_smolm2,5,2,marc,marc,40,0.37831623629288996,0.3758603014180367
20newsgroups_20class_smolm2,5,2,vacs,herding,40,0.39299610894941633,0.3844931177816764
20newsgroups_20class_smolm2,6,1,random,random,20,0.19561372479660416,0.19822772714884723
20newsgroups_20class_smolm2,6,1,herding,herding,20,0.37035726918995404,0.368296964701088
20newsgroups_20class_smolm2,6,1,kcenter,kcenter,20,0.37035726918995404,0.368296964701088
20newsgroups_20class_smolm2,6,1,boundary,boundary,20,0.02794481782808631,0.014709403852989583
20newsgroups_20class_smolm2,6,1,kmeans,kmeans,20,0.37035726918995404,0.368296964701088
20newsgroups_20class_smolm2,6,1,marc,marc,20,0.37035726918995404,0.368296964701088
20newsgroups_20class_smolm2,6,1,vacs,herding,20,0.37035726918995404,0.368296964701088
20newsgroups_20class_smolm2,6,2,random,random,40,0.24124513618677043,0.23404947550064673
20newsgroups_20class_smolm2,6,2,herding,herding,40,0.38963565617262114,0.38674992583383316
20newsgroups_20class_smolm2,6,2,kcenter,kcenter,40,0.36593562079943404,0.3648101282510457
20newsgroups_20class_smolm2,6,2,boundary,boundary,40,0.02493809692253272,0.0112907093544236
20newsgroups_20class_smolm2,6,2,kmeans,kmeans,40,0.3687654757693668,0.364435898641972
20newsgroups_20class_smolm2,6,2,marc,marc,40,0.3746020516448532,0.37186570029573185
20newsgroups_20class_smolm2,6,2,vacs,herding,40,0.38963565617262114,0.38674992583383316
20newsgroups_20class_smolm2,7,1,random,random,20,0.1862398302087018,0.18053792189106674
20newsgroups_20class_smolm2,7,1,herding,herding,20,0.3749557835160948,0.3712579705433304
20newsgroups_20class_smolm2,7,1,kcenter,kcenter,20,0.3749557835160948,0.3712579705433304
20newsgroups_20class_smolm2,7,1,boundary,boundary,20,0.025114962858153518,0.013774925196017546
20newsgroups_20class_smolm2,7,1,kmeans,kmeans,20,0.3749557835160948,0.3712579705433304
20newsgroups_20class_smolm2,7,1,marc,marc,20,0.3749557835160948,0.3712579705433304
20newsgroups_20class_smolm2,7,1,vacs,herding,20,0.3749557835160948,0.3712579705433304
20newsgroups_20class_smolm2,7,2,random,random,40,0.2507958967102936,0.24562422595709088
20newsgroups_20class_smolm2,7,2,herding,herding,40,0.3705341351255748,0.3652757346819974
20newsgroups_20class_smolm2,7,2,kcenter,kcenter,40,0.3708878669968164,0.36858028949100863
20newsgroups_20class_smolm2,7,2,boundary,boundary,40,0.02193137601697913,0.011613569994671679
20newsgroups_20class_smolm2,7,2,kmeans,kmeans,40,0.3852140077821012,0.3825292893097837
20newsgroups_20class_smolm2,7,2,marc,marc,40,0.38733639900955075,0.3888926139118794
20newsgroups_20class_smolm2,7,2,vacs,herding,40,0.3705341351255748,0.3652757346819974
