dataset,seed,budget_per_class,method,selector_detail,selected,seconds,accuracy,macro_f1
covertype_external,0,1,random,random,7,0.3840218000113964,0.3042239185750636,0.3019651329189502
covertype_external,0,1,herding,herding,7,0.1388401000003796,0.3889058524173028,0.37739916552161884
covertype_external,0,1,kcenter,kcenter,7,0.1492969999962952,0.3889058524173028,0.37739916552161884
covertype_external,0,1,boundary,boundary,7,0.1364097000041511,0.16661577608142494,0.14683410761810115
covertype_external,0,1,kmeans,kmeans,7,0.14551500001107343,0.3889058524173028,0.37739916552161884
covertype_external,0,1,marc,marc,7,0.1351448000059463,0.3889058524173028,0.37739916552161884
covertype_external,0,1,vacs_f,herding,7,0.7943736999877729,0.3889058524173028,0.37739916552161884
covertype_external,0,1,vacs_r,herding,7,3.9709154999873135,0.3889058524173028,0.37739916552161884
covertype_external,0,2,random,random,14,0.1418046000180766,0.41486005089058525,0.4022928812915412
covertype_external,0,2,herding,herding,14,0.14186919998610392,0.3901272264631043,0.3770172418916515
covertype_external,0,2,kcenter,kcenter,14,0.16918240001541562,0.3853435114503817,0.396565169638179
covertype_external,0,2,boundary,boundary,14,0.13187080001807772,0.1759796437659033,0.15335936861446917
covertype_external,0,2,kmeans,kmeans,14,0.45111069999984466,0.4674809160305344,0.46499758098183885
covertype_external,0,2,marc,marc,14,0.37101659999461845,0.48325699745547074,0.48298503488075134
covertype_external,0,2,vacs_f,marc,14,1.5160318999842275,0.48325699745547074,0.48298503488075134
covertype_external,0,2,vacs_r,marc,14,5.940933800011408,0.48325699745547074,0.48298503488075134
covertype_external,1,1,random,random,7,0.1443998000177089,0.2924173027989822,0.2912004564785041
covertype_external,1,1,herding,herding,7,0.15122739999787882,0.37201017811704834,0.36375766621818684
covertype_external,1,1,kcenter,kcenter,7,0.16158179999911226,0.37201017811704834,0.36375766621818684
covertype_external,1,1,boundary,boundary,7,0.1373256999941077,0.15847328244274808,0.13519760416841012
covertype_external,1,1,kmeans,kmeans,7,0.14151919999858364,0.37201017811704834,0.36375766621818684
covertype_external,1,1,marc,marc,7,0.1319849000137765,0.37201017811704834,0.36375766621818684
covertype_external,1,1,vacs_f,herding,7,0.913470800005598,0.37201017811704834,0.36375766621818684
covertype_external,1,1,vacs_r,herding,7,4.244571899995208,0.37201017811704834,0.36375766621818684
covertype_external,1,2,random,random,14,0.11939019997953437,0.3502290076335878,0.3475376905251815
covertype_external,1,2,herding,herding,14,0.14868520002346486,0.3835114503816794,0.37682885387335735
covertype_external,1,2,kcenter,kcenter,14,0.22437619999982417,0.3337404580152672,0.3331719595561524
covertype_external,1,2,boundary,boundary,14,0.17446859998744912,0.17241730279898218,0.15879529350575275
covertype_external,1,2,kmeans,kmeans,14,0.4462913000024855,0.48244274809160304,0.4772914033235775
covertype_external,1,2,marc,marc,14,0.45068730000639334,0.4991348600508906,0.4967801341489465
covertype_external,1,2,vacs_f,marc,14,1.454328899999382,0.4991348600508906,0.4967801341489465
covertype_external,1,2,vacs_r,marc,14,6.338130500022089,0.4991348600508906,0.4967801341489465
covertype_external,2,1,random,random,7,0.12494959999457933,0.3192875318066158,0.3040502951563277
covertype_external,2,1,herding,herding,7,0.1329381999967154,0.3934860050890585,0.3869404191491573
covertype_external,2,1,kcenter,kcenter,7,0.1466610000061337,0.3934860050890585,0.3869404191491573
covertype_external,2,1,boundary,boundary,7,0.1204818999976851,0.16804071246819338,0.1473681944677542
covertype_external,2,1,kmeans,kmeans,7,0.12716919998638332,0.3934860050890585,0.3869404191491573
covertype_external,2,1,marc,marc,7,0.1359626999765169,0.3934860050890585,0.3869404191491573
covertype_external,2,1,vacs_f,herding,7,1.2954604999977164,0.3934860050890585,0.3869404191491573
covertype_external,2,1,vacs_r,herding,7,4.094914899993455,0.3934860050890585,0.3869404191491573
covertype_external,2,2,random,random,14,0.12119179998990148,0.3532824427480916,0.3314060452168687
covertype_external,2,2,herding,herding,14,0.13040489997365512,0.3969465648854962,0.3896646098363648
covertype_external,2,2,kcenter,kcenter,14,0.1830632999772206,0.3385241730279898,0.3405993350224659
covertype_external,2,2,boundary,boundary,14,0.15105610000318848,0.18076335877862595,0.1665214132405797
covertype_external,2,2,kmeans,kmeans,14,0.4493975999939721,0.47898218829516537,0.47467159083388305
covertype_external,2,2,marc,marc,14,0.4164816999982577,0.48966921119592877,0.4885117125897719
covertype_external,2,2,vacs_f,marc,14,1.5736127000127453,0.48966921119592877,0.4885117125897719
covertype_external,2,2,vacs_r,marc,14,5.919369500014,0.48966921119592877,0.4885117125897719
covertype_external,3,1,random,random,7,0.1433928000042215,0.34961832061068704,0.3449351797661299
covertype_external,3,1,herding,herding,7,0.15124880001530983,0.39572519083969465,0.38734300257112025
covertype_external,3,1,kcenter,kcenter,7,0.19582689998787828,0.39572519083969465,0.38734300257112025
covertype_external,3,1,boundary,boundary,7,0.12071940000168979,0.17465648854961832,0.15752189309509304
covertype_external,3,1,kmeans,kmeans,7,0.15885189999244176,0.39572519083969465,0.38734300257112025
covertype_external,3,1,marc,marc,7,0.1574620000028517,0.39572519083969465,0.38734300257112025
covertype_external,3,1,vacs_f,herding,7,0.8279890000121668,0.39572519083969465,0.38734300257112025
covertype_external,3,1,vacs_r,herding,7,3.6830056000035256,0.39572519083969465,0.38734300257112025
covertype_external,3,2,random,random,14,0.13382620000629686,0.41557251908396947,0.41333302483338563
covertype_external,3,2,herding,herding,14,0.13246659998549148,0.3977608142493639,0.39044561338964384
covertype_external,3,2,kcenter,kcenter,14,0.17889509999076836,0.3710941475826972,0.3733575403740991
covertype_external,3,2,boundary,boundary,14,0.17614359999424778,0.17760814249363868,0.15039305591660285
covertype_external,3,2,kmeans,kmeans,14,0.4389097999955993,0.47908396946564885,0.47530900385851355
covertype_external,3,2,marc,marc,14,0.4546662000066135,0.5023918575063613,0.49963696567628746
covertype_external,3,2,vacs_f,marc,14,1.6785699000174645,0.5023918575063613,0.49963696567628746
covertype_external,3,2,vacs_r,marc,14,5.87420399999246,0.5023918575063613,0.49963696567628746
covertype_external,4,1,random,random,7,0.07883620000211522,0.3127735368956743,0.28812144301330056
covertype_external,4,1,herding,herding,7,0.12187220001942478,0.39979643765903305,0.38924788626822726
covertype_external,4,1,kcenter,kcenter,7,0.13776730000972748,0.39979643765903305,0.38924788626822726
covertype_external,4,1,boundary,boundary,7,0.11745700001483783,0.16977099236641222,0.14928939180780448
covertype_external,4,1,kmeans,kmeans,7,0.1324626999848988,0.39979643765903305,0.38924788626822726
covertype_external,4,1,marc,marc,7,0.11904779999167658,0.39979643765903305,0.38924788626822726
covertype_external,4,1,vacs_f,herding,7,0.9987931000068784,0.39979643765903305,0.38924788626822726
covertype_external,4,1,vacs_r,herding,7,3.8683369000209495,0.39979643765903305,0.38924788626822726
covertype_external,4,2,random,random,14,0.11809999999240972,0.33720101781170486,0.3481314731785609
covertype_external,4,2,herding,herding,14,0.12250160000985488,0.3977608142493639,0.39041113035923275
covertype_external,4,2,kcenter,kcenter,14,0.18446240000776015,0.4071246819338422,0.4125793293554879
covertype_external,4,2,boundary,boundary,14,0.15511210000840947,0.17251908396946564,0.1508174876421995
covertype_external,4,2,kmeans,kmeans,14,0.3321567000239156,0.47989821882951655,0.4776647471414828
covertype_external,4,2,marc,marc,14,0.3509059000061825,0.49486005089058527,0.4933926831020426
covertype_external,4,2,vacs_f,marc,14,1.3628434000129346,0.49486005089058527,0.4933926831020426
covertype_external,4,2,vacs_r,marc,14,5.787479599996004,0.49486005089058527,0.4933926831020426
covertype_external,5,1,random,random,7,0.13575540002784692,0.3614249363867684,0.3691660694573559
covertype_external,5,1,herding,herding,7,0.1486739999963902,0.39541984732824426,0.388487198716542
covertype_external,5,1,kcenter,kcenter,7,0.16107910001301207,0.39541984732824426,0.388487198716542
covertype_external,5,1,boundary,boundary,7,0.12141809999593534,0.17465648854961832,0.1596301553310839
covertype_external,5,1,kmeans,kmeans,7,0.14344250000431202,0.39541984732824426,0.388487198716542
covertype_external,5,1,marc,marc,7,0.5900304999959189,0.39541984732824426,0.388487198716542
covertype_external,5,1,vacs_f,herding,7,1.0682079999824055,0.39541984732824426,0.388487198716542
covertype_external,5,1,vacs_r,herding,7,4.239394899981562,0.39541984732824426,0.388487198716542
covertype_external,5,2,random,random,14,0.15524429999641143,0.3594910941475827,0.351202073744732
covertype_external,5,2,herding,herding,14,0.12795999998343177,0.39735368956743,0.3899435851672566
covertype_external,5,2,kcenter,kcenter,14,0.16074249998200685,0.38096692111959285,0.38488331223909916
covertype_external,5,2,boundary,boundary,14,0.1268718000210356,0.1830025445292621,0.16465815595823738
covertype_external,5,2,kmeans,kmeans,14,0.3629511999897659,0.47877862595419846,0.4743760205074635
covertype_external,5,2,marc,marc,14,0.5161520999972709,0.49201017811704834,0.49034254737755095
covertype_external,5,2,vacs_f,marc,14,1.6490147000004072,0.49201017811704834,0.49034254737755095
covertype_external,5,2,vacs_r,marc,14,5.611809099995298,0.49201017811704834,0.49034254737755095
covertype_external,6,1,random,random,7,0.11441249999916181,0.3094147582697201,0.3061522227167912
covertype_external,6,1,herding,herding,7,0.13574690002133138,0.38096692111959285,0.3688386040433002
covertype_external,6,1,kcenter,kcenter,7,0.15607580001233146,0.38096692111959285,0.3688386040433002
covertype_external,6,1,boundary,boundary,7,0.14611249999143183,0.17964376590330788,0.1628218693071862
covertype_external,6,1,kmeans,kmeans,7,0.1325508000154514,0.38096692111959285,0.3688386040433002
covertype_external,6,1,marc,marc,7,0.1438225000165403,0.38096692111959285,0.3688386040433002
covertype_external,6,1,vacs_f,herding,7,0.832022299990058,0.38096692111959285,0.3688386040433002
covertype_external,6,1,vacs_r,herding,7,3.5846550000132993,0.38096692111959285,0.3688386040433002
covertype_external,6,2,random,random,14,0.1585172000050079,0.4252417302798982,0.4258043140245336
covertype_external,6,2,herding,herding,14,0.15811799999210052,0.39643765903307887,0.38733247932152165
covertype_external,6,2,kcenter,kcenter,14,0.1919538000074681,0.406412213740458,0.40221061349854853
covertype_external,6,2,boundary,boundary,14,0.12116140002035536,0.18137404580152672,0.1556650134253794
covertype_external,6,2,kmeans,kmeans,14,0.3328406999935396,0.48325699745547074,0.47774900326295944
covertype_external,6,2,marc,marc,14,0.37839139997959137,0.4916030534351145,0.4879300849830422
covertype_external,6,2,vacs_f,marc,14,1.4055410999862943,0.4916030534351145,0.4879300849830422
covertype_external,6,2,vacs_r,marc,14,6.204347700026119,0.4916030534351145,0.4879300849830422
covertype_external,7,1,random,random,7,0.11565160000463948,0.3011704834605598,0.288388773707814
covertype_external,7,1,herding,herding,7,0.1262175000156276,0.380559796437659,0.3670724969109362
covertype_external,7,1,kcenter,kcenter,7,0.14274849998764694,0.380559796437659,0.3670724969109362
covertype_external,7,1,boundary,boundary,7,0.1222596000006888,0.1705852417302799,0.14980921682719833
covertype_external,7,1,kmeans,kmeans,7,0.127145800011931,0.380559796437659,0.3670724969109362
covertype_external,7,1,marc,marc,7,0.1234579999872949,0.380559796437659,0.3670724969109362
covertype_external,7,1,vacs_f,herding,7,0.9320644999970682,0.380559796437659,0.3670724969109362
covertype_external,7,1,vacs_r,herding,7,3.783740899991244,0.380559796437659,0.3670724969109362
covertype_external,7,2,random,random,14,0.18999139999505132,0.3517557251908397,0.3529583692534929
covertype_external,7,2,herding,herding,14,0.19145929999649525,0.3945038167938931,0.3838314869230683
covertype_external,7,2,kcenter,kcenter,14,0.19499910000013188,0.36844783715012724,0.3714624724529508
covertype_external,7,2,boundary,boundary,14,0.12939810001989827,0.18544529262086515,0.17085137140513387
covertype_external,7,2,kmeans,kmeans,14,0.36854500000481494,0.48040712468193386,0.4768717792258389
covertype_external,7,2,marc,marc,14,0.37376379998750053,0.4958778625954198,0.49316501185262684
covertype_external,7,2,vacs_f,marc,14,1.3847210000094492,0.4958778625954198,0.49316501185262684
covertype_external,7,2,vacs_r,marc,14,5.696357000007993,0.4958778625954198,0.49316501185262684
