dataset,seed,budget_per_class,learner,selector_detail,selected,candidate_selectors,validation_candidate_selection_sec,validation_candidate_evaluation_sec,validation_phase_sec,final_rebuild_sec,vacs_selection_total_sec,rebuild,validation_fraction
digits,0,1,knn3,herding,10,6,0.07906239997828379,0.07390819999272935,0.1530841000203509,0.013270600000396371,0.16635470002074726,True,0.25
digits,0,2,knn3,herding,20,6,0.10145619997638278,0.03361189996940084,0.13511420000577345,0.007182100001955405,0.14229630000772886,True,0.25
digits,1,1,knn3,herding,10,6,0.04215150000527501,0.03972779997275211,0.08192719999351539,0.009831000003032386,0.09175819999654777,True,0.25
digits,1,2,knn3,kmeans,20,6,0.09561479996773414,0.036701500008348376,0.132357199996477,0.04448509999201633,0.17684229998849332,True,0.25
digits,2,1,knn3,herding,10,6,0.04457709996495396,0.03496459999587387,0.07958150000195019,0.007420999987516552,0.08700249998946674,True,0.25
digits,2,2,knn3,kmeans,20,6,0.12013009996735491,0.052102900051977485,0.17228580001392402,0.03982980002183467,0.2121156000357587,True,0.25
digits,3,1,knn3,herding,10,6,0.048502599995117635,0.034093599941115826,0.08264099998632446,0.006457699986640364,0.08909869997296482,True,0.25
digits,3,2,knn3,kmeans,20,6,0.09556130005512387,0.044383900036336854,0.13999739999417216,0.06873460000497289,0.20873199999914505,True,0.25
digits,4,1,knn3,herding,10,6,0.03636420003022067,0.031299800029955804,0.06787489997805096,0.010452899994561449,0.07832779997261241,True,0.25
digits,4,2,knn3,herding,20,6,0.11934350000228733,0.05104909997317009,0.17045469998265617,0.008911700017051771,0.17936639999970794,True,0.25
digits,5,1,knn3,herding,10,6,0.03482970004552044,0.030528699950082228,0.06539520001388155,0.006851999991340563,0.07224720000522211,True,0.25
digits,5,2,knn3,kmeans,20,6,0.1252735999878496,0.05323990003671497,0.17857180000282824,0.07388679997529835,0.2524585999781266,True,0.25
digits,6,1,knn3,herding,10,6,0.06328330002725124,0.045296199939912185,0.10862609997275285,0.006765400001313537,0.11539149997406639,True,0.25
digits,6,2,knn3,herding,20,6,0.12357820002944209,0.05087509992881678,0.1745043999981135,0.00693840000894852,0.18144280000706203,True,0.25
digits,7,1,knn3,herding,10,6,0.05131789998267777,0.030617699958384037,0.08198040002025664,0.007519800012232736,0.08950020003248937,True,0.25
digits,7,2,knn3,herding,20,6,0.13724380001076497,0.049179500027094036,0.18648110001231544,0.01759870001114905,0.20407980002346449,True,0.25
iris,0,1,knn3,herding,3,6,0.026202900015050545,0.022572799935005605,0.04881030000979081,0.0009687999845482409,0.04977909999433905,True,0.25
iris,0,2,knn3,random,6,6,0.009124100033659488,0.021045500005129725,0.03019779999158345,0.0008054000209085643,0.031003200012492016,True,0.25
iris,1,1,knn3,herding,3,6,0.006358899991028011,0.02803200000198558,0.034427100006723776,0.0009514999983366579,0.035378600005060434,True,0.25
iris,1,2,knn3,random,6,6,0.010743699996965006,0.026808499940671027,0.03758529998594895,0.0008258000016212463,0.038411099987570196,True,0.25
iris,2,1,knn3,herding,3,6,0.010698200028855354,0.03981479999492876,0.05056730000069365,0.0019087000109720975,0.05247600001166575,True,0.25
iris,2,2,knn3,kmeans,6,6,0.02195289998780936,0.029420699953334406,0.05141129999537952,0.008638700004667044,0.060050000000046566,True,0.25
iris,3,1,knn3,herding,3,6,0.005844200029969215,0.032909899950027466,0.03878499998245388,0.00114229999599047,0.03992729997844435,True,0.25
iris,3,2,knn3,random,6,6,0.011551900010090321,0.020838100026594475,0.03241600000183098,0.0013953000016044825,0.03381130000343546,True,0.25
iris,4,1,knn3,boundary,3,6,0.006079799990402535,0.023387699999148026,0.029494999995222315,0.0017225999908987433,0.03121759998612106,True,0.25
iris,4,2,knn3,herding,6,6,0.012339900014922023,0.02476790003129281,0.03713809998589568,0.0010350999946240336,0.03817319998051971,True,0.25
iris,5,1,knn3,random,3,6,0.01267499997629784,0.04916289998800494,0.06189090001862496,0.002301799977431074,0.06419269999605604,True,0.25
iris,5,2,knn3,random,6,6,0.012168999994173646,0.02808410002035089,0.040285499999299645,0.0009011000220198184,0.041186600021319464,True,0.25
iris,6,1,knn3,herding,3,6,0.012718399986624718,0.06567810001433827,0.07846469999640249,0.002929999987827614,0.0813946999842301,True,0.25
iris,6,2,knn3,kmeans,6,6,0.012448599998606369,0.021135599963599816,0.03361129999393597,0.007726700016064569,0.04133800001000054,True,0.25
iris,7,1,knn3,herding,3,6,0.0054280999465845525,0.02461970003787428,0.030086499988101423,0.0012701000086963177,0.03135659999679774,True,0.25
iris,7,2,knn3,kmeans,6,6,0.010048800002550706,0.02216650001355447,0.03224880000925623,0.003334899985929951,0.03558369999518618,True,0.25
wine,0,1,knn3,herding,3,6,0.015363900020020083,0.061875400046119466,0.07736009999644011,0.002588500006822869,0.07994860000326298,True,0.25
wine,0,2,knn3,kmeans,6,6,0.01479250003467314,0.033646600000793114,0.048484799975994974,0.009244100016076118,0.05772889999207109,True,0.25
wine,1,1,knn3,herding,3,6,0.006355899997288361,0.021384900028351694,0.027773099980549887,0.0009855999960564077,0.028758699976606295,True,0.25
wine,1,2,knn3,kcenter,6,6,0.028404799988493323,0.03523539999150671,0.06368950000614859,0.004029199975775555,0.06771869998192415,True,0.25
wine,2,1,knn3,herding,3,6,0.008204199984902516,0.03900580000481568,0.04725130001315847,0.0019145999976899475,0.04916590001084842,True,0.25
wine,2,2,knn3,marc,6,6,0.012263999989954755,0.02800410002237186,0.04031420001410879,0.007848399982322007,0.0481625999964308,True,0.25
wine,3,1,knn3,herding,3,6,0.007329100015340373,0.026158399996347725,0.033524800004670396,0.0010266999888699502,0.03455149999354035,True,0.25
wine,3,2,knn3,herding,6,6,0.012991199968382716,0.037796599994180724,0.050830499996664,0.0028843999898526818,0.053714899986516684,True,0.25
wine,4,1,knn3,herding,3,6,0.00501809996785596,0.020777600060682744,0.025821699993684888,0.0009812000207602978,0.026802900014445186,True,0.25
wine,4,2,knn3,herding,6,6,0.010643099987646565,0.020964099967386574,0.0316408000071533,0.001092600025003776,0.03273340003215708,True,0.25
wine,5,1,knn3,herding,3,6,0.0057484999706503,0.020955099986167625,0.02673389998381026,0.0010805000201798975,0.02781440000399016,True,0.25
wine,5,2,knn3,kmeans,6,6,0.01730220002355054,0.040402700018603355,0.057758299983106554,0.012439799989806488,0.07019809997291304,True,0.25
wine,6,1,knn3,random,3,6,0.006225300079677254,0.023932899959618226,0.030190299992682412,0.0011349999986123294,0.03132529999129474,True,0.25
wine,6,2,knn3,herding,6,6,0.011259300023084506,0.020539899996947497,0.03183339998940937,0.001209600013680756,0.03304300000309013,True,0.25
wine,7,1,knn3,herding,3,6,0.008251199993537739,0.033369600016158074,0.04165699999430217,0.0009571000118739903,0.04261410000617616,True,0.25
wine,7,2,knn3,herding,6,6,0.011672699998598546,0.02607480000006035,0.0377806999895256,0.0009558000019751489,0.03873649999150075,True,0.25
breast_cancer,0,1,knn3,herding,2,6,0.029991900024469942,0.05420560002676211,0.08437140000751242,0.0017077999946195632,0.08607920000213198,True,0.25
breast_cancer,0,2,knn3,kmeans,4,6,0.04955769993830472,0.05099689998314716,0.10059829999227077,0.012504999991506338,0.1131032999837771,True,0.25
breast_cancer,1,1,knn3,herding,2,6,0.015771299949847162,0.031185199943138286,0.0470084999979008,0.0021204999939072877,0.04912899999180809,True,0.25
breast_cancer,1,2,knn3,kmeans,4,6,0.02986919996328652,0.026252999989083037,0.0561617000203114,0.011480699991807342,0.06764240001211874,True,0.25
breast_cancer,2,1,knn3,herding,2,6,0.027618200052529573,0.06119930004933849,0.08888429999933578,0.004004599992185831,0.09288889999152161,True,0.25
breast_cancer,2,2,knn3,marc,4,6,0.024506900022970513,0.028094399982364848,0.052639100002124906,0.015549900010228157,0.06818900001235306,True,0.25
breast_cancer,3,1,knn3,herding,2,6,0.009095199959119782,0.022171700024046004,0.031298400019295514,0.0023184999881777912,0.033616900007473305,True,0.25
breast_cancer,3,2,knn3,kmeans,4,6,0.034653699956834316,0.03027370001655072,0.0649723999958951,0.009682100004283711,0.07465450000017881,True,0.25
breast_cancer,4,1,knn3,herding,2,6,0.01123209999059327,0.02622620004694909,0.03749770001741126,0.0020862000237684697,0.03958390004117973,True,0.25
breast_cancer,4,2,knn3,kmeans,4,6,0.024200899992138147,0.0223680000344757,0.04659889999311417,0.0070223000075202435,0.05362120000063442,True,0.25
breast_cancer,5,1,knn3,herding,2,6,0.00966450004489161,0.024077300011413172,0.03377509998972528,0.002203699987148866,0.03597879997687414,True,0.25
breast_cancer,5,2,knn3,herding,4,6,0.027735400013625622,0.024730200035264716,0.05249520001234487,0.0023710000095888972,0.054866200021933764,True,0.25
breast_cancer,6,1,knn3,herding,2,6,0.010622500034514815,0.026743600028567016,0.03740040000411682,0.0020477999933063984,0.03944819999742322,True,0.25
breast_cancer,6,2,knn3,kmeans,4,6,0.036707600025692955,0.04539330000989139,0.08215210001799278,0.01781309998477809,0.09996520000277087,True,0.25
breast_cancer,7,1,knn3,herding,2,6,0.014502400008495897,0.0333884000137914,0.0479390999826137,0.00397069999598898,0.05190979997860268,True,0.25
breast_cancer,7,2,knn3,kmeans,4,6,0.05452899998635985,0.05103499995311722,0.10562430002028123,0.00991480000084266,0.11553910002112389,True,0.25
20newsgroups,0,1,knn3,boundary,20,6,3.599666700058151,0.6440695999772288,4.243818699993426,0.5034462999901734,4.747264999983599,True,0.25
20newsgroups,0,2,knn3,boundary,40,6,6.579712400009157,0.8010252000531182,7.380829400004586,0.4365908999752719,7.817420299979858,True,0.25
20newsgroups,1,1,knn3,random,20,6,3.5398190999985673,0.6346817000303417,4.174598400015384,0.43932850001147017,4.613926900026854,True,0.25
20newsgroups,1,2,knn3,boundary,40,6,6.796897499996703,0.8757763000321575,7.672750500001712,0.4857921999937389,8.15854269999545,True,0.25
20newsgroups,2,1,knn3,boundary,20,6,3.9172975000110455,0.7184647000103723,4.635914200014668,0.5493128999951296,5.185227100009797,True,0.25
20newsgroups,2,2,knn3,random,40,6,5.954949699953431,0.7561140000179876,6.711140600004001,0.496986799989827,7.208127399993828,True,0.25
20newsgroups,3,1,knn3,random,20,6,3.3906321999966167,0.6909448999504093,4.081648000021232,0.5566813000186812,4.6383293000399135,True,0.25
20newsgroups,3,2,knn3,boundary,40,6,5.259399300033692,0.7325388999888673,5.992008200002601,0.44027349998941645,6.432281699992018,True,0.25
20newsgroups,4,1,knn3,boundary,20,6,2.598878299992066,0.48611389996949583,3.085062199999811,0.3765150000108406,3.4615772000106517,True,0.25
20newsgroups,4,2,knn3,boundary,40,6,4.285904999997001,0.44014969997806475,4.726121799991233,0.31607840000651777,5.042200199997751,True,0.25
20newsgroups,5,1,knn3,random,20,6,2.0275495999958366,0.29608310002367944,2.323671399994055,0.2772720000066329,2.6009434000006877,True,0.25
20newsgroups,5,2,knn3,boundary,40,6,5.252719999989495,0.5591380999539979,5.81206509997719,0.3937028000073042,6.205767899984494,True,0.25
20newsgroups,6,1,knn3,boundary,20,6,2.2165916999801993,0.3280881999526173,2.5447296999918763,0.283048500015866,2.8277782000077423,True,0.25
20newsgroups,6,2,knn3,random,40,6,3.4789586000260897,0.34349280007882044,3.8224961000087205,0.2652603999886196,4.08775649999734,True,0.25
20newsgroups,7,1,knn3,random,20,6,3.34468730003573,0.6811306000163313,4.025915500009432,0.7539590000233147,4.779874500032747,True,0.25
20newsgroups,7,2,knn3,random,40,6,3.898334200057434,0.3687140999827534,4.267101200006437,0.28440939998836257,4.551510599994799,True,0.25
