dataset,budget_per_class,method,accuracy_mean,accuracy_std,macro_f1_mean,macro_f1_std,selected_mean
20newsgroups,1,badge,0.049190838344534846,0.002925266181797743,0.044850096119464285,0.004699844320551782,20.0
20newsgroups,1,boundary,0.07085691545808277,0.0068224923206306205,0.06832432446704419,0.006543727279827304,20.0
20newsgroups,1,herding,0.04978776087725504,0.004554573803607949,0.004741074050014132,0.0004151750502718515,20.0
20newsgroups,1,kcenter,0.050937389458790235,0.0034593974597594236,0.00484594461102498,0.00031535383714201536,20.0
20newsgroups,1,kmeans,0.050937389458790235,0.0034593974597594236,0.00484594461102498,0.00031535383714201536,20.0
20newsgroups,1,marc,0.050937389458790235,0.0034593974597594236,0.00484594461102498,0.00031535383714201536,20.0
20newsgroups,1,random,0.13731429076759816,0.055916649756925674,0.12106589995440473,0.07430758883444714,20.0
20newsgroups,1,vacs,0.10134418111071808,0.05177491605623114,0.0917452249622111,0.05877888075729945,20.0
20newsgroups,2,badge,0.04963300318358684,0.004599425289836649,0.04764043883996943,0.004909783973975102,40.0
20newsgroups,2,boundary,0.07740095507605235,0.004679373123490305,0.07582250694253026,0.004943810553359038,40.0
20newsgroups,2,herding,0.052418641669614435,0.0005899214743600244,0.00498075237986141,5.330076922109434e-05,40.0
20newsgroups,2,kcenter,0.052462858153519636,0.0028813991335350235,0.00790656644848459,0.001663596589677258,40.0
20newsgroups,2,kmeans,0.052418641669614435,0.003320907317259577,0.007737061903678164,0.0017095572626712452,40.0
20newsgroups,2,marc,0.05239653342766183,0.0033098714333506633,0.0076948005603535,0.0016983032780926175,40.0
20newsgroups,2,random,0.10554474708171206,0.07007761316261187,0.083074803827584,0.07969066633767828,40.0
20newsgroups,2,vacs,0.09172709586133711,0.04911552679269125,0.08093933115644351,0.052883695028538694,40.0
20newsgroups,4,badge,0.05025203395825964,0.0044185521525837886,0.04940306666539771,0.004087653609713677,80.0
20newsgroups,4,boundary,0.07956756278740715,0.0038441831014692433,0.07896221438188737,0.004112543983107481,80.0
20newsgroups,4,herding,0.05239653342766183,0.0005884994036511241,0.00497875638737939,5.317138534360455e-05,80.0
20newsgroups,4,kcenter,0.05533692960735762,0.0032891324211538,0.013559968864877979,0.0030674691185754526,80.0
20newsgroups,4,kmeans,0.054342058719490625,0.002690206712633862,0.01149582219922791,0.0024697115719397303,80.0
20newsgroups,4,marc,0.05496108949416342,0.002971212358762894,0.012669766733437638,0.002546223099925364,80.0
20newsgroups,4,random,0.07963388751326494,0.06634939827791275,0.044011076752062235,0.07848603204914897,80.0
20newsgroups,4,vacs,0.09192607003891051,0.06288258283208101,0.08173086014793478,0.0706072759406297,80.0
20newsgroups,8,badge,0.05721613017332862,0.003915094379409031,0.0561219924171463,0.0041152165053876255,160.0
20newsgroups,8,boundary,0.08644322603466573,0.004910333892807643,0.08672381641215687,0.0043848194522938125,160.0
20newsgroups,8,herding,0.05226388397594623,0.0006684904015019934,0.005046866888572494,0.00020446985488694895,160.0
20newsgroups,8,kcenter,0.05989122744959321,0.003977307224618105,0.02255458450957629,0.003969438799680322,160.0
20newsgroups,8,kmeans,0.058586841174389816,0.003416175635465958,0.019868778559506278,0.0026786964396093354,160.0
20newsgroups,8,marc,0.058962681287584015,0.0033623638482928,0.020624826013234645,0.002817392044208977,160.0
20newsgroups,8,random,0.05427573399363283,0.004466834154670074,0.014958064692416052,0.002581895666811312,160.0
20newsgroups,8,vacs,0.08644322603466573,0.004910333892807643,0.08672381641215687,0.0043848194522938125,160.0
breast_cancer,1,badge,0.4327485380116959,0.09532599382186074,0.4258833476278692,0.08884443848276224,2.0
breast_cancer,1,boundary,0.18567251461988304,0.05492541545054801,0.1832672418099025,0.055784358212275495,2.0
breast_cancer,1,herding,0.9276315789473684,0.023378755754312038,0.9231138735708903,0.024725256479313937,2.0
breast_cancer,1,kcenter,0.9276315789473684,0.023378755754312038,0.9231138735708903,0.024725256479313937,2.0
breast_cancer,1,kmeans,0.9276315789473684,0.023378755754312038,0.9231138735708903,0.024725256479313937,2.0
breast_cancer,1,marc,0.9276315789473684,0.023378755754312038,0.9231138735708903,0.024725256479313937,2.0
breast_cancer,1,random,0.8516081871345029,0.10526025708432238,0.8463540395311389,0.1044394532908033,2.0
breast_cancer,1,vacs,0.9276315789473684,0.023378755754312038,0.9231138735708903,0.024725256479313937,2.0
breast_cancer,2,badge,0.4137426900584795,0.09824113845874508,0.40105321861028514,0.08937195545663845,4.0
breast_cancer,2,boundary,0.19005847953216373,0.06451707460754494,0.18642156707731292,0.06453039673312104,4.0
breast_cancer,2,herding,0.9232456140350878,0.019877511639648248,0.9184778938298028,0.020891945812196208,4.0
breast_cancer,2,kcenter,0.8435672514619883,0.037084640149420235,0.8369243411508707,0.037549124023062666,4.0
breast_cancer,2,kmeans,0.9429824561403508,0.0176133405533066,0.9400614917348931,0.01828449649512585,4.0
breast_cancer,2,marc,0.9210526315789473,0.021881037349555217,0.9164605431380174,0.02256783207446558,4.0
breast_cancer,2,random,0.9239766081871345,0.04146925194984414,0.9199993630388696,0.04154054187538774,4.0
breast_cancer,2,vacs,0.9400584795321637,0.015233569364085583,0.9367936429411942,0.01575325169214877,4.0
breast_cancer,4,badge,0.3969298245614035,0.10477178079518805,0.39434012131735674,0.10308312591494072,8.0
breast_cancer,4,boundary,0.26608187134502925,0.05503648819381989,0.2643493093435687,0.05512432853848883,8.0
breast_cancer,4,herding,0.9254385964912281,0.01868993928253728,0.920731991065316,0.019603928531286542,8.0
breast_cancer,4,kcenter,0.7631578947368421,0.058479532163742694,0.7564506991113125,0.058263178680709356,8.0
breast_cancer,4,kmeans,0.942251461988304,0.016072375110752716,0.938957542364112,0.01663908112466973,8.0
breast_cancer,4,marc,0.9349415204678362,0.016072375110752688,0.9310029901426364,0.016842145135758924,8.0
breast_cancer,4,random,0.9261695906432748,0.02863834274512048,0.9220866749319926,0.029778377977219335,8.0
breast_cancer,4,vacs,0.9378654970760234,0.020482749072590574,0.9340501775117994,0.021513803055601768,8.0
breast_cancer,8,badge,0.5211988304093567,0.050831320123739566,0.5130188053964623,0.045184557058942365,16.0
breast_cancer,8,boundary,0.2982456140350877,0.05485866385758397,0.29718154886716586,0.055154108180153295,16.0
breast_cancer,8,herding,0.9247076023391813,0.018075352149890464,0.9198181658831754,0.0188836298517337,16.0
breast_cancer,8,kcenter,0.8464912280701754,0.023129270175283417,0.8413313637346929,0.0216661058822621,16.0
breast_cancer,8,kmeans,0.942251461988304,0.021301210444282584,0.9390909690059055,0.021626708375727933,16.0
breast_cancer,8,marc,0.9385964912280702,0.009884845084544083,0.9351351979541166,0.010558372758463533,16.0
breast_cancer,8,random,0.9276315789473684,0.02595360151633759,0.923614168974141,0.02712616783948773,16.0
breast_cancer,8,vacs,0.9429824561403508,0.013169492707129868,0.9398707306196226,0.013523724564602945,16.0
digits,1,badge,0.20694444444444446,0.029309614428415585,0.18690412055782246,0.03168118172719163,10.0
digits,1,boundary,0.1928240740740741,0.02784713563300475,0.1799359577148886,0.025972771799137404,10.0
digits,1,herding,0.8143518518518519,0.01835242979565029,0.8084510278977808,0.019530079385647835,10.0
digits,1,kcenter,0.8143518518518519,0.01835242979565029,0.8084510278977808,0.019530079385647835,10.0
digits,1,kmeans,0.8143518518518519,0.01835242979565029,0.8084510278977808,0.019530079385647835,10.0
digits,1,marc,0.8143518518518519,0.01835242979565029,0.8084510278977808,0.019530079385647835,10.0
digits,1,random,0.6287037037037038,0.06685012968805827,0.6115984781086832,0.07694935346132657,10.0
digits,1,vacs,0.8143518518518519,0.01835242979565029,0.8084510278977808,0.019530079385647835,10.0
digits,2,badge,0.3,0.045511873064609285,0.279208735378397,0.04093253211610614,20.0
digits,2,boundary,0.23726851851851852,0.01704271529483524,0.22340157754143444,0.016173935266161576,20.0
digits,2,herding,0.8284722222222223,0.015236636926838236,0.824338870389894,0.01593498890508821,20.0
digits,2,kcenter,0.7712962962962963,0.0208575696766424,0.7654695413256999,0.02174445019453409,20.0
digits,2,kmeans,0.8344907407407407,0.014746452723310474,0.8317438898492767,0.014115561331130242,20.0
digits,2,marc,0.8321759259259259,0.016620674342476823,0.8299025444393012,0.016494846823414122,20.0
digits,2,random,0.7150462962962963,0.041790673785449976,0.7069738511743515,0.04739183724379371,20.0
digits,2,vacs,0.8321759259259259,0.013533821156966714,0.8295368097686694,0.012828411667750651,20.0
digits,4,badge,0.42800925925925926,0.022054870290866203,0.40778786109248466,0.025829529592261452,40.0
digits,4,boundary,0.33032407407407405,0.021458149617085386,0.3167130427231034,0.022038756469633883,40.0
digits,4,herding,0.8368055555555556,0.012221320313043238,0.832665834725523,0.011353615539989054,40.0
digits,4,kcenter,0.7861111111111111,0.0195731442466602,0.7813431589114275,0.01970951395507511,40.0
digits,4,kmeans,0.8706018518518519,0.011477107034904442,0.8689274008658253,0.011029235737675088,40.0
digits,4,marc,0.8780092592592592,0.015570586716110299,0.8767619593405531,0.015611401705909855,40.0
digits,4,random,0.7831018518518519,0.03522606230353467,0.7771635226335708,0.03442417785266933,40.0
digits,4,vacs,0.8768518518518519,0.01784489095665612,0.8753322876944091,0.017896347423075384,40.0
digits,8,badge,0.5868055555555556,0.02689856363911536,0.5756079273382241,0.029149086555985734,80.0
digits,8,boundary,0.4479166666666667,0.016517186816085255,0.43529414825514656,0.017311557977310134,80.0
digits,8,herding,0.8564814814814815,0.012559870339120904,0.8544122155369043,0.01254589874412451,80.0
digits,8,kcenter,0.8245370370370371,0.027067642313933406,0.8182052270703434,0.027512670364001634,80.0
digits,8,kmeans,0.8969907407407407,0.011326721971049043,0.8957064881615148,0.011183756019373279,80.0
digits,8,marc,0.8916666666666666,0.01244230266275646,0.8904916912838653,0.01231632863954941,80.0
digits,8,random,0.8483796296296297,0.012261341117048874,0.8463409376460741,0.012837192149419913,80.0
digits,8,vacs,0.8946759259259259,0.009465300139009675,0.8934270510525425,0.009148224236007061,80.0
iris,1,badge,0.5722222222222222,0.0658682346706236,0.547292801382947,0.07281068167581113,3.0
iris,1,boundary,0.5194444444444444,0.05563486402641868,0.512349787604019,0.051984673908780706,3.0
iris,1,herding,0.8,0.04897539244616354,0.7992171207769557,0.049428757036242776,3.0
iris,1,kcenter,0.8,0.04897539244616354,0.7992171207769557,0.049428757036242776,3.0
iris,1,kmeans,0.8,0.04897539244616354,0.7992171207769557,0.049428757036242776,3.0
iris,1,marc,0.8,0.04897539244616354,0.7992171207769557,0.049428757036242776,3.0
iris,1,random,0.7694444444444445,0.11202009142039754,0.751640169416936,0.12291370526530365,3.0
iris,1,vacs,0.7583333333333333,0.11904232792474494,0.7563151352308762,0.1216109711985042,3.0
iris,2,badge,0.5527777777777778,0.08764003659349622,0.5345787967075645,0.08995422842477534,6.0
iris,2,boundary,0.525,0.0556348640264187,0.5163850814601785,0.05321532930836448,6.0
iris,2,herding,0.8138888888888889,0.041040264996342564,0.8127207045972995,0.04128449777971086,6.0
iris,2,kcenter,0.6805555555555556,0.02639410975923159,0.6496316093460208,0.043411008649945765,6.0
iris,2,kmeans,0.7916666666666666,0.0627837474335432,0.784407262656686,0.06758645743900642,6.0
iris,2,marc,0.8138888888888889,0.044345127126028554,0.8106890288481422,0.045577913432269745,6.0
iris,2,random,0.7527777777777778,0.0931044055622343,0.7362380998764307,0.11240186638216015,6.0
iris,2,vacs,0.7694444444444445,0.09119044165388163,0.7643818641871625,0.09672778690850899,6.0
iris,4,badge,0.6555555555555556,0.10286889997472796,0.6360148291750325,0.1009463666752033,12.0
iris,4,boundary,0.5555555555555556,0.06823550876255455,0.5427066009312214,0.06815199513226734,12.0
iris,4,herding,0.8083333333333333,0.047420219829490975,0.8073029373287762,0.048094329477724414,12.0
iris,4,kcenter,0.7972222222222223,0.08435877023998226,0.7761810657063419,0.10288507870741252,12.0
iris,4,kmeans,0.8277777777777777,0.051434449987363975,0.8211500919834254,0.05848870671192558,12.0
iris,4,marc,0.8277777777777778,0.04861394549559859,0.8263082978259495,0.04867411907123207,12.0
iris,4,random,0.8166666666666667,0.06027567474935722,0.8104320782189598,0.0636763247053649,12.0
iris,4,vacs,0.8194444444444444,0.04815832208342243,0.8181733291209506,0.049032382112287956,12.0
iris,8,badge,0.7194444444444444,0.059317101400173954,0.7076892640854792,0.06534847977513288,24.0
iris,8,boundary,0.5583333333333333,0.05990880783100198,0.5466493803971516,0.053469263716919915,24.0
iris,8,herding,0.8305555555555555,0.033465347051282554,0.8297464110405437,0.03370557960948146,24.0
iris,8,kcenter,0.8388888888888889,0.0602756747493572,0.8334003966501191,0.06514422002587511,24.0
iris,8,kmeans,0.8166666666666667,0.03513641844631536,0.8113802743370787,0.040102363818391606,24.0
iris,8,marc,0.8194444444444444,0.03013783737467859,0.8151301150460593,0.03401151289738916,24.0
iris,8,random,0.8083333333333333,0.03744484480027127,0.8054353558300413,0.040585669041995655,24.0
iris,8,vacs,0.8138888888888889,0.0410402649963425,0.8099971474587372,0.04470826527745687,24.0
wine,1,badge,0.6134259259259259,0.11896307991850187,0.5949368241469679,0.12308781756579568,3.0
wine,1,boundary,0.5462962962962963,0.07856742013183862,0.5290656391467263,0.08529639085108505,3.0
wine,1,herding,0.9259259259259259,0.0342896333249093,0.9262568818234449,0.034533981019725574,3.0
wine,1,kcenter,0.9259259259259259,0.0342896333249093,0.9262568818234449,0.034533981019725574,3.0
wine,1,kmeans,0.9259259259259259,0.0342896333249093,0.9262568818234449,0.034533981019725574,3.0
wine,1,marc,0.9259259259259259,0.0342896333249093,0.9262568818234449,0.034533981019725574,3.0
wine,1,random,0.8634259259259259,0.03951684985790913,0.8622615904029753,0.04097919659190238,3.0
wine,1,vacs,0.9189814814814815,0.04307581875114757,0.9193077889368519,0.04314240513943902,3.0
wine,2,badge,0.7013888888888888,0.04250335717740643,0.6909523587324595,0.04411144811814405,6.0
wine,2,boundary,0.6736111111111112,0.02959240386401731,0.6512157662258857,0.033414068881708225,6.0
wine,2,herding,0.9236111111111112,0.025114864478898838,0.924356448625836,0.026624997769607483,6.0
wine,2,kcenter,0.8634259259259259,0.03273642505493276,0.8626286877592992,0.03314730431708094,6.0
wine,2,kmeans,0.8888888888888888,0.03568978191331226,0.887502181009463,0.0374466917751139,6.0
wine,2,marc,0.9166666666666666,0.029695693545824985,0.9173021458913861,0.029862483604086963,6.0
wine,2,random,0.8449074074074074,0.06015974228183508,0.840539479199625,0.06782358960125376,6.0
wine,2,vacs,0.9074074074074074,0.019797129030549983,0.9074116098568685,0.02062200204722387,6.0
wine,4,badge,0.7824074074074074,0.062408074667118764,0.7752531726271715,0.07015232113120715,12.0
wine,4,boundary,0.7407407407407407,0.0602106173372542,0.7326353931303187,0.06914817678327705,12.0
wine,4,herding,0.9212962962962963,0.03245461414387644,0.921227135047606,0.033818878379030165,12.0
wine,4,kcenter,0.8564814814814815,0.03393056967825573,0.8558747933521926,0.035669932154271965,12.0
wine,4,kmeans,0.9189814814814815,0.031204037333559358,0.9203859062385166,0.03142266701251542,12.0
wine,4,marc,0.9305555555555556,0.033930569678255716,0.9309408788111969,0.034220097279111114,12.0
wine,4,random,0.9004629629629629,0.06924574748656802,0.9005880431749516,0.07290378196671476,12.0
wine,4,vacs,0.8981481481481481,0.06928995160692485,0.8977718677468873,0.07291748287781019,12.0
wine,8,badge,0.8449074074074074,0.05505728938695079,0.8441771971684001,0.05990034819842324,24.0
wine,8,boundary,0.8449074074074074,0.06176696325984415,0.8457089287040906,0.06422418700605644,24.0
wine,8,herding,0.9212962962962963,0.023735923868950192,0.9212613283288593,0.023902339527285123,24.0
wine,8,kcenter,0.9097222222222222,0.04133465606349137,0.9101104524641687,0.04079394812670653,24.0
wine,8,kmeans,0.9212962962962963,0.027556437375660894,0.9217408632889735,0.02720053495738086,24.0
wine,8,marc,0.9305555555555556,0.016414912230146624,0.9310001407306161,0.016350592116848545,24.0
wine,8,random,0.9097222222222222,0.03628536170461692,0.9099779677420932,0.035775579178396286,24.0
wine,8,vacs,0.9189814814814815,0.03560388580342532,0.9200307429933269,0.03413364107658728,24.0
