protocol,seed,budget_per_class,selector,validation_accuracy,validation_macro_f1,validation_repeats,validation_rank,test_accuracy,test_macro_f1,test_rank,validation_top,test_top,selected_by_protocol
VACS-F,0,1,boundary,0.0800485142511,0.0760481359122,1,1,0.0804740007075,0.0759268226117,1,boundary,boundary,True
VACS-F,0,1,herding,0.0527592480291,0.00501152073733,1,2,0.0511142553944,0.00486286387346,3,boundary,boundary,False
VACS-F,0,1,random,0.05245603396,0.00566742106888,1,3,0.0534135125575,0.00667399712022,2,boundary,boundary,False
VACS-F,0,1,kcenter,0.0424499696786,0.00407213496219,1,4,0.0511142553944,0.00486286387346,4,boundary,boundary,False
VACS-F,0,1,kmeans,0.0424499696786,0.00407213496219,1,5,0.0511142553944,0.00486286387346,5,boundary,boundary,False
VACS-F,0,1,marc,0.0424499696786,0.00407213496219,1,6,0.0511142553944,0.00486286387346,6,boundary,boundary,False
VACS-F,0,2,boundary,0.0876288659794,0.0840297025901,1,1,0.0825963919349,0.0794772324207,1,boundary,boundary,True
VACS-F,0,2,random,0.0715585203153,0.0398638204282,1,2,0.0774672798019,0.0548750086392,2,boundary,boundary,False
VACS-F,0,2,kcenter,0.0518496058217,0.0067273532354,1,3,0.0528829147506,0.00890574301787,3,boundary,boundary,False
VACS-F,0,2,kmeans,0.0518496058217,0.0067273532354,1,4,0.052706048815,0.00855749101838,4,boundary,boundary,False
VACS-F,0,2,marc,0.0518496058217,0.0067273532354,1,5,0.052706048815,0.00855749101838,5,boundary,boundary,False
VACS-F,0,2,herding,0.0509399636143,0.00484708597807,1,6,0.0511142553944,0.00486286387346,6,boundary,boundary,False
VACS-F,1,1,random,0.17828987265,0.177746870823,1,1,0.0530597806862,0.00536503784997,2,random,boundary,True
VACS-F,1,1,boundary,0.0703456640388,0.0666371782225,1,2,0.0650866643085,0.0618937938295,1,random,boundary,False
VACS-F,1,1,herding,0.0424499696786,0.00407213496219,1,3,0.0525291828794,0.00499075785582,3,random,boundary,False
VACS-F,1,1,kcenter,0.0424499696786,0.00407213496219,1,4,0.0525291828794,0.00499075785582,4,random,boundary,False
VACS-F,1,1,kmeans,0.0424499696786,0.00407213496219,1,5,0.0525291828794,0.00499075785582,5,random,boundary,False
VACS-F,1,1,marc,0.0424499696786,0.00407213496219,1,6,0.0525291828794,0.00499075785582,6,random,boundary,False
VACS-F,1,2,boundary,0.0800485142511,0.0788716591491,1,1,0.0741068270251,0.0721358700325,2,boundary,random,True
VACS-F,1,2,random,0.0800485142511,0.0614873648671,1,2,0.223027944818,0.214657224472,1,boundary,random,False
VACS-F,1,2,kcenter,0.054881746513,0.00960580631496,1,3,0.0551821719137,0.0100155954425,5,boundary,random,False
VACS-F,1,2,kmeans,0.054881746513,0.00958964528916,1,4,0.0557127697206,0.0109234691928,3,boundary,random,False
VACS-F,1,2,marc,0.054881746513,0.00958964528916,1,5,0.0557127697206,0.0109234691928,4,boundary,random,False
VACS-F,1,2,herding,0.0530624620982,0.00503887129283,1,6,0.0525291828794,0.00499075785582,6,boundary,random,False
VACS-F,2,1,boundary,0.0633717404488,0.0630384981113,1,1,0.0619030774673,0.060525976455,2,boundary,random,True
VACS-F,2,1,random,0.0530624620982,0.00611840947745,1,2,0.151397240891,0.149499788684,1,boundary,random,False
VACS-F,2,1,kcenter,0.0527592480291,0.00501152073733,1,3,0.0521754510081,0.00495881660783,4,boundary,random,False
VACS-F,2,1,kmeans,0.0527592480291,0.00501152073733,1,4,0.0521754510081,0.00495881660783,5,boundary,random,False
VACS-F,2,1,marc,0.0527592480291,0.00501152073733,1,5,0.0521754510081,0.00495881660783,6,boundary,random,False
VACS-F,2,1,herding,0.0521528198908,0.00495677233429,1,6,0.0525291828794,0.00499075785582,3,boundary,random,False
VACS-F,2,2,random,0.210733778047,0.205778029498,1,1,0.0693314467634,0.0369756759546,2,random,boundary,True
VACS-F,2,2,boundary,0.0676167374166,0.0672422644772,1,2,0.079766536965,0.0790888331579,1,random,boundary,False
VACS-F,2,2,kcenter,0.0539721043056,0.00938657705614,1,3,0.0534135125575,0.0074966159779,5,random,boundary,False
VACS-F,2,2,marc,0.0539721043056,0.00857089547622,1,4,0.0535903784931,0.00783189308571,4,random,boundary,False
VACS-F,2,2,kmeans,0.0533656761674,0.00742516320423,1,5,0.0535903784931,0.00783189308571,3,random,boundary,False
VACS-F,2,2,herding,0.0527592480291,0.00501152073733,1,6,0.0521754510081,0.00495881660783,6,random,boundary,False
VACS-F,3,1,random,0.156155245603,0.156583607312,1,1,0.134418111072,0.124896486408,1,random,random,True
VACS-F,3,1,boundary,0.061552456034,0.0579978223593,1,2,0.0702157764415,0.0680324327086,2,random,random,False
VACS-F,3,1,herding,0.0527592480291,0.00501152073733,1,3,0.042447824549,0.00407193756362,3,random,random,False
VACS-F,3,1,kcenter,0.0527592480291,0.00501152073733,1,4,0.042447824549,0.00407193756362,4,random,random,False
VACS-F,3,1,kmeans,0.0527592480291,0.00501152073733,1,5,0.042447824549,0.00407193756362,5,random,random,False
VACS-F,3,1,marc,0.0527592480291,0.00501152073733,1,6,0.042447824549,0.00407193756362,6,random,random,False
VACS-F,3,2,boundary,0.0833838690115,0.0787062565652,1,1,0.0755217545101,0.0756245209123,1,boundary,boundary,True
VACS-F,3,2,kmeans,0.0545785324439,0.0089555635138,1,2,0.0445702157764,0.00824802246776,5,boundary,boundary,False
VACS-F,3,2,marc,0.0545785324439,0.0089555635138,1,3,0.0445702157764,0.00824802246776,6,boundary,boundary,False
VACS-F,3,2,kcenter,0.0536688902365,0.00726875901876,1,4,0.0456314113902,0.0102061167526,4,boundary,boundary,False
VACS-F,3,2,random,0.0527592480291,0.00501152073733,1,5,0.0535903784931,0.00742556400219,2,boundary,boundary,False
VACS-F,3,2,herding,0.0521528198908,0.00495677233429,1,6,0.0525291828794,0.00499075785582,3,boundary,boundary,False
VACS-F,4,1,boundary,0.0624620982414,0.0593156521571,1,1,0.066678457729,0.0624493634718,2,boundary,random,True
VACS-F,4,1,random,0.0521528198908,0.00727947595318,1,2,0.1623629289,0.155270613407,1,boundary,random,False
VACS-F,4,1,herding,0.0515463917526,0.00490196078431,1,3,0.0525291828794,0.00499075785582,3,boundary,random,False
VACS-F,4,1,kcenter,0.0515463917526,0.00490196078431,1,4,0.0521754510081,0.00495881660783,4,boundary,random,False
VACS-F,4,1,kmeans,0.0515463917526,0.00490196078431,1,5,0.0521754510081,0.00495881660783,5,boundary,random,False
VACS-F,4,1,marc,0.0515463917526,0.00490196078431,1,6,0.0521754510081,0.00495881660783,6,boundary,random,False
VACS-F,4,2,boundary,0.0758035172832,0.0732711680334,1,1,0.0739299610895,0.070863053268,2,boundary,random,True
VACS-F,4,2,kcenter,0.0527592480291,0.00555845653338,1,2,0.0532366466219,0.00697461558503,5,boundary,random,False
VACS-F,4,2,kmeans,0.0527592480291,0.00555845653338,1,3,0.0539441103643,0.00828758697551,3,boundary,random,False
VACS-F,4,2,marc,0.0527592480291,0.00555845653338,1,4,0.0537672444287,0.00795034265036,4,boundary,random,False
VACS-F,4,2,random,0.05245603396,0.00552962978215,1,5,0.0864874425186,0.0660860611035,1,boundary,random,False
VACS-F,4,2,herding,0.05245603396,0.00498415442236,1,6,0.0525291828794,0.00499075785582,6,boundary,random,False
VACS-F,5,1,random,0.16434202547,0.159996652427,1,1,0.192076406084,0.191290291564,1,random,random,True
VACS-F,5,1,boundary,0.0785324439054,0.0727216879309,1,2,0.0795896710294,0.0763372682772,2,random,random,False
VACS-F,5,1,herding,0.0521528198908,0.00495677233429,1,3,0.0523523169438,0.00497478991597,3,random,random,False
VACS-F,5,1,kcenter,0.0521528198908,0.00495677233429,1,4,0.0521754510081,0.00495881660783,4,random,random,False
VACS-F,5,1,kmeans,0.0521528198908,0.00495677233429,1,5,0.0521754510081,0.00495881660783,5,random,random,False
VACS-F,5,1,marc,0.0521528198908,0.00495677233429,1,6,0.0521754510081,0.00495881660783,6,random,random,False
VACS-F,5,2,boundary,0.0900545785324,0.087051521007,1,1,0.0813583303856,0.0780237043317,1,boundary,boundary,True
VACS-F,5,2,random,0.0542753183748,0.00852176326955,1,2,0.0574814290768,0.0501643041172,2,boundary,boundary,False
VACS-F,5,2,kcenter,0.0530624620982,0.00687462522096,1,3,0.0528829147506,0.00635942253185,4,boundary,boundary,False
VACS-F,5,2,kmeans,0.0530624620982,0.00687462522096,1,4,0.052706048815,0.00601812560352,5,boundary,boundary,False
VACS-F,5,2,marc,0.0530624620982,0.00687462522096,1,5,0.052706048815,0.00601812560352,6,boundary,boundary,False
VACS-F,5,2,herding,0.0521528198908,0.00495677233429,1,6,0.0530597806862,0.00503862949278,3,boundary,boundary,False
VACS-F,6,1,boundary,0.0742874469375,0.0709709982847,1,1,0.0679165192784,0.0668709412971,2,boundary,random,True
VACS-F,6,1,herding,0.05245603396,0.00498415442236,1,2,0.042447824549,0.00407193756362,6,boundary,random,False
VACS-F,6,1,kcenter,0.05245603396,0.00498415442236,1,3,0.0525291828794,0.00499075785582,3,boundary,random,False
VACS-F,6,1,kmeans,0.05245603396,0.00498415442236,1,4,0.0525291828794,0.00499075785582,4,boundary,random,False
VACS-F,6,1,marc,0.05245603396,0.00498415442236,1,5,0.0525291828794,0.00499075785582,5,boundary,random,False
VACS-F,6,1,random,0.0509399636143,0.00484848484848,1,6,0.197559250088,0.188894104561,1,boundary,random,False
VACS-F,6,2,random,0.207701637356,0.203743919991,1,1,0.0645560665016,0.0311975736799,2,random,boundary,True
VACS-F,6,2,boundary,0.0855063674955,0.0829741706181,1,2,0.0698620445702,0.0684739719289,1,random,boundary,False
VACS-F,6,2,kcenter,0.0442692540934,0.00754087324968,1,3,0.0539441103643,0.00765626735552,3,random,boundary,False
VACS-F,6,2,kmeans,0.0439660400243,0.00697150040963,1,4,0.0532366466219,0.00572118628656,4,random,boundary,False
VACS-F,6,2,marc,0.0439660400243,0.00697150040963,1,5,0.0532366466219,0.00572033986511,5,random,boundary,False
VACS-F,6,2,herding,0.0424499696786,0.00407213496219,1,6,0.0528829147506,0.00502267764153,6,random,boundary,False
VACS-F,7,1,random,0.191328077623,0.182397239445,1,1,0.154227095861,0.14663688004,1,random,random,True
VACS-F,7,1,boundary,0.0761067313523,0.0730113470245,1,2,0.0749911567032,0.0745579970855,2,random,random,False
VACS-F,7,1,herding,0.0515463917526,0.00490196078431,1,3,0.0523523169438,0.00497478991597,3,random,random,False
VACS-F,7,1,kcenter,0.0509399636143,0.00484708597807,1,4,0.0523523169438,0.00497478991597,4,random,random,False
VACS-F,7,1,kmeans,0.0509399636143,0.00484708597807,1,5,0.0523523169438,0.00497478991597,5,random,random,False
VACS-F,7,1,marc,0.0509399636143,0.00484708597807,1,6,0.0523523169438,0.00497478991597,6,random,random,False
VACS-F,7,2,random,0.197392359005,0.199822525235,1,1,0.212415988681,0.203217018652,1,random,random,True
VACS-F,7,2,boundary,0.0788356579745,0.0783643229968,1,2,0.0820657941281,0.0828928694883,2,random,random,False
VACS-F,7,2,kcenter,0.0436628259551,0.00640826436873,1,3,0.0525291828794,0.00563815492459,5,random,random,False
VACS-F,7,2,kmeans,0.0436628259551,0.00640826436873,1,4,0.0528829147506,0.00630872059914,3,random,random,False
VACS-F,7,2,marc,0.0436628259551,0.00640826436873,1,5,0.0528829147506,0.00630872059914,4,random,random,False
VACS-F,7,2,herding,0.0424499696786,0.00407213496219,1,6,0.0525291828794,0.00499075785582,6,random,random,False
VACS-R,0,1,random,0.0816252274106,0.0515078497211,5,1,0.0534135125575,0.00667399712022,2,random,boundary,True
VACS-R,0,1,boundary,0.0811400848999,0.0765722939176,5,2,0.0804740007075,0.0759268226117,1,random,boundary,False
VACS-R,0,1,herding,0.052092177077,0.00495121694473,5,3,0.0511142553944,0.00486286387346,3,random,boundary,False
VACS-R,0,1,kcenter,0.0503941782899,0.0047962583287,5,4,0.0511142553944,0.00486286387346,4,random,boundary,False
VACS-R,0,1,kmeans,0.0503941782899,0.0047962583287,5,5,0.0511142553944,0.00486286387346,5,random,boundary,False
VACS-R,0,1,marc,0.0503941782899,0.0047962583287,5,6,0.0511142553944,0.00486286387346,6,random,boundary,False
VACS-R,0,2,random,0.0938750758035,0.0669390540916,5,1,0.0774672798019,0.0548750086392,2,random,boundary,True
VACS-R,0,2,boundary,0.0867798665858,0.0844480216235,5,2,0.0825963919349,0.0794772324207,1,random,boundary,False
VACS-R,0,2,kcenter,0.053486961795,0.00858981078408,5,3,0.0528829147506,0.00890574301787,3,random,boundary,False
VACS-R,0,2,kmeans,0.0534263189812,0.00827105470624,5,4,0.052706048815,0.00855749101838,4,random,boundary,False
VACS-R,0,2,marc,0.0534263189812,0.00821747129217,5,5,0.052706048815,0.00855749101838,5,random,boundary,False
VACS-R,0,2,herding,0.0520315342632,0.00494575948214,5,6,0.0511142553944,0.00486286387346,6,random,boundary,False
VACS-R,1,1,random,0.0987265009096,0.0687349808583,5,1,0.0530597806862,0.00536503784997,2,random,boundary,True
VACS-R,1,1,boundary,0.0641600970285,0.0611057648093,5,2,0.0650866643085,0.0618937938295,1,random,boundary,False
VACS-R,1,1,kcenter,0.0501516070346,0.00477434948725,5,3,0.0525291828794,0.00499075785582,4,random,boundary,False
VACS-R,1,1,kmeans,0.0501516070346,0.00477434948725,5,4,0.0525291828794,0.00499075785582,5,random,boundary,False
VACS-R,1,1,marc,0.0501516070346,0.00477434948725,5,5,0.0525291828794,0.00499075785582,6,random,boundary,False
VACS-R,1,1,herding,0.0499696785931,0.00475791075964,5,6,0.0525291828794,0.00499075785582,3,random,boundary,False
VACS-R,1,2,random,0.105397210431,0.0823856251033,5,1,0.223027944818,0.214657224472,1,random,random,True
VACS-R,1,2,boundary,0.073438447544,0.0723787331517,5,2,0.0741068270251,0.0721358700325,2,random,random,False
VACS-R,1,2,kcenter,0.0557307459066,0.0114201560156,5,3,0.0551821719137,0.0100155954425,5,random,random,False
VACS-R,1,2,marc,0.054881746513,0.00981088185452,5,4,0.0557127697206,0.0109234691928,4,random,random,False
VACS-R,1,2,kmeans,0.0545785324439,0.00923837117393,5,5,0.0557127697206,0.0109234691928,3,random,random,False
VACS-R,1,2,herding,0.0523347483323,0.00497318896865,5,6,0.0525291828794,0.00499075785582,6,random,random,False
VACS-R,2,1,random,0.119223771983,0.0966279695779,5,1,0.151397240891,0.149499788684,1,random,random,True
VACS-R,2,1,boundary,0.0701030927835,0.0676808035468,5,2,0.0619030774673,0.060525976455,2,random,random,False
VACS-R,2,1,herding,0.0504548211037,0.0048017473757,5,3,0.0525291828794,0.00499075785582,3,random,random,False
VACS-R,2,1,kcenter,0.050333535476,0.00479078506571,5,4,0.0521754510081,0.00495881660783,4,random,random,False
VACS-R,2,1,kmeans,0.050333535476,0.00479078506571,5,5,0.0521754510081,0.00495881660783,5,random,random,False
VACS-R,2,1,marc,0.050333535476,0.00479078506571,5,6,0.0521754510081,0.00495881660783,6,random,random,False
VACS-R,2,2,random,0.156822316555,0.142636522195,5,1,0.0693314467634,0.0369756759546,2,random,boundary,True
VACS-R,2,2,boundary,0.0833838690115,0.0806900383924,5,2,0.079766536965,0.0790888331579,1,random,boundary,False
VACS-R,2,2,kcenter,0.0518496058217,0.00851794628089,5,3,0.0534135125575,0.0074966159779,5,random,boundary,False
VACS-R,2,2,marc,0.0516070345664,0.00790162928733,5,4,0.0535903784931,0.00783189308571,4,random,boundary,False
VACS-R,2,2,kmeans,0.0514251061249,0.00755498749607,5,5,0.0535903784931,0.00783189308571,3,random,boundary,False
VACS-R,2,2,herding,0.0502122498484,0.00477983223048,5,6,0.0521754510081,0.00495881660783,6,random,boundary,False
VACS-R,3,1,random,0.150272892662,0.134512677025,5,1,0.134418111072,0.124896486408,1,random,random,True
VACS-R,3,1,boundary,0.0731352334748,0.070770887618,5,2,0.0702157764415,0.0680324327086,2,random,random,False
VACS-R,3,1,herding,0.0503941782899,0.00479625202219,5,3,0.042447824549,0.00407193756362,3,random,random,False
VACS-R,3,1,kcenter,0.0483323226198,0.00460838117367,5,4,0.042447824549,0.00407193756362,4,random,random,False
VACS-R,3,1,kmeans,0.0483323226198,0.00460838117367,5,5,0.042447824549,0.00407193756362,5,random,random,False
VACS-R,3,1,marc,0.0483323226198,0.00460838117367,5,6,0.042447824549,0.00407193756362,6,random,random,False
VACS-R,3,2,boundary,0.0819890842935,0.0789432725507,5,1,0.0755217545101,0.0756245209123,1,boundary,boundary,True
VACS-R,3,2,marc,0.0550030321407,0.00988443803959,5,2,0.0445702157764,0.00824802246776,6,boundary,boundary,False
VACS-R,3,2,kcenter,0.0546998180716,0.00933671239212,5,3,0.0456314113902,0.0102061167526,4,boundary,boundary,False
VACS-R,3,2,kmeans,0.0541540327471,0.0083114520687,5,4,0.0445702157764,0.00824802246776,5,boundary,boundary,False
VACS-R,3,2,herding,0.05245603396,0.00498414811312,5,5,0.0525291828794,0.00499075785582,3,boundary,boundary,False
VACS-R,3,2,random,0.0502728926622,0.00901188726072,5,6,0.0535903784931,0.00742556400219,2,boundary,boundary,False
VACS-R,4,1,random,0.119890842935,0.0952126212759,5,1,0.1623629289,0.155270613407,1,random,random,True
VACS-R,4,1,boundary,0.0658580958156,0.0623415713064,5,2,0.066678457729,0.0624493634718,2,random,random,False
VACS-R,4,1,herding,0.0516070345664,0.00490742454521,5,3,0.0525291828794,0.00499075785582,3,random,random,False
VACS-R,4,1,kcenter,0.0516070345664,0.00490742454521,5,4,0.0521754510081,0.00495881660783,4,random,random,False
VACS-R,4,1,kmeans,0.0516070345664,0.00490742454521,5,5,0.0521754510081,0.00495881660783,5,random,random,False
VACS-R,4,1,marc,0.0516070345664,0.00490742454521,5,6,0.0521754510081,0.00495881660783,6,random,random,False
VACS-R,4,2,random,0.0728926622195,0.0403817301644,5,1,0.0864874425186,0.0660860611035,1,random,random,True
VACS-R,4,2,boundary,0.0706488781079,0.0682981005657,5,2,0.0739299610895,0.070863053268,2,random,random,False
VACS-R,4,2,herding,0.0523347483323,0.00497320158713,5,3,0.0525291828794,0.00499075785582,6,random,random,False
VACS-R,4,2,marc,0.052092177077,0.00804034724449,5,4,0.0537672444287,0.00795034265036,4,random,random,False
VACS-R,4,2,kmeans,0.0519708914494,0.00781012217201,5,5,0.0539441103643,0.00828758697551,3,random,random,False
VACS-R,4,2,kcenter,0.0519708914494,0.00780362217204,5,6,0.0532366466219,0.00697461558503,5,random,random,False
VACS-R,5,1,random,0.151485748939,0.132385288398,5,1,0.192076406084,0.191290291564,1,random,random,True
VACS-R,5,1,boundary,0.0809581564585,0.0769710416918,5,2,0.0795896710294,0.0763372682772,2,random,random,False
VACS-R,5,1,kcenter,0.05245603396,0.00498414496123,5,3,0.0521754510081,0.00495881660783,4,random,random,False
VACS-R,5,1,kmeans,0.05245603396,0.00498414496123,5,4,0.0521754510081,0.00495881660783,5,random,random,False
VACS-R,5,1,marc,0.05245603396,0.00498414496123,5,5,0.0521754510081,0.00495881660783,6,random,random,False
VACS-R,5,1,herding,0.0522741055185,0.00496772516952,5,6,0.0523523169438,0.00497478991597,3,random,random,False
VACS-R,5,2,boundary,0.0894481503942,0.0865894426087,5,1,0.0813583303856,0.0780237043317,1,boundary,boundary,True
VACS-R,5,2,random,0.0666464523954,0.0412147111633,5,2,0.0574814290768,0.0501643041172,2,boundary,boundary,False
VACS-R,5,2,herding,0.0523953911461,0.00497867800474,5,3,0.0530597806862,0.00503862949278,3,boundary,boundary,False
VACS-R,5,2,kcenter,0.0518496058217,0.00781197080923,5,4,0.0528829147506,0.00635942253185,4,boundary,boundary,False
VACS-R,5,2,marc,0.0514251061249,0.00721234224852,5,5,0.052706048815,0.00601812560352,6,boundary,boundary,False
VACS-R,5,2,kmeans,0.0513038204973,0.00697646582729,5,6,0.052706048815,0.00601812560352,5,boundary,boundary,False
VACS-R,6,1,random,0.0952698605215,0.0646910290722,5,1,0.197559250088,0.188894104561,1,random,random,True
VACS-R,6,1,boundary,0.0725288053366,0.0677113066318,5,2,0.0679165192784,0.0668709412971,2,random,random,False
VACS-R,6,1,herding,0.0483929654336,0.00461387022068,5,3,0.042447824549,0.00407193756362,6,random,random,False
VACS-R,6,1,kcenter,0.0482110369921,0.00459743149307,5,4,0.0525291828794,0.00499075785582,3,random,random,False
VACS-R,6,1,kmeans,0.0482110369921,0.00459743149307,5,5,0.0525291828794,0.00499075785582,4,random,random,False
VACS-R,6,1,marc,0.0482110369921,0.00459743149307,5,6,0.0525291828794,0.00499075785582,5,random,random,False
VACS-R,6,2,random,0.153183747726,0.12946918697,5,1,0.0645560665016,0.0311975736799,2,random,boundary,True
VACS-R,6,2,boundary,0.0799878714372,0.0768851795478,5,2,0.0698620445702,0.0684739719289,1,random,boundary,False
VACS-R,6,2,kcenter,0.0500303214069,0.00857293319184,5,3,0.0539441103643,0.00765626735552,3,random,boundary,False
VACS-R,6,2,kmeans,0.0497271073378,0.00792533346322,5,4,0.0532366466219,0.00572118628656,4,random,boundary,False
VACS-R,6,2,marc,0.0497271073378,0.0077089443308,5,5,0.0532366466219,0.00572033986511,5,random,boundary,False
VACS-R,6,2,herding,0.0466343238326,0.00445335938334,5,6,0.0528829147506,0.00502267764153,6,random,boundary,False
VACS-R,7,1,random,0.115949060036,0.092547951373,5,1,0.154227095861,0.14663688004,1,random,random,True
VACS-R,7,1,boundary,0.0778047301395,0.0759552073919,5,2,0.0749911567032,0.0745579970855,2,random,random,False
VACS-R,7,1,herding,0.0520315342632,0.0049458100243,5,3,0.0523523169438,0.00497478991597,3,random,random,False
VACS-R,7,1,kcenter,0.0517889630079,0.00492386327282,5,4,0.0523523169438,0.00497478991597,4,random,random,False
VACS-R,7,1,kmeans,0.0517889630079,0.00492386327282,5,5,0.0523523169438,0.00497478991597,5,random,random,False
VACS-R,7,1,marc,0.0517889630079,0.00492386327282,5,6,0.0523523169438,0.00497478991597,6,random,random,False
VACS-R,7,2,random,0.117828987265,0.0941396212387,5,1,0.212415988681,0.203217018652,1,random,random,True
VACS-R,7,2,boundary,0.0823529411765,0.0799718889708,5,2,0.0820657941281,0.0828928694883,2,random,random,False
VACS-R,7,2,herding,0.0503941782899,0.00479627095809,5,3,0.0525291828794,0.00499075785582,6,random,random,False
VACS-R,7,2,kmeans,0.0502122498484,0.00863029275208,5,4,0.0528829147506,0.00630872059914,3,random,random,False
VACS-R,7,2,marc,0.0502122498484,0.00863029275208,5,5,0.0528829147506,0.00630872059914,4,random,random,False
VACS-R,7,2,kcenter,0.049666464524,0.00763493696043,5,6,0.0525291828794,0.00563815492459,5,random,random,False
