comparison,target,comparator,slice,n,target_mean,comparator_mean,delta_mean,delta_points,ci_low,ci_high,ci_points,wins,ties,losses,wtl,bootstrap_seed,bootstrap_reps,wtl_tolerance
direct_marc,VACS-F,MARC,Pooled,80,0.7061455779896032,0.7055027392672027,0.0006428387224004684,+0.06,-0.013856174724237398,0.012721273065403839,"[-1.39,+1.27]",32,34,14,32/34/14,20260531,20000,1e-12
direct_marc,VACS-F,MARC,20newsgroups,16,0.09653563848602754,0.051666961443225995,0.04486867704280155,+4.49,0.023556055447470803,0.07021632914750614,"[+2.36,+7.02]",16,0,0,16/0/0,20260531,20000,1e-12
direct_marc,VACS-F,MARC,breast_cancer,16,0.933845029239766,0.924342105263158,0.009502923976608194,+0.95,0.004020467836257299,0.01535087719298251,"[+0.40,+1.54]",7,9,0,7/9/0,20260531,20000,1e-12
direct_marc,VACS-F,MARC,digits,16,0.8232638888888889,0.8232638888888889,-6.938893903907228e-18,-0.00,-0.0042824074074074014,0.003472222222222203,"[-0.43,+0.35]",5,8,3,5/8/3,20260531,20000,1e-12
direct_marc,VACS-F,MARC,iris,16,0.763888888888889,0.8069444444444445,-0.04305555555555556,-4.31,-0.10138888888888889,0.0,"[-10.14,+0.00]",2,8,6,2/8/6,20260531,20000,1e-12
direct_marc,VACS-F,MARC,wine,16,0.9131944444444444,0.9212962962962963,-0.008101851851851832,-0.81,-0.019675925925925937,0.0034722222222222376,"[-1.97,+0.35]",2,9,5,2/9/5,20260531,20000,1e-12
direct_marc,VACS-F,MARC,Leave-out-20NG,64,0.8585480628654971,0.8689616837231968,-0.010413620857699802,-1.04,-0.026058494761208573,0.0015504309819688075,"[-2.61,+0.16]",16,34,14,16/34/14,20260531,20000,1e-12
direct_marc,VACS-R,MARC,Pooled,80,0.721310748966903,0.7055027392672027,0.01580800969970026,+1.58,0.007191210758516971,0.025355146453958664,"[+0.72,+2.54]",32,40,8,32/40/8,20260531,20000,1e-12
direct_marc,VACS-R,MARC,20newsgroups,16,0.12429253625751675,0.051666961443225995,0.07262557481429076,+7.26,0.04500132649451714,0.10123391625397946,"[+4.50,+10.12]",16,0,0,16/0/0,20260531,20000,1e-12
direct_marc,VACS-R,MARC,breast_cancer,16,0.9345760233918128,0.924342105263158,0.01023391812865497,+1.02,0.0043859649122807015,0.016447368421052634,"[+0.44,+1.64]",7,9,0,7/9/0,20260531,20000,1e-12
direct_marc,VACS-R,MARC,digits,16,0.8217592592592593,0.8232638888888889,-0.0015046296296296335,-0.15,-0.005671296296296299,0.0019675925925925902,"[-0.57,+0.20]",4,9,3,4/9/3,20260531,20000,1e-12
direct_marc,VACS-R,MARC,iris,16,0.8069444444444445,0.8069444444444445,6.938893903907228e-18,+0.00,-0.011111111111111113,0.009722222222222236,"[-1.11,+0.97]",3,11,2,3/11/2,20260531,20000,1e-12
direct_marc,VACS-R,MARC,wine,16,0.9189814814814815,0.9212962962962963,-0.0023148148148147973,-0.23,-0.012731481481481503,0.008101851851851888,"[-1.27,+0.81]",2,11,3,2/11/3,20260531,20000,1e-12
direct_marc,VACS-R,MARC,Leave-out-20NG,64,0.8705653021442494,0.8689616837231968,0.0016036184210526366,+0.16,-0.0028950794956140325,0.005774891873781687,"[-0.29,+0.58]",16,40,8,16/40/8,20260531,20000,1e-12
