target,slice,source,computed_ci_points,reported_ci_points,ci_match,computed_wtl,reported_wtl,wtl_match
VACS-F,Pooled,results/experiment_manifest.json:stability,"[-1.38,+1.20]","[-1.38,+1.20]",True,28/41/11,28/41/11,True
VACS-F,20newsgroups,results/experiment_manifest.json:stability,"[+2.43,+7.07]","[+2.43,+7.07]",True,16/0/0,16/0/0,True
VACS-F,breast_cancer,results/experiment_manifest.json:stability,"[+0.37,+1.32]","[+0.37,+1.32]",True,7/9/0,7/9/0,True
VACS-F,digits,results/experiment_manifest.json:stability,"[-0.12,+0.53]","[-0.12,+0.53]",True,3/12/1,3/12/1,True
VACS-F,iris,results/experiment_manifest.json:stability,"[-9.86,-0.14]","[-9.86,-0.14]",True,2/9/5,2/9/5,True
VACS-F,wine,results/experiment_manifest.json:stability,"[-2.20,-0.35]","[-2.20,-0.35]",True,0/11/5,0/11/5,True
VACS-R,Pooled,results/tables/vacs_repeated_validation_comparison_summary.csv:best_static,"[+0.68,+2.49]","[+0.68,+2.49]",True,30/43/7,30/43/7,True
VACS-R,20newsgroups,results/tables/vacs_repeated_validation_comparison_summary.csv:best_static,"[+4.50,+10.25]","[+4.50,+10.25]",True,16/0/0,16/0/0,True
VACS-R,breast_cancer,results/tables/vacs_repeated_validation_comparison_summary.csv:best_static,"[+0.44,+1.39]","[+0.44,+1.39]",True,8/8/0,8/8/0,True
VACS-R,digits,results/tables/vacs_repeated_validation_comparison_summary.csv:best_static,"[-0.29,+0.42]","[-0.29,+0.42]",True,3/10/3,3/10/3,True
VACS-R,iris,results/tables/vacs_repeated_validation_comparison_summary.csv:best_static,"[-1.11,+0.97]","[-1.11,+0.97]",True,3/11/2,3/11/2,True
VACS-R,wine,results/tables/vacs_repeated_validation_comparison_summary.csv:best_static,"[-1.39,+0.00]","[-1.39,+0.00]",True,0/14/2,0/14/2,True
