dataset,seed,budget_per_class,vacs_f_accuracy,vacs_r_accuracy,marc_accuracy,herding_accuracy,delta_f_vs_marc,delta_r_vs_marc,delta_f_vs_herding,delta_r_vs_herding
20newsgroups,0,1,0.0804740007074637,0.0534135125574814,0.051114255394411,0.051114255394411,0.0293597453130527,0.0022992571630703965,0.0293597453130527,0.0022992571630703965
20newsgroups,0,2,0.0825963919349133,0.0774672798019101,0.0527060488149982,0.051114255394411,0.029890343119915105,0.024761230986911895,0.031482136540502303,0.026353024407499093
20newsgroups,1,1,0.0530597806862398,0.0530597806862398,0.0525291828793774,0.0525291828793774,0.000530597806862404,0.000530597806862404,0.000530597806862404,0.000530597806862404
20newsgroups,1,2,0.0741068270251149,0.2230279448178281,0.0557127697205518,0.0525291828793774,0.018394057304563095,0.16731517509727628,0.0215776441457375,0.1704987619384507
20newsgroups,2,1,0.0619030774672798,0.1513972408914043,0.0521754510081358,0.0525291828793774,0.009727626459143997,0.09922178988326849,0.009373894587902401,0.0988680580120269
20newsgroups,2,2,0.0693314467633533,0.0693314467633533,0.0535903784931022,0.0521754510081358,0.015741068270251103,0.015741068270251103,0.0171559957552175,0.0171559957552175
20newsgroups,3,1,0.1344181110718075,0.1344181110718075,0.0424478245489918,0.0424478245489918,0.09197028652281572,0.09197028652281572,0.09197028652281572,0.09197028652281572
20newsgroups,3,2,0.0755217545100813,0.0755217545100813,0.0445702157764414,0.0525291828793774,0.030951538733639893,0.030951538733639893,0.022992571630703895,0.022992571630703895
20newsgroups,4,1,0.0666784577290414,0.1623629288998938,0.0521754510081358,0.0525291828793774,0.014503006720905591,0.11018747789175798,0.014149274849663995,0.10983374602051639
20newsgroups,4,2,0.0739299610894941,0.0864874425185709,0.053767244428723,0.0525291828793774,0.020162716660771095,0.032720198089847906,0.021400778210116697,0.03395825963919351
20newsgroups,5,1,0.1920764060841882,0.1920764060841882,0.0521754510081358,0.0523523169437566,0.13990095507605238,0.13990095507605238,0.1397240891404316,0.1397240891404316
20newsgroups,5,2,0.0813583303855677,0.0813583303855677,0.0527060488149982,0.0530597806862398,0.028652281570569496,0.028652281570569496,0.028298549699327893,0.028298549699327893
20newsgroups,6,1,0.0679165192783869,0.1975592500884329,0.0525291828793774,0.0424478245489918,0.015387336399009507,0.14503006720905548,0.025468694729395107,0.1551114255394411
20newsgroups,6,2,0.0645560665015917,0.0645560665015917,0.0532366466218606,0.052882914750619,0.01131941987973109,0.01131941987973109,0.011673151750972693,0.011673151750972693
20newsgroups,7,1,0.1542270958613371,0.1542270958613371,0.0523523169437566,0.0523523169437566,0.1018747789175805,0.1018747789175805,0.1018747789175805,0.1018747789175805
20newsgroups,7,2,0.2124159886805801,0.2124159886805801,0.052882914750619,0.0525291828793774,0.15953307392996108,0.15953307392996108,0.15988680580120268,0.15988680580120268
breast_cancer,0,1,0.8947368421052632,0.8947368421052632,0.8947368421052632,0.8947368421052632,0.0,0.0,0.0,0.0
breast_cancer,0,2,0.912280701754386,0.912280701754386,0.8830409356725146,0.8947368421052632,0.0292397660818714,0.0292397660818714,0.01754385964912286,0.01754385964912286
breast_cancer,1,1,0.912280701754386,0.912280701754386,0.912280701754386,0.912280701754386,0.0,0.0,0.0,0.0
breast_cancer,1,2,0.935672514619883,0.935672514619883,0.9064327485380116,0.9181286549707602,0.0292397660818714,0.0292397660818714,0.01754385964912275,0.01754385964912275
breast_cancer,2,1,0.9239766081871345,0.9239766081871345,0.9239766081871345,0.9239766081871345,0.0,0.0,0.0,0.0
breast_cancer,2,2,0.9415204678362572,0.9415204678362572,0.9415204678362572,0.9239766081871345,0.0,0.0,0.01754385964912275,0.01754385964912275
breast_cancer,3,1,0.9298245614035088,0.9298245614035088,0.9298245614035088,0.9298245614035088,0.0,0.0,0.0,0.0
breast_cancer,3,2,0.935672514619883,0.935672514619883,0.912280701754386,0.912280701754386,0.023391812865496964,0.023391812865496964,0.023391812865496964,0.023391812865496964
breast_cancer,4,1,0.912280701754386,0.912280701754386,0.912280701754386,0.912280701754386,0.0,0.0,0.0,0.0
breast_cancer,4,2,0.9298245614035088,0.9298245614035088,0.912280701754386,0.9064327485380116,0.01754385964912275,0.01754385964912275,0.023391812865497186,0.023391812865497186
breast_cancer,5,1,0.9707602339181286,0.9707602339181286,0.9707602339181286,0.9707602339181286,0.0,0.0,0.0,0.0
breast_cancer,5,2,0.953216374269006,0.9649122807017544,0.9415204678362572,0.953216374269006,0.01169590643274876,0.023391812865497186,0.0,0.011695906432748426
breast_cancer,6,1,0.9473684210526316,0.9473684210526316,0.9473684210526316,0.9473684210526316,0.0,0.0,0.0,0.0
breast_cancer,6,2,0.95906432748538,0.95906432748538,0.9473684210526316,0.9473684210526316,0.011695906432748315,0.011695906432748315,0.011695906432748315,0.011695906432748315
breast_cancer,7,1,0.9298245614035088,0.9298245614035088,0.9298245614035088,0.9298245614035088,0.0,0.0,0.0,0.0
breast_cancer,7,2,0.953216374269006,0.953216374269006,0.9239766081871345,0.9298245614035088,0.02923976608187151,0.02923976608187151,0.023391812865497186,0.023391812865497186
digits,0,1,0.812962962962963,0.812962962962963,0.812962962962963,0.812962962962963,0.0,0.0,0.0,0.0
digits,0,2,0.8388888888888889,0.8351851851851851,0.8333333333333334,0.8388888888888889,0.005555555555555536,0.0018518518518517713,0.0,-0.0037037037037037646
digits,1,1,0.8351851851851851,0.8351851851851851,0.8351851851851851,0.8351851851851851,0.0,0.0,0.0,0.0
digits,1,2,0.8555555555555555,0.8462962962962963,0.8462962962962963,0.8444444444444444,0.00925925925925919,0.0,0.011111111111111072,0.0018518518518518823
digits,2,1,0.774074074074074,0.774074074074074,0.774074074074074,0.774074074074074,0.0,0.0,0.0,0.0
digits,2,2,0.8166666666666667,0.8166666666666667,0.8037037037037037,0.7944444444444444,0.012962962962962954,0.012962962962962954,0.022222222222222254,0.022222222222222254
digits,3,1,0.8148148148148148,0.8148148148148148,0.8148148148148148,0.8148148148148148,0.0,0.0,0.0,0.0
digits,3,2,0.8407407407407408,0.8407407407407408,0.8388888888888889,0.8333333333333334,0.0018518518518518823,0.0018518518518518823,0.007407407407407418,0.007407407407407418
digits,4,1,0.825925925925926,0.825925925925926,0.825925925925926,0.825925925925926,0.0,0.0,0.0,0.0
digits,4,2,0.8314814814814815,0.8314814814814815,0.8407407407407408,0.8314814814814815,-0.0092592592592593,-0.0092592592592593,0.0,0.0
digits,5,1,0.825925925925926,0.825925925925926,0.825925925925926,0.825925925925926,0.0,0.0,0.0,0.0
digits,5,2,0.8148148148148148,0.8148148148148148,0.8092592592592592,0.825925925925926,0.005555555555555536,0.005555555555555536,-0.011111111111111183,-0.011111111111111183
digits,6,1,0.8166666666666667,0.8166666666666667,0.8166666666666667,0.8166666666666667,0.0,0.0,0.0,0.0
digits,6,2,0.8240740740740741,0.8240740740740741,0.8481481481481481,0.8240740740740741,-0.024074074074074026,-0.024074074074074026,0.0,0.0
digits,7,1,0.8092592592592592,0.8092592592592592,0.8092592592592592,0.8092592592592592,0.0,0.0,0.0,0.0
digits,7,2,0.8351851851851851,0.8240740740740741,0.837037037037037,0.8351851851851851,-0.0018518518518518823,-0.012962962962962954,0.0,-0.011111111111111072
iris,0,1,0.7555555555555555,0.7555555555555555,0.7555555555555555,0.7555555555555555,0.0,0.0,0.0,0.0
iris,0,2,0.7777777777777778,0.7777777777777778,0.8,0.7555555555555555,-0.022222222222222254,-0.022222222222222254,0.022222222222222254,0.022222222222222254
iris,1,1,0.7333333333333333,0.7333333333333333,0.7333333333333333,0.7333333333333333,0.0,0.0,0.0,0.0
iris,1,2,0.8,0.7777777777777778,0.7555555555555555,0.7777777777777778,0.04444444444444451,0.022222222222222254,0.022222222222222254,0.0
iris,2,1,0.8666666666666667,0.8666666666666667,0.8666666666666667,0.8666666666666667,0.0,0.0,0.0,0.0
iris,2,2,0.8666666666666667,0.8666666666666667,0.8444444444444444,0.8666666666666667,0.022222222222222254,0.022222222222222254,0.0,0.0
iris,3,1,0.7777777777777778,0.7777777777777778,0.7777777777777778,0.7777777777777778,0.0,0.0,0.0,0.0
iris,3,2,0.7777777777777778,0.8,0.8,0.8,-0.022222222222222254,0.0,-0.022222222222222254,0.0
iris,4,1,0.4888888888888889,0.8666666666666667,0.8222222222222222,0.8222222222222222,-0.3333333333333333,0.04444444444444451,-0.3333333333333333,0.04444444444444451
iris,4,2,0.8666666666666667,0.8666666666666667,0.8666666666666667,0.8666666666666667,0.0,0.0,0.0,0.0
iris,5,1,0.8666666666666667,0.8666666666666667,0.8666666666666667,0.8666666666666667,0.0,0.0,0.0,0.0
iris,5,2,0.5777777777777777,0.8,0.8666666666666667,0.8444444444444444,-0.288888888888889,-0.06666666666666665,-0.2666666666666667,-0.0444444444444444
iris,6,1,0.7777777777777778,0.7777777777777778,0.7777777777777778,0.7777777777777778,0.0,0.0,0.0,0.0
iris,6,2,0.7555555555555555,0.8222222222222222,0.8222222222222222,0.8,-0.06666666666666665,0.0,-0.04444444444444451,0.022222222222222143
iris,7,1,0.8,0.8,0.8,0.8,0.0,0.0,0.0,0.0
iris,7,2,0.7333333333333333,0.7555555555555555,0.7555555555555555,0.8,-0.022222222222222254,0.0,-0.06666666666666676,-0.04444444444444451
wine,0,1,0.9629629629629628,0.9629629629629628,0.9629629629629628,0.9629629629629628,0.0,0.0,0.0,0.0
wine,0,2,0.9074074074074074,0.9074074074074074,0.9444444444444444,0.9444444444444444,-0.03703703703703698,-0.03703703703703698,-0.03703703703703698,-0.03703703703703698
wine,1,1,0.9074074074074074,0.9074074074074074,0.9074074074074074,0.9074074074074074,0.0,0.0,0.0,0.0
wine,1,2,0.925925925925926,0.9444444444444444,0.9444444444444444,0.9444444444444444,-0.01851851851851838,0.0,-0.01851851851851838,0.0
wine,2,1,0.925925925925926,0.925925925925926,0.925925925925926,0.925925925925926,0.0,0.0,0.0,0.0
wine,2,2,0.8888888888888888,0.8888888888888888,0.8888888888888888,0.9444444444444444,0.0,0.0,-0.05555555555555558,-0.05555555555555558
wine,3,1,0.8888888888888888,0.8888888888888888,0.8888888888888888,0.8888888888888888,0.0,0.0,0.0,0.0
wine,3,2,0.925925925925926,0.925925925925926,0.9444444444444444,0.925925925925926,-0.01851851851851838,-0.01851851851851838,0.0,0.0
wine,4,1,0.8888888888888888,0.8888888888888888,0.8888888888888888,0.8888888888888888,0.0,0.0,0.0,0.0
wine,4,2,0.8703703703703703,0.8703703703703703,0.925925925925926,0.8703703703703703,-0.05555555555555569,-0.05555555555555569,0.0,0.0
wine,5,1,0.9444444444444444,0.9444444444444444,0.9444444444444444,0.9444444444444444,0.0,0.0,0.0,0.0
wine,5,2,0.9074074074074074,0.925925925925926,0.8888888888888888,0.925925925925926,0.0185185185185186,0.0370370370370372,-0.0185185185185186,0.0
wine,6,1,0.8518518518518519,0.9074074074074074,0.9074074074074074,0.9074074074074074,-0.05555555555555558,0.0,-0.05555555555555558,0.0
wine,6,2,0.925925925925926,0.925925925925926,0.925925925925926,0.925925925925926,0.0,0.0,0.0,0.0
wine,7,1,0.9814814814814816,0.9814814814814816,0.9814814814814816,0.9814814814814816,0.0,0.0,0.0,0.0
wine,7,2,0.9074074074074074,0.9074074074074074,0.8703703703703703,0.9074074074074074,0.03703703703703709,0.03703703703703709,0.0,0.0
