section,metric,value,unit,details
scope,dataset,20newsgroups,,
scope,classes,20,classes,
scope,seeds,0-7,seed ids,
scope,budgets_per_class,"1,2",examples per class,
scope,units,16,seed-budget units,
provenance,stress_rows_match_main_rows,True,boolean,
VACS-F,boundary_selector_count,9,units,
VACS-F,random_selector_count,7,units,
VACS-F,mean_accuracy,0.09653563848602754,proportion,
VACS-F,mean_random_accuracy,0.12142951892465507,proportion,
VACS-F,mean_delta_vs_random,-2.4893880438627525,percentage points,
VACS-F,wins_ties_losses_vs_random,4/7/5,W/T/L,
VACS-F,mean_delta_vs_herding,4.5432437212592856,percentage points,
VACS-F,wins_ties_losses_vs_herding,16/0/0,W/T/L,
VACS-R,random_selector_count,14,units,
VACS-R,boundary_selector_count,2,units,
VACS-R,mean_accuracy,0.12429253625751675,proportion,
VACS-R,mean_random_accuracy,0.12142951892465507,proportion,
VACS-R,mean_delta_vs_random,0.2863017332861687,percentage points,
VACS-R,wins_ties_losses_vs_random,2/14/0,W/T/L,
VACS-R,mean_delta_vs_herding,7.318933498408206,percentage points,
VACS-R,wins_ties_losses_vs_herding,16/0/0,W/T/L,
rebuild,F_selected_matches_static_selected,1,boolean,
rebuild,R_selected_matches_static_selected,1,boolean,
rebuild,F_random_matches_static_random,7/7,units,
rebuild,R_random_matches_static_random,14/14,units,
rebuild,no_rebuild_matches_static_selected,0/16,accuracy rows,
validation_transfer,F_top1_agreement,0.5,proportion,
validation_transfer,F_mean_rank_correlation,0.7107142857142859,mean Pearson rank correlation,
validation_transfer,F_mean_test_regret,3.1504244782454904,percentage points,
validation_transfer,R_top1_agreement,0.6875,proportion,
validation_transfer,R_mean_rank_correlation,0.7714285714285715,mean Pearson rank correlation,
validation_transfer,R_mean_test_regret,0.3747347010965695,percentage points,
code_contract,all_required_rebuild_checks,1,boolean,
