seed,budget_per_class,unit_id,f_selector,f_accuracy,random_accuracy,herding_accuracy,marc_accuracy,boundary_accuracy,f_delta_vs_herding_pp,f_routing_contribution_vs_random_pp,f_rebuild_residual_vs_selected_static_pp,f_delta_vs_random_pp,f_macro_f1_delta_vs_random_pp,f_matches_selected_static_accuracy,f_matches_selected_static_macro_f1,f_matches_static_random_accuracy,f_matches_static_random_macro_f1,r_selector,r_accuracy,r_delta_vs_herding_pp,r_routing_contribution_vs_random_pp,r_rebuild_residual_vs_selected_static_pp,r_delta_vs_random_pp,r_macro_f1_delta_vs_random_pp,r_matches_selected_static_accuracy,r_matches_selected_static_macro_f1,r_matches_static_random_accuracy,r_matches_static_random_macro_f1,f_validation_top,f_test_top,f_top1_transfer,f_rank_correlation,f_test_regret_vs_validation_top_pp,r_validation_top,r_test_top,r_top1_transfer,r_rank_correlation,r_test_regret_vs_validation_top_pp
0,1,seed0_budget1,boundary,0.0804740007075,0.0534135125575,0.0511142553944,0.0511142553944,0.0804740007075,2.93597453131,2.706048815,0,2.706048815,6.92528254915,True,True,,,random,0.0534135125575,0.229925716307,0,0,0,0,True,True,True,True,boundary,boundary,True,0.942857142857,0,random,boundary,False,0.942857142857,2.706048815
0,2,seed0_budget2,boundary,0.0825963919349,0.0774672798019,0.0511142553944,0.052706048815,0.0825963919349,3.14821365405,0.5129112133,0,0.5129112133,2.46022237815,True,True,,,random,0.0774672798019,2.63530244075,0,0,0,0,True,True,True,True,boundary,boundary,True,1,0,random,boundary,False,0.942857142857,0.5129112133
1,1,seed1_budget1,random,0.0530597806862,0.0530597806862,0.0525291828794,0.0525291828794,0.0650866643085,0.0530597806862,0,0,0,0,True,True,True,True,random,0.0530597806862,0.0530597806862,0,0,0,0,True,True,True,True,random,boundary,False,0.942857142857,1.20268836222,random,boundary,False,0.6,1.20268836222
1,2,seed1_budget2,boundary,0.0741068270251,0.223027944818,0.0525291828794,0.0557127697206,0.0741068270251,2.15776441457,-14.8921117793,0,-14.8921117793,-14.252135444,True,True,,,random,0.223027944818,17.0498761938,0,0,0,0,True,True,True,True,boundary,random,False,0.771428571429,14.8921117793,random,random,True,0.771428571429,0
2,1,seed2_budget1,boundary,0.0619030774673,0.151397240891,0.0525291828794,0.0521754510081,0.0619030774673,0.93738945879,-8.94941634241,0,-8.94941634241,-8.89738122294,True,True,,,random,0.151397240891,9.8868058012,0,0,0,0,True,True,True,True,boundary,random,False,0.6,8.94941634241,random,random,True,1,0
2,2,seed2_budget2,random,0.0693314467634,0.0693314467634,0.0521754510081,0.0535903784931,0.079766536965,1.71559957552,0,0,0,0,True,True,True,True,random,0.0693314467634,1.71559957552,0,0,0,0,True,True,True,True,random,boundary,False,0.714285714286,1.04350902016,random,boundary,False,0.714285714286,1.04350902016
3,1,seed3_budget1,random,0.134418111072,0.134418111072,0.042447824549,0.042447824549,0.0702157764415,9.19702865228,0,0,0,0,True,True,True,True,random,0.134418111072,9.19702865228,0,0,0,0,True,True,True,True,random,random,True,1,0,random,random,True,1,0
3,2,seed3_budget2,boundary,0.0755217545101,0.0535903784931,0.0525291828794,0.0445702157764,0.0755217545101,2.29925716307,2.1931376017,0,2.1931376017,6.81989569101,True,True,,,boundary,0.0755217545101,2.29925716307,2.1931376017,0,2.1931376017,6.81989569101,True,True,,,boundary,boundary,True,-0.0285714285714,0,boundary,boundary,True,-0.0857142857143,0
4,1,seed4_budget1,boundary,0.066678457729,0.1623629289,0.0525291828794,0.0521754510081,0.066678457729,1.41492748497,-9.56844711709,0,-9.56844711709,-9.28212499355,True,True,,,random,0.1623629289,10.9833746021,0,0,0,0,True,True,True,True,boundary,random,False,0.942857142857,9.56844711709,random,random,True,1,0
4,2,seed4_budget2,boundary,0.0739299610895,0.0864874425186,0.0525291828794,0.0537672444287,0.0739299610895,2.14007782101,-1.25574814291,0,-1.25574814291,0.477699216444,True,True,,,random,0.0864874425186,3.39582596392,0,0,0,0,True,True,True,True,boundary,random,False,0.257142857143,1.25574814291,random,random,True,0.6,0
5,1,seed5_budget1,random,0.192076406084,0.192076406084,0.0523523169438,0.0521754510081,0.0795896710294,13.972408914,0,0,0,0,True,True,True,True,random,0.192076406084,13.972408914,0,0,0,0,True,True,True,True,random,random,True,1,0,random,random,True,0.657142857143,0
5,2,seed5_budget2,boundary,0.0813583303856,0.0574814290768,0.0530597806862,0.052706048815,0.0813583303856,2.82985496993,2.38769013088,0,2.38769013088,2.78594002145,True,True,,,boundary,0.0813583303856,2.82985496993,2.38769013088,0,2.38769013088,2.78594002145,True,True,,,boundary,boundary,True,0.657142857143,0,boundary,boundary,True,0.942857142857,0
6,1,seed6_budget1,boundary,0.0679165192784,0.197559250088,0.042447824549,0.0525291828794,0.0679165192784,2.54686947294,-12.964273081,0,-12.964273081,-12.2023163264,True,True,,,random,0.197559250088,15.5111425539,0,0,0,0,True,True,True,True,boundary,random,False,-0.2,12.964273081,random,random,True,0.657142857143,0
6,2,seed6_budget2,random,0.0645560665016,0.0645560665016,0.0528829147506,0.0532366466219,0.0698620445702,1.1673151751,0,0,0,0,True,True,True,True,random,0.0645560665016,1.1673151751,0,0,0,0,True,True,True,True,random,boundary,False,0.942857142857,0.530597806862,random,boundary,False,0.942857142857,0.530597806862
7,1,seed7_budget1,random,0.154227095861,0.154227095861,0.0523523169438,0.0523523169438,0.0749911567032,10.1874778918,0,0,0,0,True,True,True,True,random,0.154227095861,10.1874778918,0,0,0,0,True,True,True,True,random,random,True,1,0,random,random,True,1,0
7,2,seed7_budget2,random,0.212415988681,0.212415988681,0.0525291828794,0.0528829147506,0.0820657941281,15.9886805801,0,0,0,0,True,True,True,True,random,0.212415988681,15.9886805801,0,0,0,0,True,True,True,True,random,random,True,0.828571428571,0,random,random,True,0.657142857143,0
